Principal Investigator,Expedition,OS Region,Reference Author Published year,Reference doi,Date of collection,Sample ID,Latitude,Longitude,Sampling Depth [m],Percentage Irradiance Depth (% of surface PAR),Optical Depth,CP and PP Analysis Method,CP and PP analysis Incubation Length [hours],CaCO3 production (CP) [µmol C m-3 d-1],CaCO3 production Standard Deviation [µmol C m-3 d-1],Primary Production (PP) [µmol C m-3 d-1],Primary Production Standard Deviation [µmol C m-3 d-1],Total Coccolithophore cell counts [cells mL-1],Emiliania huxleyi cell counts [cells mL-1],Chlorophyll a [mg m-3],Inorganic Nitrogen (NOx) [µM N L-1],Silicate [µM Si L-1],Phosphate [µM P L-1],Dissolved Inorganic Carbon (DIC) [μmol C kg-1],Total Alkalinity  [μmol C kg-1],Bicarbonate Ion (HCO3-) [μmol C kg-1],Carbonate Ion (CO32-) [μmol C kg-1],pH,Temperature [oC],Salinity
Balch,EqPac04,Equatorial Pacific,"Balch et al., 2011",doi: 10.1016/j.dsr2.2010.08.004,2004-12-10,2,4,-110,6.83,52,0.65,MDT,24,17.4,11.11,639.64,190.56,,,,,,,,,,,,,
Balch,EqPac04,Equatorial Pacific,"Balch et al., 2011",doi: 10.1016/j.dsr2.2010.08.004,2004-12-11,3,3,-110,11.07,52,0.65,MDT,24,25.88,3.23,773.19,43.32,,,,,,,,,,,,,
Balch,EqPac04,Equatorial Pacific,"Balch et al., 2011",doi: 10.1016/j.dsr2.2010.08.004,2004-12-11,3,3,-110,21.58,31,1.17,MDT,24,21.11,3.47,706.15,84.63,,,,,,,,,,,,,
Balch,EqPac04,Equatorial Pacific,"Balch et al., 2011",doi: 10.1016/j.dsr2.2010.08.004,2004-12-11,3,3,-110,36.56,13,2.04,MDT,24,12.13,1.9,467.41,108.2,,,,,,,,,,,,,
Balch,EqPac04,Equatorial Pacific,"Balch et al., 2011",doi: 10.1016/j.dsr2.2010.08.004,2004-12-11,3,3,-110,56.07,5,3,MDT,24,3.44,3.2,181.21,37.48,,,,,,,,,,,,,
Balch,EqPac04,Equatorial Pacific,"Balch et al., 2011",doi: 10.1016/j.dsr2.2010.08.004,2004-12-11,3,3,-110,89.25,0.8,4.83,MDT,24,2.29,0.62,21.37,13.57,,,,,,,,,,,,,
Balch,EqPac04,Equatorial Pacific,"Balch et al., 2011",doi: 10.1016/j.dsr2.2010.08.004,2004-12-11,3,3,-110,122.22,0.1,6.91,MDT,24,0.78,0.87,5,6.99,,,,,,,,,,,,,
Balch,EqPac04,Equatorial Pacific,"Balch et al., 2011",doi: 10.1016/j.dsr2.2010.08.004,2004-12-12,4,2,-110,12.75,52,0.65,MDT,24,70.01,73.63,1502.69,312.2,,,,,,,,,,,,,
Balch,EqPac04,Equatorial Pacific,"Balch et al., 2011",doi: 10.1016/j.dsr2.2010.08.004,2004-12-12,4,2,-110,23.34,31,1.17,MDT,24,63.92,38.75,1412.24,34.93,,,,,,,,,,,,,
Balch,EqPac04,Equatorial Pacific,"Balch et al., 2011",doi: 10.1016/j.dsr2.2010.08.004,2004-12-12,4,2,-110,39.28,13,2.04,MDT,24,29.42,3.54,770.11,274.53,,,,,,,,,,,,,
Balch,EqPac04,Equatorial Pacific,"Balch et al., 2011",doi: 10.1016/j.dsr2.2010.08.004,2004-12-12,4,2,-110,58.61,5,3,MDT,24,10.28,3.17,514.31,277.33,,,,,,,,,,,,,
Balch,EqPac04,Equatorial Pacific,"Balch et al., 2011",doi: 10.1016/j.dsr2.2010.08.004,2004-12-12,4,2,-110,93.76,0.8,4.83,MDT,24,12.21,17.17,391.08,228.61,,,,,,,,,,,,,
Balch,EqPac04,Equatorial Pacific,"Balch et al., 2011",doi: 10.1016/j.dsr2.2010.08.004,2004-12-13,5,1,-110,13.13,52,0.65,MDT,24,25.2,6.1,1167.39,74.76,,,,,,,,,,,,,
Balch,EqPac04,Equatorial Pacific,"Balch et al., 2011",doi: 10.1016/j.dsr2.2010.08.004,2004-12-13,5,1,-110,24.75,31,1.17,MDT,24,13.1,12.71,969.58,54.16,,,,,,,,,,,,,
Balch,EqPac04,Equatorial Pacific,"Balch et al., 2011",doi: 10.1016/j.dsr2.2010.08.004,2004-12-13,5,1,-110,40.51,13,2.04,MDT,24,17.42,3.82,693.82,52.3,,,,,,,,,,,,,
Balch,EqPac04,Equatorial Pacific,"Balch et al., 2011",doi: 10.1016/j.dsr2.2010.08.004,2004-12-13,5,1,-110,61.04,5,3,MDT,24,4.86,3.77,398.97,57.01,,,,,,,,,,,,,
Balch,EqPac04,Equatorial Pacific,"Balch et al., 2011",doi: 10.1016/j.dsr2.2010.08.004,2004-12-13,5,1,-110,97.1,0.8,4.83,MDT,24,1.96,1.5,68.03,25.34,,,,,,,,,,,,,
Balch,EqPac04,Equatorial Pacific,"Balch et al., 2011",doi: 10.1016/j.dsr2.2010.08.004,2004-12-13,5,1,-110,130.83,0.1,6.91,MDT,24,0.16,0.27,16.82,12.05,,,,,,,,,,,,,
Balch,EqPac04,Equatorial Pacific,"Balch et al., 2011",doi: 10.1016/j.dsr2.2010.08.004,2004-12-14,7,0,-110,11.82,52,0.65,MDT,24,25.37,1.09,937.74,24.38,,,,,,,,,,,,,
Balch,EqPac04,Equatorial Pacific,"Balch et al., 2011",doi: 10.1016/j.dsr2.2010.08.004,2004-12-14,7,0,-110,23.18,31,1.17,MDT,24,32.76,3.91,1132.56,79.84,,,,,,,,,,,,,
Balch,EqPac04,Equatorial Pacific,"Balch et al., 2011",doi: 10.1016/j.dsr2.2010.08.004,2004-12-14,7,0,-110,38.49,13,2.04,MDT,24,30.41,1.65,798.91,45.17,,,,,,,,,,,,,
Balch,EqPac04,Equatorial Pacific,"Balch et al., 2011",doi: 10.1016/j.dsr2.2010.08.004,2004-12-14,7,0,-110,59.47,5,3,MDT,24,8.25,3.03,490.56,175.16,,,,,,,,,,,,,
Balch,EqPac04,Equatorial Pacific,"Balch et al., 2011",doi: 10.1016/j.dsr2.2010.08.004,2004-12-14,7,0,-110,94.49,0.8,4.83,MDT,24,0.13,0.39,36.1,5.26,,,,,,,,,,,,,
Balch,EqPac04,Equatorial Pacific,"Balch et al., 2011",doi: 10.1016/j.dsr2.2010.08.004,2004-12-15,9,-1,-110,11.39,52,0.65,MDT,24,27,5.09,923.65,147.86,,,,,,,,,,,,,
Balch,EqPac04,Equatorial Pacific,"Balch et al., 2011",doi: 10.1016/j.dsr2.2010.08.004,2004-12-15,9,-1,-110,21.75,31,1.17,MDT,24,22.72,8.4,789.55,75.68,,,,,,,,,,,,,
Balch,EqPac04,Equatorial Pacific,"Balch et al., 2011",doi: 10.1016/j.dsr2.2010.08.004,2004-12-15,9,-1,-110,39.43,13,2.04,MDT,24,19.7,2.03,530.45,60.49,,,,,,,,,,,,,
Balch,EqPac04,Equatorial Pacific,"Balch et al., 2011",doi: 10.1016/j.dsr2.2010.08.004,2004-12-15,9,-1,-110,57.97,5,3,MDT,24,5.4,4.95,481.06,164.81,,,,,,,,,,,,,
Balch,EqPac04,Equatorial Pacific,"Balch et al., 2011",doi: 10.1016/j.dsr2.2010.08.004,2004-12-15,9,-1,-110,91.8,0.8,4.83,MDT,24,1.38,1.94,295,158.28,,,,,,,,,,,,,
Balch,EqPac04,Equatorial Pacific,"Balch et al., 2011",doi: 10.1016/j.dsr2.2010.08.004,2004-12-15,9,-1,-110,124.24,0.1,6.91,MDT,24,0.14,0.68,11.24,10.17,,,,,,,,,,,,,
Balch,EqPac04,Equatorial Pacific,"Balch et al., 2011",doi: 10.1016/j.dsr2.2010.08.004,2004-12-16,10,-2,-110,12.09,52,0.65,MDT,24,22.99,5.59,864.41,57.48,,,,,,,,,,,,,
Balch,EqPac04,Equatorial Pacific,"Balch et al., 2011",doi: 10.1016/j.dsr2.2010.08.004,2004-12-16,10,-2,-110,22.52,31,1.17,MDT,24,13.5,2.02,829.48,194.17,,,,,,,,,,,,,
Balch,EqPac04,Equatorial Pacific,"Balch et al., 2011",doi: 10.1016/j.dsr2.2010.08.004,2004-12-16,10,-2,-110,36.83,13,2.04,MDT,24,12.66,3.29,436.76,38.56,,,,,,,,,,,,,
Balch,EqPac04,Equatorial Pacific,"Balch et al., 2011",doi: 10.1016/j.dsr2.2010.08.004,2004-12-16,10,-2,-110,56.02,5,3,MDT,24,6.9,1.94,512.41,57.39,,,,,,,,,,,,,
Balch,EqPac04,Equatorial Pacific,"Balch et al., 2011",doi: 10.1016/j.dsr2.2010.08.004,2004-12-18,12,-4,-110,11.62,52,0.65,MDT,24,22.62,1.29,585.25,67.38,,,,,,,,,,,,,
Balch,EqPac04,Equatorial Pacific,"Balch et al., 2011",doi: 10.1016/j.dsr2.2010.08.004,2004-12-18,12,-4,-110,21.62,31,1.17,MDT,24,18.22,1.19,674.07,59.54,,,,,,,,,,,,,
Balch,EqPac04,Equatorial Pacific,"Balch et al., 2011",doi: 10.1016/j.dsr2.2010.08.004,2004-12-18,12,-4,-110,38.98,13,2.04,MDT,24,17.24,1.81,453.09,25.58,,,,,,,,,,,,,
Balch,EqPac04,Equatorial Pacific,"Balch et al., 2011",doi: 10.1016/j.dsr2.2010.08.004,2004-12-20,14,0,-116.743,10.08,52,0.65,MDT,24,44.58,0.58,1144.63,135.13,,,,,,,,,,,,,
Balch,EqPac04,Equatorial Pacific,"Balch et al., 2011",doi: 10.1016/j.dsr2.2010.08.004,2004-12-20,14,0,-116.743,16.98,31,1.17,MDT,24,38.27,7.74,1105.23,80.54,,,,,,,,,,,,,
Balch,EqPac04,Equatorial Pacific,"Balch et al., 2011",doi: 10.1016/j.dsr2.2010.08.004,2004-12-20,14,0,-116.743,30.87,13,2.04,MDT,24,29.05,3.11,708.89,41.88,,,,,,,,,,,,,
Balch,EqPac04,Equatorial Pacific,"Balch et al., 2011",doi: 10.1016/j.dsr2.2010.08.004,2004-12-20,14,0,-116.743,38.79,5,3,MDT,24,10.07,1.14,444.46,44.45,,,,,,,,,,,,,
Balch,EqPac04,Equatorial Pacific,"Balch et al., 2011",doi: 10.1016/j.dsr2.2010.08.004,2004-12-20,14,0,-116.743,45.42,0.8,4.83,MDT,24,2.74,1.1,51.74,25.27,,,,,,,,,,,,,
Balch,EqPac04,Equatorial Pacific,"Balch et al., 2011",doi: 10.1016/j.dsr2.2010.08.004,2004-12-20,14,0,-116.743,74.33,0.1,6.91,MDT,24,0.55,0.69,9.23,8.85,,,,,,,,,,,,,
Balch,EqPac04,Equatorial Pacific,"Balch et al., 2011",doi: 10.1016/j.dsr2.2010.08.004,2004-12-21,16,0,-120,8.61,52,0.65,MDT,24,29.4,0.83,969,20.68,,,,,,,,,,,,,
Balch,EqPac04,Equatorial Pacific,"Balch et al., 2011",doi: 10.1016/j.dsr2.2010.08.004,2004-12-21,16,0,-120,16.98,31,1.17,MDT,24,29.32,9.5,1058.72,212.23,,,,,,,,,,,,,
Balch,EqPac04,Equatorial Pacific,"Balch et al., 2011",doi: 10.1016/j.dsr2.2010.08.004,2004-12-21,16,0,-120,29.91,13,2.04,MDT,24,17.41,3.05,623.52,86.86,,,,,,,,,,,,,
Balch,EqPac04,Equatorial Pacific,"Balch et al., 2011",doi: 10.1016/j.dsr2.2010.08.004,2004-12-21,16,0,-120,44.47,5,3,MDT,24,8.27,1.23,348.04,34.22,,,,,,,,,,,,,
Balch,EqPac04,Equatorial Pacific,"Balch et al., 2011",doi: 10.1016/j.dsr2.2010.08.004,2004-12-21,16,0,-120,72.37,0.8,4.83,MDT,24,0.89,0.52,279.67,40.48,,,,,,,,,,,,,
Balch,EqPac04,Equatorial Pacific,"Balch et al., 2011",doi: 10.1016/j.dsr2.2010.08.004,2004-12-21,16,0,-120,96.25,0.1,6.91,MDT,24,0.64,0.42,6.06,3,,,,,,,,,,,,,
Balch,EqPac04,Equatorial Pacific,"Balch et al., 2011",doi: 10.1016/j.dsr2.2010.08.004,2004-12-22,18,0,-122.8,11.01,52,0.65,MDT,24,18.69,2.23,693.51,55.68,,,,,,,,,,,,,
Balch,EqPac04,Equatorial Pacific,"Balch et al., 2011",doi: 10.1016/j.dsr2.2010.08.004,2004-12-22,18,0,-122.8,19.7,31,1.17,MDT,24,16.73,4.26,532.23,29.05,,,,,,,,,,,,,
Balch,EqPac04,Equatorial Pacific,"Balch et al., 2011",doi: 10.1016/j.dsr2.2010.08.004,2004-12-22,18,0,-122.8,33.63,13,2.04,MDT,24,12.14,0.7,409.36,53.55,,,,,,,,,,,,,
Balch,EqPac04,Equatorial Pacific,"Balch et al., 2011",doi: 10.1016/j.dsr2.2010.08.004,2004-12-22,18,0,-122.8,51.77,5,3,MDT,24,10.54,1.12,296.47,26.49,,,,,,,,,,,,,
Balch,EqPac04,Equatorial Pacific,"Balch et al., 2011",doi: 10.1016/j.dsr2.2010.08.004,2004-12-22,18,0,-122.8,82.88,0.8,4.83,MDT,24,9.35,4.9,74.59,10.07,,,,,,,,,,,,,
Balch,EqPac04,Equatorial Pacific,"Balch et al., 2011",doi: 10.1016/j.dsr2.2010.08.004,2004-12-22,18,0,-122.8,111.97,0.1,6.91,MDT,24,0.81,0.38,9.77,2.49,,,,,,,,,,,,,
Balch,EqPac04,Equatorial Pacific,"Balch et al., 2011",doi: 10.1016/j.dsr2.2010.08.004,2004-12-23,20,0,-125.5,9.94,52,0.65,MDT,24,53.48,5.06,1598.63,260.93,,,,,,,,,,,,,
Balch,EqPac04,Equatorial Pacific,"Balch et al., 2011",doi: 10.1016/j.dsr2.2010.08.004,2004-12-23,20,0,-125.5,20.66,31,1.17,MDT,24,36.49,6.99,1282.85,147.78,,,,,,,,,,,,,
Balch,EqPac04,Equatorial Pacific,"Balch et al., 2011",doi: 10.1016/j.dsr2.2010.08.004,2004-12-23,20,0,-125.5,35.34,13,2.04,MDT,24,33.03,11.44,812.61,138.37,,,,,,,,,,,,,
Balch,EqPac04,Equatorial Pacific,"Balch et al., 2011",doi: 10.1016/j.dsr2.2010.08.004,2004-12-23,20,0,-125.5,53.24,5,3,MDT,24,18.93,3.49,606.22,79.99,,,,,,,,,,,,,
Balch,EqPac04,Equatorial Pacific,"Balch et al., 2011",doi: 10.1016/j.dsr2.2010.08.004,2004-12-23,20,0,-125.5,85.07,0.8,4.83,MDT,24,4.24,1.38,259.99,91.33,,,,,,,,,,,,,
Balch,EqPac04,Equatorial Pacific,"Balch et al., 2011",doi: 10.1016/j.dsr2.2010.08.004,2004-12-24,22,0,-128.262,10.2,52,0.65,MDT,24,44.79,4.48,1357.19,222.02,,,,,,,,,,,,,
Balch,EqPac04,Equatorial Pacific,"Balch et al., 2011",doi: 10.1016/j.dsr2.2010.08.004,2004-12-24,22,0,-128.262,20.12,31,1.17,MDT,24,30.1,5.98,1091.79,127.73,,,,,,,,,,,,,
Balch,EqPac04,Equatorial Pacific,"Balch et al., 2011",doi: 10.1016/j.dsr2.2010.08.004,2004-12-24,22,0,-128.262,35.81,13,2.04,MDT,24,27.76,9.12,690.26,117.47,,,,,,,,,,,,,
Balch,EqPac04,Equatorial Pacific,"Balch et al., 2011",doi: 10.1016/j.dsr2.2010.08.004,2004-12-24,22,0,-128.262,51.24,5,3,MDT,24,15.86,2.85,513.71,67.56,,,,,,,,,,,,,
Balch,EqPac04,Equatorial Pacific,"Balch et al., 2011",doi: 10.1016/j.dsr2.2010.08.004,2004-12-24,22,0,-128.262,84.99,0.8,4.83,MDT,24,3.43,1.16,220.96,78.26,,,,,,,,,,,,,
Balch,EqPac04,Equatorial Pacific,"Balch et al., 2011",doi: 10.1016/j.dsr2.2010.08.004,2004-12-24,22,0,-128.262,114.46,0.1,6.91,MDT,24,0.76,0.31,8.96,8.02,,,,,,,,,,,,,
Balch,EqPac04,Equatorial Pacific,"Balch et al., 2011",doi: 10.1016/j.dsr2.2010.08.004,2004-12-25,24,0,-131.642,10.07,52,0.65,MDT,24,43.22,4.76,1265.17,226.93,,,,,,,,,,,,,
Balch,EqPac04,Equatorial Pacific,"Balch et al., 2011",doi: 10.1016/j.dsr2.2010.08.004,2004-12-25,24,0,-131.642,21.36,31,1.17,MDT,24,44.93,21.64,1081.8,51.22,,,,,,,,,,,,,
Balch,EqPac04,Equatorial Pacific,"Balch et al., 2011",doi: 10.1016/j.dsr2.2010.08.004,2004-12-25,24,0,-131.642,33.86,13,2.04,MDT,24,25.45,0.84,559.66,89.72,,,,,,,,,,,,,
Balch,EqPac04,Equatorial Pacific,"Balch et al., 2011",doi: 10.1016/j.dsr2.2010.08.004,2004-12-25,24,0,-131.642,51.01,5,3,MDT,24,12.22,1.89,435.51,73.01,,,,,,,,,,,,,
Balch,EqPac04,Equatorial Pacific,"Balch et al., 2011",doi: 10.1016/j.dsr2.2010.08.004,2004-12-25,24,0,-131.642,81.51,0.8,4.83,MDT,24,1.84,1.19,311.35,124.38,,,,,,,,,,,,,
Balch,EqPac04,Equatorial Pacific,"Balch et al., 2011",doi: 10.1016/j.dsr2.2010.08.004,2004-12-26,26,0,-135.2,10.89,52,0.65,MDT,24,39.13,11.89,1632.86,132.59,,,,,,,,,,,,,
Balch,EqPac04,Equatorial Pacific,"Balch et al., 2011",doi: 10.1016/j.dsr2.2010.08.004,2004-12-26,26,0,-135.2,20.9,31,1.17,MDT,24,36.07,1.26,1183.4,10.51,,,,,,,,,,,,,
Balch,EqPac04,Equatorial Pacific,"Balch et al., 2011",doi: 10.1016/j.dsr2.2010.08.004,2004-12-26,26,0,-135.2,34.34,13,2.04,MDT,24,26.75,3.84,712.14,73.31,,,,,,,,,,,,,
Balch,EqPac04,Equatorial Pacific,"Balch et al., 2011",doi: 10.1016/j.dsr2.2010.08.004,2004-12-26,26,0,-135.2,52.86,5,3,MDT,24,12.51,6.02,583.67,64.02,,,,,,,,,,,,,
Balch,EqPac04,Equatorial Pacific,"Balch et al., 2011",doi: 10.1016/j.dsr2.2010.08.004,2004-12-26,26,0,-135.2,82.29,0.8,4.83,MDT,24,1.82,0.49,189.26,24.21,,,,,,,,,,,,,
Balch,EqPac04,Equatorial Pacific,"Balch et al., 2011",doi: 10.1016/j.dsr2.2010.08.004,2004-12-26,26,0,-135.2,112.4,0.1,6.91,MDT,24,0.07,0.57,13.92,11.72,,,,,,,,,,,,,
Balch,EqPac04,Equatorial Pacific,"Balch et al., 2011",doi: 10.1016/j.dsr2.2010.08.004,2004-12-27,28,0,-138.677,10.17,52,0.65,MDT,24,16.73,5.42,1271.25,163.1,,,,,,,,,,,,,
Balch,EqPac04,Equatorial Pacific,"Balch et al., 2011",doi: 10.1016/j.dsr2.2010.08.004,2004-12-27,28,0,-138.677,20.8,31,1.17,MDT,24,32.85,6.68,1084.5,244.75,,,,,,,,,,,,,
Balch,EqPac04,Equatorial Pacific,"Balch et al., 2011",doi: 10.1016/j.dsr2.2010.08.004,2004-12-27,28,0,-138.677,33.2,13,2.04,MDT,24,18.2,1.34,632.37,12.38,,,,,,,,,,,,,
Balch,EqPac04,Equatorial Pacific,"Balch et al., 2011",doi: 10.1016/j.dsr2.2010.08.004,2004-12-27,28,0,-138.677,50.13,5,3,MDT,24,17.02,3.15,757.67,171.27,,,,,,,,,,,,,
Balch,EqPac04,Equatorial Pacific,"Balch et al., 2011",doi: 10.1016/j.dsr2.2010.08.004,2004-12-27,28,0,-138.677,84.27,0.8,4.83,MDT,24,3.95,1.38,279.04,50.33,,,,,,,,,,,,,
Balch,EqPac04,Equatorial Pacific,"Balch et al., 2011",doi: 10.1016/j.dsr2.2010.08.004,2004-12-27,28,0,-138.677,111.07,0.1,6.91,MDT,24,2.68,3.19,164.5,125.31,,,,,,,,,,,,,
Balch,EqPac04,Equatorial Pacific,"Balch et al., 2011",doi: 10.1016/j.dsr2.2010.08.004,2004-12-28,29,0,-140,10.64,52,0.65,MDT,24,30.32,2.38,1350.58,105.86,,,,,,,,,,,,,
Balch,EqPac04,Equatorial Pacific,"Balch et al., 2011",doi: 10.1016/j.dsr2.2010.08.004,2004-12-28,29,0,-140,19.8,31,1.17,MDT,24,41.44,9.97,1332.7,165.53,,,,,,,,,,,,,
Balch,EqPac04,Equatorial Pacific,"Balch et al., 2011",doi: 10.1016/j.dsr2.2010.08.004,2004-12-28,29,0,-140,35.27,13,2.04,MDT,24,20.01,4.74,722.17,164.87,,,,,,,,,,,,,
Balch,EqPac04,Equatorial Pacific,"Balch et al., 2011",doi: 10.1016/j.dsr2.2010.08.004,2004-12-28,29,0,-140,52.41,5,3,MDT,24,10.86,4.41,391.51,54.39,,,,,,,,,,,,,
Balch,EqPac04,Equatorial Pacific,"Balch et al., 2011",doi: 10.1016/j.dsr2.2010.08.004,2004-12-28,29,0,-140,82.43,0.8,4.83,MDT,24,1.9,1.02,178.4,27.75,,,,,,,,,,,,,
Balch,EqPac04,Equatorial Pacific,"Balch et al., 2011",doi: 10.1016/j.dsr2.2010.08.004,2004-12-28,29,0,-140,111.35,0.1,6.91,MDT,24,1.91,4.57,29.54,27.05,,,,,,,,,,,,,
Balch,EqPac05,Equatorial Pacific,"Balch et al., 2011",doi: 10.1016/j.dsr2.2010.08.004,2005-09-08,1,4,-140,9.931,52,0.65,MDT,24,30,0.83,977.5,20.83,,,,,,,,,,,,,
Balch,EqPac05,Equatorial Pacific,"Balch et al., 2011",doi: 10.1016/j.dsr2.2010.08.004,2005-09-08,1,4,-140,19.793,31,1.17,MDT,24,29.17,9.17,1067.5,214.17,,,,,,,,,,,,,
Balch,EqPac05,Equatorial Pacific,"Balch et al., 2011",doi: 10.1016/j.dsr2.2010.08.004,2005-09-08,1,4,-140,27.746,13,2.04,MDT,24,17.5,3.33,628.33,87.5,,,,,,,,,,,,,
Balch,EqPac05,Equatorial Pacific,"Balch et al., 2011",doi: 10.1016/j.dsr2.2010.08.004,2005-09-08,1,4,-140,35.541,5,3,MDT,24,8.33,0.83,350.83,34.17,,,,,,,,,,,,,
Balch,EqPac05,Equatorial Pacific,"Balch et al., 2011",doi: 10.1016/j.dsr2.2010.08.004,2005-09-08,1,4,-140,65.105,0.8,4.83,MDT,24,0.83,0.83,281.67,40.83,,,,,,,,,,,,,
Balch,EqPac05,Equatorial Pacific,"Balch et al., 2011",doi: 10.1016/j.dsr2.2010.08.004,2005-09-08,1,4,-140,95.969,0.1,6.91,MDT,24,0.83,0.83,5.83,3.33,,,,,,,,,,,,,
Balch,EqPac05,Equatorial Pacific,"Balch et al., 2011",doi: 10.1016/j.dsr2.2010.08.004,2005-09-09,3,2.5,-140,11.829,52,0.65,MDT,24,23.33,7.5,536.67,5.83,,,,,,,,,,,,,
Balch,EqPac05,Equatorial Pacific,"Balch et al., 2011",doi: 10.1016/j.dsr2.2010.08.004,2005-09-09,3,2.5,-140,18.933,31,1.17,MDT,24,32.5,4.17,561.67,97.5,,,,,,,,,,,,,
Balch,EqPac05,Equatorial Pacific,"Balch et al., 2011",doi: 10.1016/j.dsr2.2010.08.004,2005-09-09,3,2.5,-140,31.549,13,2.04,MDT,24,21.67,3.33,420.83,29.17,,,,,,,,,,,,,
Balch,EqPac05,Equatorial Pacific,"Balch et al., 2011",doi: 10.1016/j.dsr2.2010.08.004,2005-09-09,3,2.5,-140,45.447,5,3,MDT,24,5,0.83,137.5,7.5,,,,,,,,,,,,,
Balch,EqPac05,Equatorial Pacific,"Balch et al., 2011",doi: 10.1016/j.dsr2.2010.08.004,2005-09-09,3,2.5,-140,73.371,0.8,4.83,MDT,24,0.83,,42.5,3.33,,,,,,,,,,,,,
Balch,EqPac05,Equatorial Pacific,"Balch et al., 2011",doi: 10.1016/j.dsr2.2010.08.004,2005-09-10,5,1,-140,11.503,52,0.65,MDT,24,5.83,0.83,764.17,65.83,,,,,,,,,,,,,
Balch,EqPac05,Equatorial Pacific,"Balch et al., 2011",doi: 10.1016/j.dsr2.2010.08.004,2005-09-10,5,1,-140,20.354,31,1.17,MDT,24,24.17,4.17,1011.67,217.5,,,,,,,,,,,,,
Balch,EqPac05,Equatorial Pacific,"Balch et al., 2011",doi: 10.1016/j.dsr2.2010.08.004,2005-09-10,5,1,-140,32.966,13,2.04,MDT,24,27.5,5.83,846.67,114.17,,,,,,,,,,,,,
Balch,EqPac05,Equatorial Pacific,"Balch et al., 2011",doi: 10.1016/j.dsr2.2010.08.004,2005-09-10,5,1,-140,49.499,5,3,MDT,24,5.83,1.67,865,61.67,,,,,,,,,,,,,
Balch,EqPac05,Equatorial Pacific,"Balch et al., 2011",doi: 10.1016/j.dsr2.2010.08.004,2005-09-10,5,1,-140,76.382,0.8,4.83,MDT,24,5,2.5,779.17,220.83,,,,,,,,,,,,,
Balch,EqPac05,Equatorial Pacific,"Balch et al., 2011",doi: 10.1016/j.dsr2.2010.08.004,2005-09-10,5,1,-140,109.437,0.1,6.91,MDT,24,1.67,0.83,362.5,84.17,,,,,,,,,,,,,
Balch,EqPac05,Equatorial Pacific,"Balch et al., 2011",doi: 10.1016/j.dsr2.2010.08.004,2005-09-11,7,0.5,-140,12.509,52,0.65,MDT,24,50.83,2.5,1650.83,258.33,,,,,,,,,,,,,
Balch,EqPac05,Equatorial Pacific,"Balch et al., 2011",doi: 10.1016/j.dsr2.2010.08.004,2005-09-11,7,0.5,-140,19.482,31,1.17,MDT,24,40,1.67,1515.83,116.67,,,,,,,,,,,,,
Balch,EqPac05,Equatorial Pacific,"Balch et al., 2011",doi: 10.1016/j.dsr2.2010.08.004,2005-09-11,7,0.5,-140,31.835,13,2.04,MDT,24,34.17,3.33,1265,29.17,,,,,,,,,,,,,
Balch,EqPac05,Equatorial Pacific,"Balch et al., 2011",doi: 10.1016/j.dsr2.2010.08.004,2005-09-11,7,0.5,-140,46.031,5,3,MDT,24,10,1.67,755,228.33,,,,,,,,,,,,,
Balch,EqPac05,Equatorial Pacific,"Balch et al., 2011",doi: 10.1016/j.dsr2.2010.08.004,2005-09-11,7,0.5,-140,74.448,0.8,4.83,MDT,24,0.83,0.83,433.33,40.83,,,,,,,,,,,,,
Balch,EqPac05,Equatorial Pacific,"Balch et al., 2011",doi: 10.1016/j.dsr2.2010.08.004,2005-09-11,7,0.5,-140,95.997,0.1,6.91,MDT,24,0.83,,524.17,78.33,,,,,,,,,,,,,
Balch,EqPac05,Equatorial Pacific,"Balch et al., 2011",doi: 10.1016/j.dsr2.2010.08.004,2005-09-12,9,0,-140,10.689,52,0.65,MDT,24,37.5,5,1017.5,158.33,,,,,,,,,,,,,
Balch,EqPac05,Equatorial Pacific,"Balch et al., 2011",doi: 10.1016/j.dsr2.2010.08.004,2005-09-12,9,0,-140,17.865,31,1.17,MDT,24,33.33,11.67,995.83,188.33,,,,,,,,,,,,,
Balch,EqPac05,Equatorial Pacific,"Balch et al., 2011",doi: 10.1016/j.dsr2.2010.08.004,2005-09-12,9,0,-140,30.367,13,2.04,MDT,24,24.17,0.83,1299.17,399.17,,,,,,,,,,,,,
Balch,EqPac05,Equatorial Pacific,"Balch et al., 2011",doi: 10.1016/j.dsr2.2010.08.004,2005-09-12,9,0,-140,43.679,5,3,MDT,24,10.83,5,559.17,122.5,,,,,,,,,,,,,
Balch,EqPac05,Equatorial Pacific,"Balch et al., 2011",doi: 10.1016/j.dsr2.2010.08.004,2005-09-12,9,0,-140,70.607,0.8,4.83,MDT,24,1.67,0.83,398.33,112.5,,,,,,,,,,,,,
Balch,EqPac05,Equatorial Pacific,"Balch et al., 2011",doi: 10.1016/j.dsr2.2010.08.004,2005-09-12,9,0,-140,98.404,0.1,6.91,MDT,24,1.67,,399.17,74.17,,,,,,,,,,,,,
Balch,EqPac05,Equatorial Pacific,"Balch et al., 2011",doi: 10.1016/j.dsr2.2010.08.004,2005-09-13,11,-0.5,-140,11.43,52,0.65,MDT,24,14.17,2.5,828.33,48.33,,,,,,,,,,,,,
Balch,EqPac05,Equatorial Pacific,"Balch et al., 2011",doi: 10.1016/j.dsr2.2010.08.004,2005-09-13,11,-0.5,-140,18.236,31,1.17,MDT,24,17.5,4.17,972.5,173.33,,,,,,,,,,,,,
Balch,EqPac05,Equatorial Pacific,"Balch et al., 2011",doi: 10.1016/j.dsr2.2010.08.004,2005-09-13,11,-0.5,-140,29.806,13,2.04,MDT,24,15,5,952.5,75.83,,,,,,,,,,,,,
Balch,EqPac05,Equatorial Pacific,"Balch et al., 2011",doi: 10.1016/j.dsr2.2010.08.004,2005-09-13,11,-0.5,-140,43.67,5,3,MDT,24,8.33,3.33,469.17,25.83,,,,,,,,,,,,,
Balch,EqPac05,Equatorial Pacific,"Balch et al., 2011",doi: 10.1016/j.dsr2.2010.08.004,2005-09-13,11,-0.5,-140,68.526,0.8,4.83,MDT,24,3.33,0.83,326.67,40.83,,,,,,,,,,,,,
Balch,EqPac05,Equatorial Pacific,"Balch et al., 2011",doi: 10.1016/j.dsr2.2010.08.004,2005-09-13,11,-0.5,-140,94.96,0.1,6.91,MDT,24,4.17,3.33,166.67,45.83,,,,,,,,,,,,,
Balch,EqPac05,Equatorial Pacific,"Balch et al., 2011",doi: 10.1016/j.dsr2.2010.08.004,2005-09-14,13,-1,-140,11.611,52,0.65,MDT,24,26.67,4.17,1070.83,71.67,,,,,,,,,,,,,
Balch,EqPac05,Equatorial Pacific,"Balch et al., 2011",doi: 10.1016/j.dsr2.2010.08.004,2005-09-14,13,-1,-140,18.471,31,1.17,MDT,24,24.17,3.33,1257.5,157.5,,,,,,,,,,,,,
Balch,EqPac05,Equatorial Pacific,"Balch et al., 2011",doi: 10.1016/j.dsr2.2010.08.004,2005-09-14,13,-1,-140,30.518,13,2.04,MDT,24,22.5,0.83,1000.83,63.33,,,,,,,,,,,,,
Balch,EqPac05,Equatorial Pacific,"Balch et al., 2011",doi: 10.1016/j.dsr2.2010.08.004,2005-09-14,13,-1,-140,44.181,5,3,MDT,24,9.17,1.67,556.67,103.33,,,,,,,,,,,,,
Balch,EqPac05,Equatorial Pacific,"Balch et al., 2011",doi: 10.1016/j.dsr2.2010.08.004,2005-09-14,13,-1,-140,68.031,0.8,4.83,MDT,24,1.67,0.83,288.33,46.67,,,,,,,,,,,,,
Balch,EqPac05,Equatorial Pacific,"Balch et al., 2011",doi: 10.1016/j.dsr2.2010.08.004,2005-09-14,13,-1,-140,97.626,0.1,6.91,MDT,24,5.83,3.33,193.33,43.33,,,,,,,,,,,,,
Balch,EqPac05,Equatorial Pacific,"Balch et al., 2011",doi: 10.1016/j.dsr2.2010.08.004,2005-09-15,15,-2.5,-140,12.536,52,0.65,MDT,24,12.5,1.67,644.17,111.67,,,,,,,,,,,,,
Balch,EqPac05,Equatorial Pacific,"Balch et al., 2011",doi: 10.1016/j.dsr2.2010.08.004,2005-09-15,15,-2.5,-140,19.36,31,1.17,MDT,24,15.83,3.33,713.33,38.33,,,,,,,,,,,,,
Balch,EqPac05,Equatorial Pacific,"Balch et al., 2011",doi: 10.1016/j.dsr2.2010.08.004,2005-09-15,15,-2.5,-140,32.287,13,2.04,MDT,24,21.67,,680.83,118.33,,,,,,,,,,,,,
Balch,EqPac05,Equatorial Pacific,"Balch et al., 2011",doi: 10.1016/j.dsr2.2010.08.004,2005-09-15,15,-2.5,-140,45.079,5,3,MDT,24,9.17,1.67,293.33,33.33,,,,,,,,,,,,,
Balch,EqPac05,Equatorial Pacific,"Balch et al., 2011",doi: 10.1016/j.dsr2.2010.08.004,2005-09-15,15,-2.5,-140,71.683,0.8,4.83,MDT,24,0.83,0.83,191.67,4.17,,,,,,,,,,,,,
Balch,EqPac05,Equatorial Pacific,"Balch et al., 2011",doi: 10.1016/j.dsr2.2010.08.004,2005-09-18,18,0.5,-132.5,10.247,52,0.65,MDT,24,16.67,4.17,815.83,122.5,,,,,,,,,,,,,
Balch,EqPac05,Equatorial Pacific,"Balch et al., 2011",doi: 10.1016/j.dsr2.2010.08.004,2005-09-18,18,0.5,-132.5,17.539,31,1.17,MDT,24,20,2.5,737.5,47.5,,,,,,,,,,,,,
Balch,EqPac05,Equatorial Pacific,"Balch et al., 2011",doi: 10.1016/j.dsr2.2010.08.004,2005-09-18,18,0.5,-132.5,45.866,5,3,MDT,24,8.33,1.67,324.17,29.17,,,,,,,,,,,,,
Balch,EqPac05,Equatorial Pacific,"Balch et al., 2011",doi: 10.1016/j.dsr2.2010.08.004,2005-09-18,18,0.5,-132.5,73.735,0.8,4.83,MDT,24,2.5,0.83,124.17,10,,,,,,,,,,,,,
Balch,EqPac05,Equatorial Pacific,"Balch et al., 2011",doi: 10.1016/j.dsr2.2010.08.004,2005-09-18,18,0.5,-132.5,98.462,0.1,6.91,MDT,24,2.5,1.67,112.5,15.83,,,,,,,,,,,,,
Balch,EqPac05,Equatorial Pacific,"Balch et al., 2011",doi: 10.1016/j.dsr2.2010.08.004,2005-09-19,19,0.5,-129.927,11.109,52,0.65,MDT,24,25.83,3.33,930.83,69.17,,,,,,,,,,,,,
Balch,EqPac05,Equatorial Pacific,"Balch et al., 2011",doi: 10.1016/j.dsr2.2010.08.004,2005-09-19,19,0.5,-129.927,19.097,31,1.17,MDT,24,26.67,6.67,812.5,43.33,,,,,,,,,,,,,
Balch,EqPac05,Equatorial Pacific,"Balch et al., 2011",doi: 10.1016/j.dsr2.2010.08.004,2005-09-19,19,0.5,-129.927,45.501,5,3,MDT,24,13.33,3.33,498.33,153.33,,,,,,,,,,,,,
Balch,EqPac05,Equatorial Pacific,"Balch et al., 2011",doi: 10.1016/j.dsr2.2010.08.004,2005-09-19,19,0.5,-129.927,71.615,0.8,4.83,MDT,24,3.33,0.83,225,97.5,,,,,,,,,,,,,
Balch,EqPac05,Equatorial Pacific,"Balch et al., 2011",doi: 10.1016/j.dsr2.2010.08.004,2005-09-21,21,0.5,-125.6,11.558,52,0.65,MDT,24,30.83,3.33,947.5,108.33,,,,,,,,,,,,,
Balch,EqPac05,Equatorial Pacific,"Balch et al., 2011",doi: 10.1016/j.dsr2.2010.08.004,2005-09-21,21,0.5,-125.6,18.15,31,1.17,MDT,24,38.33,2.5,1160,135.83,,,,,,,,,,,,,
Balch,EqPac05,Equatorial Pacific,"Balch et al., 2011",doi: 10.1016/j.dsr2.2010.08.004,2005-09-21,21,0.5,-125.6,43.886,5,3,MDT,24,12.5,3.33,542.5,52.5,,,,,,,,,,,,,
Balch,EqPac05,Equatorial Pacific,"Balch et al., 2011",doi: 10.1016/j.dsr2.2010.08.004,2005-09-21,21,0.5,-125.6,69.449,0.8,4.83,MDT,24,0.83,0.83,112.5,3.33,,,,,,,,,,,,,
Balch,EqPac05,Equatorial Pacific,"Balch et al., 2011",doi: 10.1016/j.dsr2.2010.08.004,2005-09-21,21,0.5,-125.6,93.115,0.1,6.91,MDT,24,1.67,0.83,64.17,20.83,,,,,,,,,,,,,
Balch,EqPac05,Equatorial Pacific,"Balch et al., 2011",doi: 10.1016/j.dsr2.2010.08.004,2005-09-22,22,0.5,-123.4,10.206,52,0.65,MDT,24,13.33,6.67,487.5,132.5,,,,,,,,,,,,,
Balch,EqPac05,Equatorial Pacific,"Balch et al., 2011",doi: 10.1016/j.dsr2.2010.08.004,2005-09-22,22,0.5,-123.4,17.712,31,1.17,MDT,24,30.83,12.5,836.67,23.33,,,,,,,,,,,,,
Balch,EqPac05,Equatorial Pacific,"Balch et al., 2011",doi: 10.1016/j.dsr2.2010.08.004,2005-09-22,22,0.5,-123.4,42.298,5,3,MDT,24,8.33,,406.67,35,,,,,,,,,,,,,
Balch,EqPac05,Equatorial Pacific,"Balch et al., 2011",doi: 10.1016/j.dsr2.2010.08.004,2005-09-22,22,0.5,-123.4,69.559,0.8,4.83,MDT,24,5,2.5,200.83,24.17,,,,,,,,,,,,,
Balch,EqPac05,Equatorial Pacific,"Balch et al., 2011",doi: 10.1016/j.dsr2.2010.08.004,2005-09-22,22,0.5,-123.4,98.527,0.1,6.91,MDT,24,0.83,0.83,143.33,45,,,,,,,,,,,,,
Balch,EqPac05,Equatorial Pacific,"Balch et al., 2011",doi: 10.1016/j.dsr2.2010.08.004,2005-09-23,23,1.75,-125,11.243,52,0.65,MDT,24,31.67,8.33,784.17,65.83,,,,,,,,,,,,,
Balch,EqPac05,Equatorial Pacific,"Balch et al., 2011",doi: 10.1016/j.dsr2.2010.08.004,2005-09-23,23,1.75,-125,18.354,31,1.17,MDT,24,17.5,1.67,668.33,47.5,,,,,,,,,,,,,
Balch,EqPac05,Equatorial Pacific,"Balch et al., 2011",doi: 10.1016/j.dsr2.2010.08.004,2005-09-23,23,1.75,-125,43.226,5,3,MDT,24,1.67,,362.5,34.17,,,,,,,,,,,,,
Balch,EqPac05,Equatorial Pacific,"Balch et al., 2011",doi: 10.1016/j.dsr2.2010.08.004,2005-09-23,23,1.75,-125,68.638,0.8,4.83,MDT,24,0.83,0.83,124.17,49.17,,,,,,,,,,,,,
Balch,GNATS,Gulf of Maine,"Balch et al., 2022",doi: 10.3354/meps09555,2001-06-26,UW_560,43.728,-67.253,1,90,0.11,MDT,12,15.06,2.06,1901.13,180.48,,,0.47,,,,,,,,,,
Balch,GNATS,Gulf of Maine,"Balch et al., 2022",doi: 10.3354/meps09555,2001-09-06,UW_561,43.753,-66.77,1,90,0.11,MDT,12,277.05,423.41,24657.28,772.96,,,1.78,,,,,,,,,,
Balch,GNATS,Gulf of Maine,"Balch et al., 2022",doi: 10.3354/meps09555,2001-09-16,UW_563,43.745,-66.943,1,90,0.11,MDT,12,3.24,18.11,19133.59,41.39,,,2.08,,,,,,,,,,
Balch,GNATS,Gulf of Maine,"Balch et al., 2022",doi: 10.3354/meps09555,2001-09-16,UW_562,43.757,-66.613,1,90,0.11,MDT,12,219.81,112.13,65618.11,8033.54,,,4.19,,,,,,,,,,
Balch,GNATS,Gulf of Maine,"Balch et al., 2022",doi: 10.3354/meps09555,2001-10-09,UW_564,43.769,-66.29,1,90,0.11,MDT,12,3845.95,1319.15,4696.93,1027.41,,,1.46,,,,,,,,,,
Balch,GNATS,Gulf of Maine,"Balch et al., 2022",doi: 10.3354/meps09555,2001-10-16,UW_566,43.714,-67.723,1,90,0.11,MDT,12,2499.83,1557.64,7219.54,149.97,,,1.16,,,,,,,,,,
Balch,GNATS,Gulf of Maine,"Balch et al., 2022",doi: 10.3354/meps09555,2001-10-16,UW_565,43.763,-66.519,1,90,0.11,MDT,12,21923.51,6081.34,12471.54,1838.93,,,2.71,,,,,,,,,,
Balch,GNATS,Gulf of Maine,"Balch et al., 2022",doi: 10.3354/meps09555,2002-05-11,UW_469,43.686,-68.358,1,90,0.11,MDT,12,0.32,0.74,5304.04,168.68,,,1.55,7.52,9.27,0.69,,,,,,,
Balch,GNATS,Gulf of Maine,"Balch et al., 2022",doi: 10.3354/meps09555,2002-05-11,UW_467,43.719,-67.523,1,90,0.11,MDT,12,2.85,,4450.71,,,,,,,,,,,,,,
Balch,GNATS,Gulf of Maine,"Balch et al., 2022",doi: 10.3354/meps09555,2002-05-11,UW_466,43.742,-67.132,1,90,0.11,MDT,12,3.3,,3341.23,,,,,,,,,,,,,,
Balch,GNATS,Gulf of Maine,"Balch et al., 2022",doi: 10.3354/meps09555,2002-05-11,UW_465,43.753,-66.705,1,90,0.11,MDT,12,4.18,2.74,3884.32,552.07,,,3.28,,,,,,,,,,
Balch,GNATS,Gulf of Maine,"Balch et al., 2022",doi: 10.3354/meps09555,2002-05-11,UW_468,43.699,-68.009,1,90,0.11,MDT,12,28.95,15.37,18390.24,2406.75,,,11.52,1.18,3.24,0.36,,,,,,,
Balch,GNATS,Gulf of Maine,"Balch et al., 2022",doi: 10.3354/meps09555,2002-05-11,UW_471,43.65,-69.159,1,90,0.11,MDT,12,92.14,,23390.46,,,,,,,,,,,,,,
Balch,GNATS,Gulf of Maine,"Balch et al., 2022",doi: 10.3354/meps09555,2002-05-11,UW_470,43.671,-68.739,1,90,0.11,MDT,12,587.55,221.03,25006.54,2921.56,,,12.65,0.21,2.05,0.26,,,,,,,
Balch,GNATS,Gulf of Maine,"Balch et al., 2022",doi: 10.3354/meps09555,2002-05-22,UW_478,43.667,-68.808,1,90,0.11,MDT,12,8.71,,6673.65,,,,,,,,,,,,,,
Balch,GNATS,Gulf of Maine,"Balch et al., 2022",doi: 10.3354/meps09555,2002-05-22,UW_476,43.701,-67.877,1,90,0.11,MDT,12,9.1,,8096.65,,,,,,,,,,,,,,
Balch,GNATS,Gulf of Maine,"Balch et al., 2022",doi: 10.3354/meps09555,2002-05-22,UW_479,43.652,-69.204,1,90,0.11,MDT,12,12.81,,11297.9,,,,,,,,,,,,,,
Balch,GNATS,Gulf of Maine,"Balch et al., 2022",doi: 10.3354/meps09555,2002-05-22,UW_474,43.736,-67.101,1,90,0.11,MDT,12,137.48,,3289.66,,,,,,,,,,,,,,
Balch,GNATS,Gulf of Maine,"Balch et al., 2022",doi: 10.3354/meps09555,2002-05-22,UW_477,43.681,-68.419,1,90,0.11,MDT,12,4368.19,,34615.63,,,,,,,,,,,,,,
Balch,GNATS,Gulf of Maine,"Balch et al., 2022",doi: 10.3354/meps09555,2002-06-03,UW_481,43.756,-66.652,1,90,0.11,MDT,12,0.84,,6750.82,,,,,,,,,,,,,,
Balch,GNATS,Gulf of Maine,"Balch et al., 2022",doi: 10.3354/meps09555,2002-06-03,UW_482,43.725,-67.087,1,90,0.11,MDT,12,8.93,,12155.19,,,,,,,,,,,,,,
Balch,GNATS,Gulf of Maine,"Balch et al., 2022",doi: 10.3354/meps09555,2002-06-03,UW_487,43.653,-69.051,1,90,0.11,MDT,12,12.3,,12728.89,,,,,,,,,,,,,,
Balch,GNATS,Gulf of Maine,"Balch et al., 2022",doi: 10.3354/meps09555,2002-06-03,UW_483,43.722,-67.423,1,90,0.11,MDT,12,13.64,,8284.08,,,,,,,,,,,,,,
Balch,GNATS,Gulf of Maine,"Balch et al., 2022",doi: 10.3354/meps09555,2002-06-03,UW_486,43.661,-68.639,1,90,0.11,MDT,12,17.14,,16050.78,,,,,,,,,,,,,,
Balch,GNATS,Gulf of Maine,"Balch et al., 2022",doi: 10.3354/meps09555,2002-06-19,UW_490,43.722,-67.268,1,90,0.11,MDT,12,5.62,,1973.39,,,,,,,,,,,,,,
Balch,GNATS,Gulf of Maine,"Balch et al., 2022",doi: 10.3354/meps09555,2002-06-19,UW_495,43.652,-69.179,1,90,0.11,MDT,12,6.21,,2763.35,,,,,,,,,,,,,,
Balch,GNATS,Gulf of Maine,"Balch et al., 2022",doi: 10.3354/meps09555,2002-06-19,UW_488,43.767,-66.381,1,90,0.11,MDT,12,18.43,,3016.33,,,,,,,,,,,,,,
Balch,GNATS,Gulf of Maine,"Balch et al., 2022",doi: 10.3354/meps09555,2002-06-19,UW_493,43.681,-68.386,1,90,0.11,MDT,12,19.67,,3029.36,,,,,,,,,,,,,,
Balch,GNATS,Gulf of Maine,"Balch et al., 2022",doi: 10.3354/meps09555,2002-06-19,UW_491,43.708,-67.749,1,90,0.11,MDT,12,20.02,,4107.04,,,,,,,,,,,,,,
Balch,GNATS,Gulf of Maine,"Balch et al., 2022",doi: 10.3354/meps09555,2002-06-19,UW_492,43.7,-68.019,1,90,0.11,MDT,12,22.22,,3975.9,,,,,,,,,,,,,,
Balch,GNATS,Gulf of Maine,"Balch et al., 2022",doi: 10.3354/meps09555,2002-06-19,UW_489,43.752,-66.789,1,90,0.11,MDT,12,71.8,,4374.1,,,,,,,,,,,,,,
Balch,GNATS,Gulf of Maine,"Balch et al., 2022",doi: 10.3354/meps09555,2002-06-19,UW_494,43.664,-68.79,1,90,0.11,MDT,12,1038.31,,16590.37,,,,,,,,,,,,,,
Balch,GNATS,Gulf of Maine,"Balch et al., 2022",doi: 10.3354/meps09555,2002-07-10,UW_503,43.649,-69.233,1,90,0.11,MDT,12,10.49,,7066.56,,,,,,,,,,,,,,
Balch,GNATS,Gulf of Maine,"Balch et al., 2022",doi: 10.3354/meps09555,2002-07-10,UW_502,43.666,-68.804,1,90,0.11,MDT,12,11.24,,5828.27,,,,,,,,,,,,,,
Balch,GNATS,Gulf of Maine,"Balch et al., 2022",doi: 10.3354/meps09555,2002-07-10,UW_496,43.765,-66.429,1,90,0.11,MDT,12,22.71,,14193.4,,,,,,,,,,,,,,
Balch,GNATS,Gulf of Maine,"Balch et al., 2022",doi: 10.3354/meps09555,2002-07-10,UW_501,43.687,-68.274,1,90,0.11,MDT,12,151.97,,12632.11,,,,,,,,,,,,,,
Balch,GNATS,Gulf of Maine,"Balch et al., 2022",doi: 10.3354/meps09555,2002-07-10,UW_497,43.743,-66.951,1,90,0.11,MDT,12,175.95,,18309.97,,,,,,,,,,,,,,
Balch,GNATS,Gulf of Maine,"Balch et al., 2022",doi: 10.3354/meps09555,2002-07-10,UW_499,43.706,-67.803,1,90,0.11,MDT,12,180.61,,3963.25,,,,,,,,,,,,,,
Balch,GNATS,Gulf of Maine,"Balch et al., 2022",doi: 10.3354/meps09555,2002-07-10,UW_498,43.728,-67.34,1,90,0.11,MDT,12,192.96,,8279.92,,,,,,,,,,,,,,
Balch,GNATS,Gulf of Maine,"Balch et al., 2022",doi: 10.3354/meps09555,2002-07-10,UW_500,43.699,-68.031,1,90,0.11,MDT,12,279.58,,5832.71,,,,,,,,,,,,,,
Balch,GNATS,Gulf of Maine,"Balch et al., 2022",doi: 10.3354/meps09555,2002-07-11,UW_510,43.67,-68.694,1,90,0.11,MDT,12,58.3,,12943.57,,,,,,,,,,,,,,
Balch,GNATS,Gulf of Maine,"Balch et al., 2022",doi: 10.3354/meps09555,2002-07-11,UW_509,43.687,-68.3,1,90,0.11,MDT,12,140.53,,13368.86,,,,,,,,,,,,,,
Balch,GNATS,Gulf of Maine,"Balch et al., 2022",doi: 10.3354/meps09555,2002-07-11,UW_504,43.771,-66.325,1,90,0.11,MDT,12,175.95,,60742.25,,,,,,,,,,,,,,
Balch,GNATS,Gulf of Maine,"Balch et al., 2022",doi: 10.3354/meps09555,2002-07-11,UW_506,43.735,-67.15,1,90,0.11,MDT,12,210.97,,22063.91,,,,,,,,,,,,,,
Balch,GNATS,Gulf of Maine,"Balch et al., 2022",doi: 10.3354/meps09555,2002-07-11,UW_507,43.714,-67.617,1,90,0.11,MDT,12,229.49,,5164.5,,,,,,,,,,,,,,
Balch,GNATS,Gulf of Maine,"Balch et al., 2022",doi: 10.3354/meps09555,2002-07-11,UW_508,43.707,-67.863,1,90,0.11,MDT,12,312.19,,4979.03,,,,,,,,,,,,,,
Balch,GNATS,Gulf of Maine,"Balch et al., 2022",doi: 10.3354/meps09555,2002-07-11,UW_505,43.751,-66.749,1,90,0.11,MDT,12,357.46,,35848.12,,,,,,,,,,,,,,
Balch,GNATS,Gulf of Maine,"Balch et al., 2022",doi: 10.3354/meps09555,2002-07-11,UW_511,43.653,-69.096,1,90,0.11,MDT,12,8398.15,,5909.2,,,,,,,,,,,,,,
Balch,GNATS,Gulf of Maine,"Balch et al., 2022",doi: 10.3354/meps09555,2002-07-25,UW_512,43.766,-66.417,1,90,0.11,MDT,12,4.62,,13204.7,,,,,,,,,,,,,,
Balch,GNATS,Gulf of Maine,"Balch et al., 2022",doi: 10.3354/meps09555,2002-07-25,UW_516,43.708,-67.796,1,90,0.11,MDT,12,6.47,,2863.1,,,,,,,,,,,,,,
Balch,GNATS,Gulf of Maine,"Balch et al., 2022",doi: 10.3354/meps09555,2002-07-25,UW_515,43.722,-67.507,1,90,0.11,MDT,12,40.81,,5338.07,,,,,,,,,,,,,,
Balch,GNATS,Gulf of Maine,"Balch et al., 2022",doi: 10.3354/meps09555,2002-07-25,UW_514,43.733,-67.153,1,90,0.11,MDT,12,44.55,,10386.44,,,,,,,,,,,,,,
Balch,GNATS,Gulf of Maine,"Balch et al., 2022",doi: 10.3354/meps09555,2002-07-25,UW_517,43.694,-68.119,1,90,0.11,MDT,12,69.43,,5071.26,,,,,,,,,,,,,,
Balch,GNATS,Gulf of Maine,"Balch et al., 2022",doi: 10.3354/meps09555,2002-07-25,UW_518,43.679,-68.527,1,90,0.11,MDT,12,86.97,,3928.12,,,,,,,,,,,,,,
Balch,GNATS,Gulf of Maine,"Balch et al., 2022",doi: 10.3354/meps09555,2002-07-25,UW_513,43.753,-66.726,1,90,0.11,MDT,12,125.85,,36523.84,,,,,,,,,,,,,,
Balch,GNATS,Gulf of Maine,"Balch et al., 2022",doi: 10.3354/meps09555,2002-07-25,UW_519,43.658,-68.948,1,90,0.11,MDT,12,1421.65,,16368.78,,,,,,,,,,,,,,
Balch,GNATS,Gulf of Maine,"Balch et al., 2022",doi: 10.3354/meps09555,2002-08-07,UW_522,43.735,-67.215,1,90,0.11,MDT,12,22.03,,8300.96,,,,,,,,,,,,,,
Balch,GNATS,Gulf of Maine,"Balch et al., 2022",doi: 10.3354/meps09555,2002-08-07,UW_523,43.715,-67.584,1,90,0.11,MDT,12,23,,11247.6,,,,,,,,,,,,,,
Balch,GNATS,Gulf of Maine,"Balch et al., 2022",doi: 10.3354/meps09555,2002-08-07,UW_525,43.683,-68.439,1,90,0.11,MDT,12,26.94,,20038.53,,,,,,,,,,,,,,
Balch,GNATS,Gulf of Maine,"Balch et al., 2022",doi: 10.3354/meps09555,2002-08-07,UW_524,43.69,-68.186,1,90,0.11,MDT,12,35.01,,5483.79,,,,,,,,,,,,,,
Balch,GNATS,Gulf of Maine,"Balch et al., 2022",doi: 10.3354/meps09555,2002-08-07,UW_527,43.655,-69.217,1,90,0.11,MDT,12,35.22,,9954.87,,,,,,,,,,,,,,
Balch,GNATS,Gulf of Maine,"Balch et al., 2022",doi: 10.3354/meps09555,2002-08-07,UW_521,43.751,-66.796,1,90,0.11,MDT,12,41.42,,16727.11,,,,,,,,,,,,,,
Balch,GNATS,Gulf of Maine,"Balch et al., 2022",doi: 10.3354/meps09555,2002-08-07,UW_520,43.768,-66.383,1,90,0.11,MDT,12,48.06,,26189.22,,,,,,,,,,,,,,
Balch,GNATS,Gulf of Maine,"Balch et al., 2022",doi: 10.3354/meps09555,2002-08-07,UW_526,43.666,-68.833,1,90,0.11,MDT,12,218.18,,32577.93,,,,,,,,,,,,,,
Balch,GNATS,Gulf of Maine,"Balch et al., 2022",doi: 10.3354/meps09555,2002-08-21,UW_533,43.687,-68.147,1,90,0.11,MDT,12,10,,2185.53,,,,,,,,,,,,,,
Balch,GNATS,Gulf of Maine,"Balch et al., 2022",doi: 10.3354/meps09555,2002-08-21,UW_528,43.775,-66.266,1,90,0.11,MDT,12,11.86,,6762.84,,,,,,,,,,,,,,
Balch,GNATS,Gulf of Maine,"Balch et al., 2022",doi: 10.3354/meps09555,2002-08-21,UW_534,43.666,-68.699,1,90,0.11,MDT,12,18.99,,4616.11,,,,,,,,,,,,,,
Balch,GNATS,Gulf of Maine,"Balch et al., 2022",doi: 10.3354/meps09555,2002-08-21,UW_532,43.697,-67.916,1,90,0.11,MDT,12,19.25,,2631.71,,,,,,,,,,,,,,
Balch,GNATS,Gulf of Maine,"Balch et al., 2022",doi: 10.3354/meps09555,2002-08-21,UW_530,43.736,-66.982,1,90,0.11,MDT,12,30.56,,29289.92,,,,,,,,,,,,,,
Balch,GNATS,Gulf of Maine,"Balch et al., 2022",doi: 10.3354/meps09555,2002-08-21,UW_529,43.756,-66.557,1,90,0.11,MDT,12,32.43,,35050.47,,,,,,,,,,,,,,
Balch,GNATS,Gulf of Maine,"Balch et al., 2022",doi: 10.3354/meps09555,2002-08-21,UW_535,43.649,-69.125,1,90,0.11,MDT,12,108.45,,14592.37,,,,,,,,,,,,,,
Balch,GNATS,Gulf of Maine,"Balch et al., 2022",doi: 10.3354/meps09555,2002-08-21,UW_531,43.72,-67.433,1,90,0.11,MDT,12,647.87,,3725.95,,,,,,,,,,,,,,
Balch,GNATS,Gulf of Maine,"Balch et al., 2022",doi: 10.3354/meps09555,2002-09-05,UW_539,43.718,-67.576,1,90,0.11,MDT,12,28.13,,5431.49,,,,,,,,,,,,,,
Balch,GNATS,Gulf of Maine,"Balch et al., 2022",doi: 10.3354/meps09555,2002-09-05,UW_538,43.728,-67.316,1,90,0.11,MDT,12,42.73,,15216.72,,,,,,,,,,,,,,
Balch,GNATS,Gulf of Maine,"Balch et al., 2022",doi: 10.3354/meps09555,2002-09-05,UW_536,43.77,-66.359,1,90,0.11,MDT,12,44.26,,25373.36,,,,,,,,,,,,,,
Balch,GNATS,Gulf of Maine,"Balch et al., 2022",doi: 10.3354/meps09555,2002-09-05,UW_541,43.738,-68.26,1,90,0.11,MDT,12,45.7,,6217.12,,,,,,,,,,,,,,
Balch,GNATS,Gulf of Maine,"Balch et al., 2022",doi: 10.3354/meps09555,2002-09-05,UW_537,43.75,-66.764,1,90,0.11,MDT,12,51.21,,21528.7,,,,,,,,,,,,,,
Balch,GNATS,Gulf of Maine,"Balch et al., 2022",doi: 10.3354/meps09555,2002-09-05,UW_540,43.699,-67.979,1,90,0.11,MDT,12,75.81,,8000.19,,,,,,,,,,,,,,
Balch,GNATS,Gulf of Maine,"Balch et al., 2022",doi: 10.3354/meps09555,2002-09-05,UW_542,43.663,-68.811,1,90,0.11,MDT,12,83.32,,8011.1,,,,,,,,,,,,,,
Balch,GNATS,Gulf of Maine,"Balch et al., 2022",doi: 10.3354/meps09555,2002-09-05,UW_543,43.65,-69.228,1,90,0.11,MDT,12,529.09,,6493.04,,,,,,,,,,,,,,
Balch,GNATS,Gulf of Maine,"Balch et al., 2022",doi: 10.3354/meps09555,2002-09-18,UW_551,43.65,-69.196,1,90,0.11,MDT,12,27.18,,7400.6,,,,,,,,,,,,,,
Balch,GNATS,Gulf of Maine,"Balch et al., 2022",doi: 10.3354/meps09555,2002-09-18,UW_544,43.769,-66.385,1,90,0.11,MDT,12,30.07,,15889.43,,,,,,,,,,,,,,
Balch,GNATS,Gulf of Maine,"Balch et al., 2022",doi: 10.3354/meps09555,2002-09-18,UW_550,43.664,-68.806,1,90,0.11,MDT,12,61.79,,14854.16,,,,,,,,,,,,,,
Balch,GNATS,Gulf of Maine,"Balch et al., 2022",doi: 10.3354/meps09555,2002-09-18,UW_546,43.735,-67.142,1,90,0.11,MDT,12,81.95,,12052,,,,,,,,,,,,,,
Balch,GNATS,Gulf of Maine,"Balch et al., 2022",doi: 10.3354/meps09555,2002-09-18,UW_545,43.749,-66.806,1,90,0.11,MDT,12,83.18,,11353.25,,,,,,,,,,,,,,
Balch,GNATS,Gulf of Maine,"Balch et al., 2022",doi: 10.3354/meps09555,2002-09-18,UW_547,43.714,-67.616,1,90,0.11,MDT,12,87.11,,9735.25,,,,,,,,,,,,,,
Balch,GNATS,Gulf of Maine,"Balch et al., 2022",doi: 10.3354/meps09555,2002-09-18,UW_548,43.702,-67.927,1,90,0.11,MDT,12,103.37,,12778.24,,,,,,,,,,,,,,
Balch,GNATS,Gulf of Maine,"Balch et al., 2022",doi: 10.3354/meps09555,2002-09-18,UW_549,43.679,-68.452,1,90,0.11,MDT,12,216.09,,25141.99,,,,,,,,,,,,,,
Balch,GNATS,Gulf of Maine,"Balch et al., 2022",doi: 10.3354/meps09555,2002-09-30,UW_559,43.66,-69.001,1,90,0.11,MDT,12,52.49,,17001.37,,,,,,,,,,,,,,
Balch,GNATS,Gulf of Maine,"Balch et al., 2022",doi: 10.3354/meps09555,2002-09-30,UW_552,43.766,-66.381,1,90,0.11,MDT,12,52.96,,16043.88,,,,,,,,,,,,,,
Balch,GNATS,Gulf of Maine,"Balch et al., 2022",doi: 10.3354/meps09555,2002-09-30,UW_555,43.729,-67.298,1,90,0.11,MDT,12,63.47,,16505.66,,,,,,,,,,,,,,
Balch,GNATS,Gulf of Maine,"Balch et al., 2022",doi: 10.3354/meps09555,2002-09-30,UW_556,43.711,-67.661,1,90,0.11,MDT,12,64.17,,8312.7,,,,,,,,,,,,,,
Balch,GNATS,Gulf of Maine,"Balch et al., 2022",doi: 10.3354/meps09555,2002-09-30,UW_557,43.697,-68.142,1,90,0.11,MDT,12,81.68,,15113.65,,,,,,,,,,,,,,
Balch,GNATS,Gulf of Maine,"Balch et al., 2022",doi: 10.3354/meps09555,2002-09-30,UW_554,43.743,-66.972,1,90,0.11,MDT,12,83.83,,11137.93,,,,,,,,,,,,,,
Balch,GNATS,Gulf of Maine,"Balch et al., 2022",doi: 10.3354/meps09555,2002-09-30,UW_553,43.755,-66.7,1,90,0.11,MDT,12,109.25,,30162.35,,,,,,,,,,,,,,
Balch,GNATS,Gulf of Maine,"Balch et al., 2022",doi: 10.3354/meps09555,2002-09-30,UW_558,43.675,-68.57,1,90,0.11,MDT,12,122.88,,16670.83,,,,,,,,,,,,,,
Balch,GNATS,Gulf of Maine,"Balch et al., 2022",doi: 10.3354/meps09555,2004-05-12,UW_02,43.749,-66.809,3,90,0.11,MDT,12,1.37,3.53,778.71,74.62,,,,,,,,,,,,,
Balch,GNATS,Gulf of Maine,"Balch et al., 2022",doi: 10.3354/meps09555,2004-05-12,UW_01,43.766,-66.383,3,90,0.11,MDT,12,6.45,12.69,1947.04,540.61,,,,,,,,,,,,,
Balch,GNATS,Gulf of Maine,"Balch et al., 2022",doi: 10.3354/meps09555,2004-05-12,UW_07,43.665,-68.807,3,90,0.11,MDT,12,10.05,10.49,1113.93,143.58,,,,,,,,,,,,,
Balch,GNATS,Gulf of Maine,"Balch et al., 2022",doi: 10.3354/meps09555,2004-05-12,UW_04,43.723,-67.396,3,90,0.11,MDT,12,17.45,5,859.33,38.23,,,,,,,,,,,,,
Balch,GNATS,Gulf of Maine,"Balch et al., 2022",doi: 10.3354/meps09555,2004-05-12,UW_03,43.728,-67.154,3,90,0.11,MDT,12,21.64,11.4,1304.86,10.22,,,,,,,,,,,,,
Balch,GNATS,Gulf of Maine,"Balch et al., 2022",doi: 10.3354/meps09555,2004-06-04,UW_10,43.748,-66.825,3,90,0.11,MDT,12,1.49,0.18,5561.98,752.39,,,,,,,,,,,,,
Balch,GNATS,Gulf of Maine,"Balch et al., 2022",doi: 10.3354/meps09555,2004-06-04,UW_12,43.701,-67.529,3,90,0.11,MDT,12,3.33,3.9,5440.11,581.37,,,,,,,,,,,,,
Balch,GNATS,Gulf of Maine,"Balch et al., 2022",doi: 10.3354/meps09555,2004-06-04,UW_16,43.653,-69.126,3,90,0.11,MDT,12,5.35,2.09,2954.26,216.92,,,,,,,,,,,,,
Balch,GNATS,Gulf of Maine,"Balch et al., 2022",doi: 10.3354/meps09555,2004-06-04,UW_13,43.685,-68.166,3,90,0.11,MDT,12,5.61,10.78,4872.46,413.31,,,,,,,,,,,,,
Balch,GNATS,Gulf of Maine,"Balch et al., 2022",doi: 10.3354/meps09555,2004-06-04,UW_14,43.674,-68.375,3,90,0.11,MDT,12,10.82,11.82,4609.47,801.77,,,,,,,,,,,,,
Balch,GNATS,Gulf of Maine,"Balch et al., 2022",doi: 10.3354/meps09555,2004-06-04,UW_15,43.669,-68.715,3,90,0.11,MDT,12,17.72,11.8,6447.59,1246.56,,,,,,,,,,,,,
Balch,GNATS,Gulf of Maine,"Balch et al., 2022",doi: 10.3354/meps09555,2004-06-16,UW_21,43.684,-68.251,3,90,0.11,MDT,12,0.61,0.6,3590.72,182.1,63.93,,,,,,,,,,,,
Balch,GNATS,Gulf of Maine,"Balch et al., 2022",doi: 10.3354/meps09555,2004-06-16,UW_23,43.667,-68.823,3,90,0.11,MDT,12,0.95,16.45,5957.54,2703.5,,,,,,,,,,,,,
Balch,GNATS,Gulf of Maine,"Balch et al., 2022",doi: 10.3354/meps09555,2004-06-16,UW_18,43.746,-66.78,3,90,0.11,MDT,12,4.39,7.29,5420.16,505.39,,,,,,,,,,,,,
Balch,GNATS,Gulf of Maine,"Balch et al., 2022",doi: 10.3354/meps09555,2004-06-16,UW_17,43.762,-66.473,3,90,0.11,MDT,12,9.65,9.92,10568.17,3701.93,,,,,,,,,,,,,
Balch,GNATS,Gulf of Maine,"Balch et al., 2022",doi: 10.3354/meps09555,2004-06-16,UW_22,43.68,-68.41,3,90,0.11,MDT,12,21.15,10.18,20378.61,6823.78,204.36,,2.53,0.26,2.23,0.1,,,,,,,
Balch,GNATS,Gulf of Maine,"Balch et al., 2022",doi: 10.3354/meps09555,2004-06-16,UW_19,43.733,-67.191,3,90,0.11,MDT,12,24.38,31.61,5945.14,418.46,169.81,,,,,,,,,,,,
Balch,GNATS,Gulf of Maine,"Balch et al., 2022",doi: 10.3354/meps09555,2004-07-07,UW_25,43.766,-66.368,3,90,0.11,MDT,12,0.32,8.5,3522.71,1865.91,210.04,,,,,,,,,,,,
Balch,GNATS,Gulf of Maine,"Balch et al., 2022",doi: 10.3354/meps09555,2004-07-07,UW_27,43.735,-67.192,3,90,0.11,MDT,12,23.07,4.85,4476.37,242.04,223.73,,,,,,,,,,,,
Balch,GNATS,Gulf of Maine,"Balch et al., 2022",doi: 10.3354/meps09555,2004-07-07,UW_30,43.68,-68.38,3,90,0.11,MDT,12,24.2,5.2,4083.88,243.58,115.4,,,,,,,,,,,,
Balch,GNATS,Gulf of Maine,"Balch et al., 2022",doi: 10.3354/meps09555,2004-07-07,UW_28,43.713,-67.706,3,90,0.11,MDT,12,25.69,13.24,5226.33,559.56,259.93,,,,,,,,,,,,
Balch,GNATS,Gulf of Maine,"Balch et al., 2022",doi: 10.3354/meps09555,2004-07-07,UW_31,43.662,-68.801,3,90,0.11,MDT,12,29.73,16.13,8585.18,3675.43,,,,,,,,,,,,,
Balch,GNATS,Gulf of Maine,"Balch et al., 2022",doi: 10.3354/meps09555,2004-07-07,UW_26,43.751,-66.809,3,90,0.11,MDT,12,32.61,7.99,8279.04,2064.19,118.67,,,,,,,,,,,,
Balch,GNATS,Gulf of Maine,"Balch et al., 2022",doi: 10.3354/meps09555,2004-07-07,UW_32,43.65,-69.213,3,90,0.11,MDT,12,104.51,12.67,3118.11,578.93,289.21,,,,,,,,,,,,
Balch,GNATS,Gulf of Maine,"Balch et al., 2022",doi: 10.3354/meps09555,2004-07-27,UW_37,43.69,-68.229,3,90,0.11,MDT,12,7.62,5.86,1999.19,12.97,,,,,,,,,,,,,
Balch,GNATS,Gulf of Maine,"Balch et al., 2022",doi: 10.3354/meps09555,2004-07-27,UW_33,43.764,-66.381,3,90,0.11,MDT,12,10.86,2.78,13060.79,123.53,318.46,,,,,,,,,,,,
Balch,GNATS,Gulf of Maine,"Balch et al., 2022",doi: 10.3354/meps09555,2004-07-27,UW_38,43.682,-68.43,3,90,0.11,MDT,12,14.81,1.02,2809.22,121.59,84.63,,,,,,,,,,,,
Balch,GNATS,Gulf of Maine,"Balch et al., 2022",doi: 10.3354/meps09555,2004-07-27,UW_36,43.719,-67.556,3,90,0.11,MDT,12,15.32,3.07,3643.59,147.81,287.99,,,,,,,,,,,,
Balch,GNATS,Gulf of Maine,"Balch et al., 2022",doi: 10.3354/meps09555,2004-07-27,UW_34,43.748,-66.802,3,90,0.11,MDT,12,19.96,11.76,7048.09,1235.99,215.35,,,,,,,,,,,,
Balch,GNATS,Gulf of Maine,"Balch et al., 2022",doi: 10.3354/meps09555,2004-07-27,UW_35,43.732,-67.224,3,90,0.11,MDT,12,27.69,6.99,5792.88,236.57,234.94,,,,,,,,,,,,
Balch,GNATS,Gulf of Maine,"Balch et al., 2022",doi: 10.3354/meps09555,2004-07-27,UW_40,43.644,-69.214,3,90,0.11,MDT,12,32.91,7.42,17262.37,2249.97,176.07,,,,,,,,,,,,
Balch,GNATS,Gulf of Maine,"Balch et al., 2022",doi: 10.3354/meps09555,2004-07-27,UW_39,43.661,-68.86,3,90,0.11,MDT,12,93.23,48.06,28047.43,1119.5,179.14,,,,,,,,,,,,
Balch,GNATS,Gulf of Maine,"Balch et al., 2022",doi: 10.3354/meps09555,2004-08-04,UW_41,43.769,-66.352,3,90,0.11,MDT,12,0.98,1.85,10685.21,238.93,410.21,,,,,,,,,,,,
Balch,GNATS,Gulf of Maine,"Balch et al., 2022",doi: 10.3354/meps09555,2004-08-04,UW_45,43.702,-67.93,3,90,0.11,MDT,12,5.14,1.6,3063.24,252.04,,,,,,,,,,,,,
Balch,GNATS,Gulf of Maine,"Balch et al., 2022",doi: 10.3354/meps09555,2004-08-04,UW_47,43.66,-68.895,3,90,0.11,MDT,12,14.75,6.28,12609.21,4269.86,140.41,,,,,,,,,,,,
Balch,GNATS,Gulf of Maine,"Balch et al., 2022",doi: 10.3354/meps09555,2004-08-04,UW_44,43.714,-67.643,3,90,0.11,MDT,12,16.88,5.02,6251.8,251.1,114.7,,,,,,,,,,,,
Balch,GNATS,Gulf of Maine,"Balch et al., 2022",doi: 10.3354/meps09555,2004-08-04,UW_46,43.673,-68.581,3,90,0.11,MDT,12,22.69,7.13,11093.91,1288.08,95.99,,,,,,,,,,,,
Balch,GNATS,Gulf of Maine,"Balch et al., 2022",doi: 10.3354/meps09555,2004-08-04,UW_43,43.731,-67.209,3,90,0.11,MDT,12,24.11,3,9775.99,2238.31,200.56,,,,,,,,,,,,
Balch,GNATS,Gulf of Maine,"Balch et al., 2022",doi: 10.3354/meps09555,2004-08-04,UW_42,43.748,-66.785,3,90,0.11,MDT,12,30.21,13.35,14326.13,1132.23,285.94,,,,,,,,,,,,
Balch,GNATS,Gulf of Maine,"Balch et al., 2022",doi: 10.3354/meps09555,2004-08-04,UW_48,43.644,-69.298,3,90,0.11,MDT,12,43.47,18.64,17566.59,4966.7,115.75,,,,,,,,,,,,
Balch,GNATS,Gulf of Maine,"Balch et al., 2022",doi: 10.3354/meps09555,2004-08-17,UW_52,43.715,-67.594,3,90,0.11,MDT,12,7.6,2.54,4268.44,625,86.06,,,,,,,,,,,,
Balch,GNATS,Gulf of Maine,"Balch et al., 2022",doi: 10.3354/meps09555,2004-08-17,UW_49,43.769,-66.284,3,90,0.11,MDT,12,14.57,2.16,12306.51,512.9,165.78,,,,,,,,,,,,
Balch,GNATS,Gulf of Maine,"Balch et al., 2022",doi: 10.3354/meps09555,2004-08-17,UW_56,43.649,-69.191,3,90,0.11,MDT,12,17.25,5.13,3859.36,244.71,29.7,,,,,,,,,,,,
Balch,GNATS,Gulf of Maine,"Balch et al., 2022",doi: 10.3354/meps09555,2004-08-17,UW_55,43.666,-68.772,3,90,0.11,MDT,12,21.04,19.23,18372.88,2261.91,110.25,,,,,,,,,,,,
Balch,GNATS,Gulf of Maine,"Balch et al., 2022",doi: 10.3354/meps09555,2004-08-17,UW_54,43.684,-68.279,3,90,0.11,MDT,12,21.47,10.37,5554.93,346.79,,,,,,,,,,,,,
Balch,GNATS,Gulf of Maine,"Balch et al., 2022",doi: 10.3354/meps09555,2004-08-17,UW_51,43.732,-67.125,3,90,0.11,MDT,12,47.54,13.98,5933.04,597.69,121.79,,,,,,,,,,,,
Balch,GNATS,Gulf of Maine,"Balch et al., 2022",doi: 10.3354/meps09555,2004-08-17,UW_53,43.697,-68.042,3,90,0.11,MDT,12,56.7,19.06,6332.79,817.88,77.16,,,,,,,,,,,,
Balch,GNATS,Gulf of Maine,"Balch et al., 2022",doi: 10.3354/meps09555,2004-08-17,UW_50,43.752,-66.714,3,90,0.11,MDT,12,58.76,9.71,13629.27,345.32,172.32,,,,,,,,,,,,
Balch,GNATS,Gulf of Maine,"Balch et al., 2022",doi: 10.3354/meps09555,2004-08-26,UW_60,43.702,-67.937,3,90,0.11,MDT,12,11.11,6.3,2718.56,102.25,79.24,,,,,,,,,,,,
Balch,GNATS,Gulf of Maine,"Balch et al., 2022",doi: 10.3354/meps09555,2004-08-26,UW_59,43.712,-67.687,3,90,0.11,MDT,12,12.29,2.08,2045.38,152.75,73.83,,,,,,,,,,,,
Balch,GNATS,Gulf of Maine,"Balch et al., 2022",doi: 10.3354/meps09555,2004-08-26,UW_58,43.731,-67.211,3,90,0.11,MDT,12,13.13,2.76,2604.67,5.77,28.84,,,,,,,,,,,,
Balch,GNATS,Gulf of Maine,"Balch et al., 2022",doi: 10.3354/meps09555,2004-08-26,UW_57,43.745,-66.832,3,90,0.11,MDT,12,31.14,15.06,5013.37,286.56,117.28,,,,,,,,,,,,
Balch,GNATS,Gulf of Maine,"Balch et al., 2022",doi: 10.3354/meps09555,2004-08-26,UW_64,43.64,-69.254,3,90,0.11,MDT,12,31.28,8.34,4704.19,537.56,,,0.7,0.06,1.08,0.07,,,,,,,
Balch,GNATS,Gulf of Maine,"Balch et al., 2022",doi: 10.3354/meps09555,2004-08-26,UW_63,43.654,-68.963,3,90,0.11,MDT,12,35.54,17.89,12460.42,1673.93,,,,,,,,,,,,,
Balch,GNATS,Gulf of Maine,"Balch et al., 2022",doi: 10.3354/meps09555,2004-08-26,UW_62,43.672,-68.603,3,90,0.11,MDT,12,37.28,15.08,5130.99,442.54,62.96,,,,,,,,,,,,
Balch,GNATS,Gulf of Maine,"Balch et al., 2022",doi: 10.3354/meps09555,2004-08-26,UW_61,43.689,-68.338,3,90,0.11,MDT,12,52.01,54.17,5230.06,3138.14,,,,,,,,,,,,,
Balch,GNATS,Gulf of Maine,"Balch et al., 2022",doi: 10.3354/meps09555,2004-09-15,UW_69,43.696,-68.033,3,90,0.11,MDT,12,11.55,5.03,2994.81,106.67,,,,,,,,,,,,,
Balch,GNATS,Gulf of Maine,"Balch et al., 2022",doi: 10.3354/meps09555,2004-09-15,UW_67,43.738,-67.064,3,90,0.11,MDT,12,12.16,5.68,3031.16,18.02,61.41,,,,,,,,,,,,
Balch,GNATS,Gulf of Maine,"Balch et al., 2022",doi: 10.3354/meps09555,2004-09-15,UW_68,43.725,-67.375,3,90,0.11,MDT,12,12.56,9.2,2393.04,256.37,,,,,,,,,,,,,
Balch,GNATS,Gulf of Maine,"Balch et al., 2022",doi: 10.3354/meps09555,2004-09-15,UW_70,43.684,-68.33,3,90,0.11,MDT,12,26.59,10.52,3651.95,161.45,67.38,,,,,,,,,,,,
Balch,GNATS,Gulf of Maine,"Balch et al., 2022",doi: 10.3354/meps09555,2004-09-15,UW_72,43.65,-69.169,3,90,0.11,MDT,12,32.07,18.12,6388.73,1179.86,95.7,,,,,,,,,,,,
Balch,GNATS,Gulf of Maine,"Balch et al., 2022",doi: 10.3354/meps09555,2004-09-15,UW_66,43.755,-66.637,3,90,0.11,MDT,12,52.82,21.79,19582.45,622.88,,,,,,,,,,,,,
Balch,GNATS,Gulf of Maine,"Balch et al., 2022",doi: 10.3354/meps09555,2004-09-15,UW_71,43.666,-68.756,3,90,0.11,MDT,12,85.49,31.54,22502.21,1572.21,194.99,,,,,,,,,,,,
Balch,GNATS,Gulf of Maine,"Balch et al., 2022",doi: 10.3354/meps09555,2004-09-23,UW_79,43.664,-68.821,3,90,0.11,MDT,12,8.88,4.51,2363.93,375.86,,,,,,,,,,,,,
Balch,GNATS,Gulf of Maine,"Balch et al., 2022",doi: 10.3354/meps09555,2004-09-23,UW_76,43.714,-67.578,3,90,0.11,MDT,12,11.79,11.23,3340.21,225.15,60.32,,,,,,,,,,,,
Balch,GNATS,Gulf of Maine,"Balch et al., 2022",doi: 10.3354/meps09555,2004-09-23,UW_73,43.76,-66.472,3,90,0.11,MDT,12,12.78,0.86,7961.92,1352.84,108.62,,1.37,3.62,4.56,0.46,,,,,,,
Balch,GNATS,Gulf of Maine,"Balch et al., 2022",doi: 10.3354/meps09555,2004-09-23,UW_77,43.688,-68.261,3,90,0.11,MDT,12,13.43,4.45,3551.94,106.22,85.04,,,,,,,,,,,,
Balch,GNATS,Gulf of Maine,"Balch et al., 2022",doi: 10.3354/meps09555,2004-09-23,UW_78,43.678,-68.455,3,90,0.11,MDT,12,20.61,3.07,4815.68,363.9,,,,,,,,,,,,,
Balch,GNATS,Gulf of Maine,"Balch et al., 2022",doi: 10.3354/meps09555,2004-09-23,UW_75,43.734,-67.085,3,90,0.11,MDT,12,41.3,2.2,6083.92,203.31,106.29,,,,,,,,,,,,
Balch,GNATS,Gulf of Maine,"Balch et al., 2022",doi: 10.3354/meps09555,2004-09-23,UW_74,43.748,-66.734,3,90,0.11,MDT,12,44.52,2.32,16506.96,82.25,123.62,,,,,,,,,,,,
Balch,GNATS,Gulf of Maine,"Balch et al., 2022",doi: 10.3354/meps09555,2004-09-23,UW_80,43.646,-69.225,3,90,0.11,MDT,12,68.31,28.32,13959.07,1313.6,,,,,,,,,,,,,
Balch,GNATS,Gulf of Maine,"Balch et al., 2022",doi: 10.3354/meps09555,2004-09-30,UW_84,43.703,-67.822,3,90,0.11,MDT,12,21.53,4.46,3091.69,134.22,169.52,,,,,,,,,,,,
Balch,GNATS,Gulf of Maine,"Balch et al., 2022",doi: 10.3354/meps09555,2004-09-30,UW_81,43.77,-66.379,3,90,0.11,MDT,12,25.06,11.73,3586.36,249.55,217.48,,,,,,,,,,,,
Balch,GNATS,Gulf of Maine,"Balch et al., 2022",doi: 10.3354/meps09555,2004-09-30,UW_83,43.735,-67.155,3,90,0.11,MDT,12,38.11,7.88,4846.76,301.48,234.65,,,,,,,,,,,,
Balch,GNATS,Gulf of Maine,"Balch et al., 2022",doi: 10.3354/meps09555,2004-09-30,UW_82,43.753,-66.797,3,90,0.11,MDT,12,40.35,21.55,5505.16,338.02,177.24,,,,,,,,,,,,
Balch,GNATS,Gulf of Maine,"Balch et al., 2022",doi: 10.3354/meps09555,2004-09-30,UW_87,43.663,-68.795,3,90,0.11,MDT,12,42.57,11.18,5705.2,305.72,175.52,,,,,,,,,,,,
Balch,GNATS,Gulf of Maine,"Balch et al., 2022",doi: 10.3354/meps09555,2004-09-30,UW_85,43.691,-68.169,3,90,0.11,MDT,12,60.59,9.43,5238.32,210.89,148.85,,,,,,,,,,,,
Balch,GNATS,Gulf of Maine,"Balch et al., 2022",doi: 10.3354/meps09555,2004-09-30,UW_86,43.677,-68.471,3,90,0.11,MDT,12,84.31,16.07,4814.18,538.36,196.17,,,,,,,,,,,,
Balch,GNATS,Gulf of Maine,"Balch et al., 2022",doi: 10.3354/meps09555,2004-09-30,UW_88,43.648,-69.228,3,90,0.11,MDT,12,92.43,24.19,23756.4,5572.36,165.25,,,,,,,,,,,,
Balch,GNATS,Gulf of Maine,"Balch et al., 2022",doi: 10.3354/meps09555,2005-06-08,UW_93,43.663,-68.56,3,90,0.11,MDT,12,11.36,2.32,19796.57,2373.14,282.12,,,,,,,,,,,,
Balch,GNATS,Gulf of Maine,"Balch et al., 2022",doi: 10.3354/meps09555,2005-06-08,UW_91,43.832,-68.499,3,90,0.11,MDT,12,11.69,5.39,11154.09,3421.29,290.09,,,,,,,,,,,,
Balch,GNATS,Gulf of Maine,"Balch et al., 2022",doi: 10.3354/meps09555,2005-06-08,UW_92,43.687,-68.266,3,90,0.11,MDT,12,14.16,1.89,2434.55,179.29,173.82,,,,,,,,,,,,
Balch,GNATS,Gulf of Maine,"Balch et al., 2022",doi: 10.3354/meps09555,2005-06-08,UW_90,43.934,-68.693,3,90,0.11,MDT,12,14.51,5.72,14038.21,1516.24,283.18,,,,,,,,,,,,
Balch,GNATS,Gulf of Maine,"Balch et al., 2022",doi: 10.3354/meps09555,2005-06-08,UW_96,43.633,-69.734,3,90,0.11,MDT,12,14.53,5.85,10853.57,776.47,193.84,,,,,,,,,,,,
Balch,GNATS,Gulf of Maine,"Balch et al., 2022",doi: 10.3354/meps09555,2005-06-08,UW_95,43.626,-69.144,3,90,0.11,MDT,12,20.94,20.48,13367.31,1617.61,264.64,,,,,,,,,,,,
Balch,GNATS,Gulf of Maine,"Balch et al., 2022",doi: 10.3354/meps09555,2005-06-08,UW_94,43.646,-68.952,3,90,0.11,MDT,12,24.24,1.23,23623.96,1897.34,313.43,,,,,,,,,,,,
Balch,GNATS,Gulf of Maine,"Balch et al., 2022",doi: 10.3354/meps09555,2005-06-08,UW_89,44.055,-68.997,3,90,0.11,MDT,12,31.11,17.75,23800.75,3663.2,261.07,,,,,,,,,,,,
Balch,GNATS,Gulf of Maine,"Balch et al., 2022",doi: 10.3354/meps09555,2005-07-20,UW_97,43.891,-68.147,3,90,0.11,MDT,12,7.58,4.49,893.16,76.94,454,,,,,,,,,,,,
Balch,GNATS,Gulf of Maine,"Balch et al., 2022",doi: 10.3354/meps09555,2005-07-20,UW_98,43.839,-67.577,3,90,0.11,MDT,12,50.63,8.8,3953.21,183.02,257.69,,,,,,,,,,,,
Balch,GNATS,Gulf of Maine,"Balch et al., 2022",doi: 10.3354/meps09555,2005-07-21,UW_102,43.705,-67.754,3,90,0.11,MDT,12,16.07,4.97,9797.8,2006.6,130.45,,,,,,,,,,,,
Balch,GNATS,Gulf of Maine,"Balch et al., 2022",doi: 10.3354/meps09555,2005-07-21,UW_99,43.769,-66.238,3,90,0.11,MDT,12,22.69,5.36,4009.72,109.6,159.45,,,,,,,,,,,,
Balch,GNATS,Gulf of Maine,"Balch et al., 2022",doi: 10.3354/meps09555,2005-07-21,UW_100,43.75,-66.79,3,90,0.11,MDT,12,31.48,4.54,4018.53,174.73,295.64,,,,,,,,,,,,
Balch,GNATS,Gulf of Maine,"Balch et al., 2022",doi: 10.3354/meps09555,2005-07-21,UW_104,43.661,-68.465,3,90,0.11,MDT,12,41.44,10.08,3963.56,619.63,210.33,,,,,,,,,,,,
Balch,GNATS,Gulf of Maine,"Balch et al., 2022",doi: 10.3354/meps09555,2005-07-21,UW_101,43.724,-67.3,3,90,0.11,MDT,12,44.96,5.4,7342.68,541.62,152.79,,,,,,,,,,,,
Balch,GNATS,Gulf of Maine,"Balch et al., 2022",doi: 10.3354/meps09555,2005-07-21,UW_103,43.681,-68.169,3,90,0.11,MDT,12,51,8.34,12790.37,959.26,122.63,,,,,,,,,,,,
Balch,GNATS,Gulf of Maine,"Balch et al., 2022",doi: 10.3354/meps09555,2005-09-03,UW_567,43.739,-67.123,3,90,0,MDT,12,21.1,7.3,3206.35,233.28,155.98,,0.71,0.06,1.55,0.15,,,,,,,
Balch,GNATS,Gulf of Maine,"Balch et al., 2022",doi: 10.3354/meps09555,2006-02-09,UW_110,43.706,-68.364,3,90,0.11,MDT,12,2.7,19.52,938.63,156.53,186.5,,,,,,,,,,,,
Balch,GNATS,Gulf of Maine,"Balch et al., 2022",doi: 10.3354/meps09555,2006-06-22,UW_119,43.649,-69.179,3,90,0.11,MDT,12,20,5.67,10201.95,1544.27,297.86,,,,,,,,,,,,
Balch,GNATS,Gulf of Maine,"Balch et al., 2022",doi: 10.3354/meps09555,2006-06-22,UW_117,43.71,-68.137,3,90,0.11,MDT,12,21.66,7.53,6163.28,485.01,160.14,,,,,,,,,,,,
Balch,GNATS,Gulf of Maine,"Balch et al., 2022",doi: 10.3354/meps09555,2006-06-22,UW_120,43.636,-69.408,3,90,0.11,MDT,12,28.46,23.96,8084.44,1878.12,277.17,,,,,,,,,,,,
Balch,GNATS,Gulf of Maine,"Balch et al., 2022",doi: 10.3354/meps09555,2006-06-22,UW_115,43.762,-67.219,3,90,0.11,MDT,12,35.72,10.44,4393.27,717.1,135.71,,,,,,,,,,,,
Balch,GNATS,Gulf of Maine,"Balch et al., 2022",doi: 10.3354/meps09555,2006-06-22,UW_116,43.734,-67.674,3,90,0.11,MDT,12,35.99,14.39,5034.18,249.11,286.68,,,,,,,,,,,,
Balch,GNATS,Gulf of Maine,"Balch et al., 2022",doi: 10.3354/meps09555,2006-06-22,UW_113,43.78,-66.378,3,90,0.11,MDT,12,42.15,9.34,10270.64,1970.49,219.76,,,,,,,,,,,,
Balch,GNATS,Gulf of Maine,"Balch et al., 2022",doi: 10.3354/meps09555,2006-06-22,UW_118,43.683,-68.583,3,90,0.11,MDT,12,58.79,23.93,34384,4267.8,234.65,,,,,,,,,,,,
Balch,GNATS,Gulf of Maine,"Balch et al., 2022",doi: 10.3354/meps09555,2006-06-22,UW_114,43.781,-66.768,3,90,0.11,MDT,12,124.33,27.69,6551.54,1461.47,161.71,,,,,,,,,,,,
Balch,GNATS,Gulf of Maine,"Balch et al., 2022",doi: 10.3354/meps09555,2006-08-09,UW_124,43.682,-68.777,3,90,0.11,MDT,12,3.71,21.74,19802.54,5199.22,201.67,,,,,,,,,,,,
Balch,GNATS,Gulf of Maine,"Balch et al., 2022",doi: 10.3354/meps09555,2006-08-09,UW_123,43.7,-68.444,3,90,0.11,MDT,12,44.97,4.66,10469.27,998.84,87.67,,,,,,,,,,,,
Balch,GNATS,Gulf of Maine,"Balch et al., 2022",doi: 10.3354/meps09555,2006-08-09,UW_122,43.706,-68.247,3,90,0.11,MDT,12,55.41,13.55,13696.45,658.3,150.27,,0.52,0.14,2.59,0.12,,,,,,,
Balch,GNATS,Gulf of Maine,"Balch et al., 2022",doi: 10.3354/meps09555,2006-08-09,UW_127,43.655,-69.766,3,90,0.11,MDT,12,103.36,21.43,43251.41,6227.44,143.21,,,,,,,,,,,,
Balch,GNATS,Gulf of Maine,"Balch et al., 2022",doi: 10.3354/meps09555,2006-08-09,UW_125,43.682,-69.137,3,90,0.11,MDT,12,129.14,22.37,20793.12,4490.64,124.35,,,,,,,,,,,,
Balch,GNATS,Gulf of Maine,"Balch et al., 2022",doi: 10.3354/meps09555,2006-08-09,UW_121,43.715,-67.972,3,90,0.11,MDT,12,166.22,262.85,11204.49,2645.04,158.32,,0.5,0.08,2.34,0.12,,,,,,,
Balch,GNATS,Gulf of Maine,"Balch et al., 2022",doi: 10.3354/meps09555,2006-08-09,UW_126,43.662,-69.477,3,90,0.11,MDT,12,314.34,18.4,16400.83,1187.64,160.08,,,,,,,,,,,,
Balch,GNATS,Gulf of Maine,"Balch et al., 2022",doi: 10.3354/meps09555,2006-09-30,UW_130,43.647,-67.596,3,90,0.11,MDT,12,74.73,81.17,36793.53,7847.39,119.75,,,,,,,,,,,,
Balch,GNATS,Gulf of Maine,"Balch et al., 2022",doi: 10.3354/meps09555,2006-09-30,UW_135,43.575,-69.62,3,90,0.11,MDT,12,124.12,13.13,103135.82,2741.22,69.91,,,,,,,,,,,,
Balch,GNATS,Gulf of Maine,"Balch et al., 2022",doi: 10.3354/meps09555,2006-09-30,UW_134,43.533,-69.206,3,90,0.11,MDT,12,189.26,32.37,49538.92,7982.12,111.25,,,,,,,,,,,,
Balch,GNATS,Gulf of Maine,"Balch et al., 2022",doi: 10.3354/meps09555,2006-09-30,UW_129,43.684,-67.192,3,90,0.11,MDT,12,194.56,92.37,67669.32,11459.5,190.28,,,,,,,,,,,,
Balch,GNATS,Gulf of Maine,"Balch et al., 2022",doi: 10.3354/meps09555,2006-09-30,UW_131,43.608,-67.996,3,90,0.11,MDT,12,219.44,37.2,58415.53,10016.92,54.03,,,,,,,,,,,,
Balch,GNATS,Gulf of Maine,"Balch et al., 2022",doi: 10.3354/meps09555,2006-09-30,UW_132,43.57,-68.396,3,90,0.11,MDT,12,226.48,107.69,66417.52,14735.21,194.86,,,,,,,,,,,,
Balch,GNATS,Gulf of Maine,"Balch et al., 2022",doi: 10.3354/meps09555,2006-09-30,UW_133,43.532,-68.797,3,90,0.11,MDT,12,244.74,69.5,146922.01,9748.34,227.69,,,,,,,,,,,,
Balch,GNATS,Gulf of Maine,"Balch et al., 2022",doi: 10.3354/meps09555,2006-09-30,UW_128,43.71,-66.9,3,90,0.11,MDT,12,248.82,72.5,47217.22,3120.03,130.02,,1.56,0.21,2.64,0.27,,,,,,,
Balch,GNATS,Gulf of Maine,"Balch et al., 2022",doi: 10.3354/meps09555,2007-03-13,UW_136,43.761,-66.78,3,90,0.11,MDT,12,3.08,32.19,2240.82,91.89,210.53,,,,,,,,,,,,
Balch,GNATS,Gulf of Maine,"Balch et al., 2022",doi: 10.3354/meps09555,2007-05-03,UW_146,43.75,-67.059,3,90,0.11,MDT,12,15.17,14.02,162.66,5.17,115.92,,,,,,,,,,,,
Balch,GNATS,Gulf of Maine,"Balch et al., 2022",doi: 10.3354/meps09555,2007-05-03,UW_150,43.668,-68.866,3,90,0.11,MDT,12,15.69,7.61,481.53,38.41,199.72,,,,,,,,,,,,
Balch,GNATS,Gulf of Maine,"Balch et al., 2022",doi: 10.3354/meps09555,2007-05-03,UW_148,43.684,-68.127,3,90,0.11,MDT,12,55.79,10.54,271.77,14.74,94.03,,,,,,,,,,,,
Balch,GNATS,Gulf of Maine,"Balch et al., 2022",doi: 10.3354/meps09555,2007-05-03,UW_151,43.645,-69.361,3,90,0.11,MDT,12,66.81,5.74,340.39,12.69,228.95,,,,,,,,,,,,
Balch,GNATS,Gulf of Maine,"Balch et al., 2022",doi: 10.3354/meps09555,2007-05-03,UW_147,43.732,-67.508,3,90,0.11,MDT,12,72.15,2.32,121.99,16.42,46.96,,,,,,,,,,,,
Balch,GNATS,Gulf of Maine,"Balch et al., 2022",doi: 10.3354/meps09555,2007-06-15,UW_154,43.566,-68.447,3,90,0.11,MDT,12,2.19,3.54,2072.84,105.05,166.51,,,,,,,,,,,,
Balch,GNATS,Gulf of Maine,"Balch et al., 2022",doi: 10.3354/meps09555,2007-06-15,UW_158,43.715,-66.861,3,90,0.11,MDT,12,8.35,23.79,3257.02,263.51,163.29,,,,,,,,,,,,
Balch,GNATS,Gulf of Maine,"Balch et al., 2022",doi: 10.3354/meps09555,2007-06-15,UW_155,43.59,-68.191,3,90,0.11,MDT,12,22.4,49.5,1262.7,35.67,166.1,,,,,,,,,,,,
Balch,GNATS,Gulf of Maine,"Balch et al., 2022",doi: 10.3354/meps09555,2007-06-15,UW_153,43.547,-68.668,3,90,0.11,MDT,12,85.27,2.27,18541.15,2069.74,226.14,,,,,,,,,,,,
Balch,GNATS,Gulf of Maine,"Balch et al., 2022",doi: 10.3354/meps09555,2007-06-29,UW_161,43.52,-68.977,3,90,0.11,MDT,12,1.15,0.22,3879.43,54.7,139.05,,,,,,,,,,,,
Balch,GNATS,Gulf of Maine,"Balch et al., 2022",doi: 10.3354/meps09555,2007-06-29,UW_167,43.757,-66.39,3,90,0.11,MDT,12,1.96,5.6,3385.63,1085.07,116.1,,,,,,,,,,,,
Balch,GNATS,Gulf of Maine,"Balch et al., 2022",doi: 10.3354/meps09555,2007-06-29,UW_163,43.604,-68.039,3,90,0.11,MDT,12,23.54,4.41,3366.19,201.42,111.59,,,,,,,,,,,,
Balch,GNATS,Gulf of Maine,"Balch et al., 2022",doi: 10.3354/meps09555,2007-06-29,UW_164,43.643,-67.602,3,90,0.11,MDT,12,25.57,6.06,2973.84,86.12,85.48,,,,,,,,,,,,
Balch,GNATS,Gulf of Maine,"Balch et al., 2022",doi: 10.3354/meps09555,2007-06-29,UW_166,43.719,-66.791,3,90,0.11,MDT,12,35.4,5.18,4107.25,201.78,217.57,,,,,,,,,,,,
Balch,GNATS,Gulf of Maine,"Balch et al., 2022",doi: 10.3354/meps09555,2007-06-29,UW_162,43.559,-68.484,3,90,0.11,MDT,12,37.09,1.72,10430.7,718.99,207.74,,,,,,,,,,,,
Balch,GNATS,Gulf of Maine,"Balch et al., 2022",doi: 10.3354/meps09555,2007-06-29,UW_165,43.681,-67.199,3,90,0.11,MDT,12,123.22,19.88,3913.76,199.9,81.69,,,,,,,,,,,,
Balch,GNATS,Gulf of Maine,"Balch et al., 2022",doi: 10.3354/meps09555,2007-07-26,UW_168,43.56,-69.312,3,90,0.11,MDT,12,5.9,13.68,4996.61,69.48,164.32,,,,,,,,,,,,
Balch,GNATS,Gulf of Maine,"Balch et al., 2022",doi: 10.3354/meps09555,2007-07-26,UW_174,43.723,-66.779,3,90,0.11,MDT,12,11.47,16.81,2991.45,50.19,62.17,,,,,,,,,,,,
Balch,GNATS,Gulf of Maine,"Balch et al., 2022",doi: 10.3354/meps09555,2007-07-26,UW_175,43.751,-66.469,3,90,0.11,MDT,12,32.32,7.89,11978.06,536.95,61.23,,,,,,,,,,,,
Balch,GNATS,Gulf of Maine,"Balch et al., 2022",doi: 10.3354/meps09555,2007-07-26,UW_169,43.568,-68.963,3,90,0.11,MDT,12,618.4,1073.61,2816.99,148.11,129.59,,,,,,,,,,,,
Balch,GNATS,Gulf of Maine,"Balch et al., 2022",doi: 10.3354/meps09555,2007-08-09,UW_179,43.629,-67.956,3,90,0.11,MDT,12,1.7,5.82,2679.23,135.66,93.43,,,,,,,,,,,,
Balch,GNATS,Gulf of Maine,"Balch et al., 2022",doi: 10.3354/meps09555,2007-08-09,UW_176,43.583,-69.338,3,90,0.11,MDT,12,5.22,5.64,7430.71,126.73,93.14,,,,,,,,,,,,
Balch,GNATS,Gulf of Maine,"Balch et al., 2022",doi: 10.3354/meps09555,2007-08-09,UW_177,43.607,-68.986,3,90,0.11,MDT,12,21.01,8.52,9516.06,816.72,74.05,,,,,,,,,,,,
Balch,GNATS,Gulf of Maine,"Balch et al., 2022",doi: 10.3354/meps09555,2007-08-09,UW_178,43.606,-68.475,3,90,0.11,MDT,12,38.9,7.8,16968.9,1036.32,192.03,,,,,,,,,,,,
Balch,GNATS,Gulf of Maine,"Balch et al., 2022",doi: 10.3354/meps09555,2007-09-30,UW_184,43.548,-69.351,3,90,0.11,MDT,12,0.78,2.33,3447.87,263.68,67.78,,,,,,,,,,,,
Balch,GNATS,Gulf of Maine,"Balch et al., 2022",doi: 10.3354/meps09555,2007-09-30,UW_185,43.519,-68.983,3,90,0.11,MDT,12,6.1,1.75,3242.69,185.75,80.68,,,,,,,,,,,,
Balch,GNATS,Gulf of Maine,"Balch et al., 2022",doi: 10.3354/meps09555,2007-09-30,UW_188,43.643,-67.584,3,90,0.11,MDT,12,8.33,5.08,5840.14,992.6,44.6,,,,,,,,,,,,
Balch,GNATS,Gulf of Maine,"Balch et al., 2022",doi: 10.3354/meps09555,2007-09-30,UW_190,43.722,-66.798,3,90,0.11,MDT,12,9.86,2.42,3116.52,439.73,35.97,,,,,,,,,,,,
Balch,GNATS,Gulf of Maine,"Balch et al., 2022",doi: 10.3354/meps09555,2007-09-30,UW_187,43.615,-67.933,3,90,0.11,MDT,12,9.9,5.28,4893.16,63.17,45.67,,,,,,,,,,,,
Balch,GNATS,Gulf of Maine,"Balch et al., 2022",doi: 10.3354/meps09555,2007-09-30,UW_189,43.679,-67.199,3,90,0.11,MDT,12,10.04,5.97,4194.3,108.05,24.16,,,,,,,,,,,,
Balch,GNATS,Gulf of Maine,"Balch et al., 2022",doi: 10.3354/meps09555,2007-09-30,UW_186,43.561,-68.487,3,90,0.11,MDT,12,21.3,20.19,8480.26,263.55,53.54,,,,,,,,,,,,
Balch,GNATS,Gulf of Maine,"Balch et al., 2022",doi: 10.3354/meps09555,2008-01-06,UW_195,43.729,-67.556,3,90,0.11,MDT,12,0.41,3.37,132.98,14.77,76.86,,,,,,,,,,,,
Balch,GNATS,Gulf of Maine,"Balch et al., 2022",doi: 10.3354/meps09555,2008-01-06,UW_194,43.741,-67.28,3,90,0.11,MDT,12,5.9,16.23,180.11,6.3,117.55,,0.5,5.89,4.46,0.31,,,,,,,
Balch,GNATS,Gulf of Maine,"Balch et al., 2022",doi: 10.3354/meps09555,2008-01-06,UW_199,43.633,-69.32,3,90,0.11,MDT,12,6.57,4.07,378.42,22.78,197.33,,,,,,,,,,,,
Balch,GNATS,Gulf of Maine,"Balch et al., 2022",doi: 10.3354/meps09555,2008-01-06,UW_197,43.684,-68.387,3,90,0.11,MDT,12,9.69,3.34,195.85,14.82,154.25,,,,,,,,,,,,
Balch,GNATS,Gulf of Maine,"Balch et al., 2022",doi: 10.3354/meps09555,2008-01-06,UW_198,43.659,-68.897,3,90,0.11,MDT,12,13.6,1.73,234.06,2.46,201.56,,,,,,,,,,,,
Balch,GNATS,Gulf of Maine,"Balch et al., 2022",doi: 10.3354/meps09555,2008-01-06,UW_196,43.703,-68.042,3,90,0.11,MDT,12,20.68,3.32,250.95,16.6,99.72,,,,,,,,,,,,
Balch,GNATS,Gulf of Maine,"Balch et al., 2022",doi: 10.3354/meps09555,2008-04-22,UW_201,43.763,-66.641,3,90,0.11,MDT,12,0.06,0.3,2346.6,24.82,211.42,,,,,,,,,,,,
Balch,GNATS,Gulf of Maine,"Balch et al., 2022",doi: 10.3354/meps09555,2008-04-22,UW_205,43.7,-68.225,3,90,0.11,MDT,12,1.01,0.5,1318.32,318.06,242.97,,,,,,,,,,,,
Balch,GNATS,Gulf of Maine,"Balch et al., 2022",doi: 10.3354/meps09555,2008-04-22,UW_203,43.731,-67.437,3,90,0.11,MDT,12,3.21,0.6,2020.4,53.5,123.62,,,,,,,,,,,,
Balch,GNATS,Gulf of Maine,"Balch et al., 2022",doi: 10.3354/meps09555,2008-04-22,UW_202,43.746,-67.062,3,90,0.11,MDT,12,3.71,1.57,2546.89,248.4,173.92,,,,,,,,,,,,
Balch,GNATS,Gulf of Maine,"Balch et al., 2022",doi: 10.3354/meps09555,2008-04-22,UW_207,43.654,-69.347,3,90,0.11,MDT,12,4.39,0.18,7116.69,418.29,276.94,,,,,,,,,,,,
Balch,GNATS,Gulf of Maine,"Balch et al., 2022",doi: 10.3354/meps09555,2008-05-16,UW_214,43.676,-68.766,3,90,0.11,MDT,12,17.99,25.59,505.8,5.12,182.57,,,,,,,,,,,,
Balch,GNATS,Gulf of Maine,"Balch et al., 2022",doi: 10.3354/meps09555,2008-05-30,UW_218,43.565,-68.48,3,90,0.11,MDT,12,3.69,2.03,3578.18,477.69,180.61,,,,,,,,,,,,
Balch,GNATS,Gulf of Maine,"Balch et al., 2022",doi: 10.3354/meps09555,2008-05-30,UW_221,43.682,-67.196,3,90,0.11,MDT,12,7.47,0.67,3531.87,291.42,120.12,,,,,,,,,,,,
Balch,GNATS,Gulf of Maine,"Balch et al., 2022",doi: 10.3354/meps09555,2008-05-30,UW_220,43.657,-67.665,3,90,0.11,MDT,12,8.65,2.66,1016.07,14.11,232.08,,,,,,,,,,,,
Balch,GNATS,Gulf of Maine,"Balch et al., 2022",doi: 10.3354/meps09555,2008-05-30,UW_217,43.561,-68.915,3,90,0.11,MDT,12,10.1,2.76,2455.56,168.13,138.23,,,,,,,,,,,,
Balch,GNATS,Gulf of Maine,"Balch et al., 2022",doi: 10.3354/meps09555,2008-05-30,UW_222,43.723,-66.752,3,90,0.11,MDT,12,11.7,2.39,5521.74,79.54,136.53,,,,,,,,,,,,
Balch,GNATS,Gulf of Maine,"Balch et al., 2022",doi: 10.3354/meps09555,2008-05-30,UW_219,43.604,-68.047,3,90,0.11,MDT,12,12.73,1.22,10011.27,277.36,149.78,,,,,,,,,,,,
Balch,GNATS,Gulf of Maine,"Balch et al., 2022",doi: 10.3354/meps09555,2008-05-30,UW_216,43.565,-69.283,3,90,0.11,MDT,12,13.34,5.09,1442.11,101.1,228.62,,,,,,,,,,,,
Balch,GNATS,Gulf of Maine,"Balch et al., 2022",doi: 10.3354/meps09555,2008-06-13,UW_228,43.659,-67.458,3,90,0.11,MDT,12,2.09,3.06,1528.43,67.25,308.89,,,,,,,,,,,,
Balch,GNATS,Gulf of Maine,"Balch et al., 2022",doi: 10.3354/meps09555,2008-06-13,UW_229,43.692,-67.085,3,90,0.11,MDT,12,7.57,7.18,11082.61,1285.98,137.8,,,,,,,,,,,,
Balch,GNATS,Gulf of Maine,"Balch et al., 2022",doi: 10.3354/meps09555,2008-06-13,UW_227,43.608,-67.908,3,90,0.11,MDT,12,8.81,2.34,1390.03,56.97,161.22,,,,,,,,,,,,
Balch,GNATS,Gulf of Maine,"Balch et al., 2022",doi: 10.3354/meps09555,2008-06-13,UW_225,43.563,-68.922,3,90,0.11,MDT,12,12.94,2.03,5874.9,91.04,144.21,,,,,,,,,,,,
Balch,GNATS,Gulf of Maine,"Balch et al., 2022",doi: 10.3354/meps09555,2008-06-13,UW_224,43.563,-69.301,3,90,0.11,MDT,12,16.63,3.62,3567.22,353.27,100.91,,,,,,,,,,,,
Balch,GNATS,Gulf of Maine,"Balch et al., 2022",doi: 10.3354/meps09555,2008-06-13,UW_226,43.573,-68.514,3,90,0.11,MDT,12,20.03,5.07,2662.61,134.2,123.99,,,,,,,,,,,,
Balch,GNATS,Gulf of Maine,"Balch et al., 2022",doi: 10.3354/meps09555,2008-06-13,UW_230,43.73,-66.7,3,90,0.11,MDT,12,26.18,19.99,13755.55,1061.91,118.67,,,,,,,,,,,,
Balch,GNATS,Gulf of Maine,"Balch et al., 2022",doi: 10.3354/meps09555,2008-07-11,UW_239,43.756,-66.427,3,90,0.11,MDT,12,8.26,1.12,3501.74,1037.69,82.99,,,,,,,,,,,,
Balch,GNATS,Gulf of Maine,"Balch et al., 2022",doi: 10.3354/meps09555,2008-07-11,UW_235,43.611,-68.027,3,90,0.11,MDT,12,12.34,1.66,2168.95,76.27,80.68,,,,,,,,,,,,
Balch,GNATS,Gulf of Maine,"Balch et al., 2022",doi: 10.3354/meps09555,2008-07-11,UW_236,43.645,-67.584,3,90,0.11,MDT,12,15.22,5.65,2278.5,195.42,86.06,,,,,,,,,,,,
Balch,GNATS,Gulf of Maine,"Balch et al., 2022",doi: 10.3354/meps09555,2008-07-11,UW_234,43.587,-68.453,3,90,0.11,MDT,12,17.87,6.64,5941.77,715.97,245.93,,,,,,,,,,,,
Balch,GNATS,Gulf of Maine,"Balch et al., 2022",doi: 10.3354/meps09555,2008-07-11,UW_237,43.682,-67.22,3,90,0.11,MDT,12,20.09,1.37,1807.75,48.8,24.76,,,,,,,,,,,,
Balch,GNATS,Gulf of Maine,"Balch et al., 2022",doi: 10.3354/meps09555,2008-07-11,UW_238,43.724,-66.747,3,90,0.11,MDT,12,27.13,10.54,2663,284.06,64.83,,,,,,,,,,,,
Balch,GNATS,Gulf of Maine,"Balch et al., 2022",doi: 10.3354/meps09555,2008-07-11,UW_233,43.565,-68.884,3,90,0.11,MDT,12,29.36,16.85,3120.07,334.63,223.68,,,,,,,,,,,,
Balch,GNATS,Gulf of Maine,"Balch et al., 2022",doi: 10.3354/meps09555,2008-07-11,UW_232,43.569,-69.32,3,90,0.11,MDT,12,42.5,15.5,2129.91,60.19,105.42,,,,,,,,,,,,
Balch,GNATS,Gulf of Maine,"Balch et al., 2022",doi: 10.3354/meps09555,2008-08-10,UW_245,43.69,-67.138,3,90,0.11,MDT,12,1.56,2.24,2284.74,72.55,447.53,,,,,,,,,,,,
Balch,GNATS,Gulf of Maine,"Balch et al., 2022",doi: 10.3354/meps09555,2008-08-10,UW_240,43.581,-69.295,3,90,0.11,MDT,12,2.27,3.17,1761.99,166.32,413.6,,,,,,,,,,,,
Balch,GNATS,Gulf of Maine,"Balch et al., 2022",doi: 10.3354/meps09555,2008-08-10,UW_241,43.585,-68.888,3,90,0.11,MDT,12,3.68,2.71,4423.6,1036.76,511.52,,,,,,,,,,,,
Balch,GNATS,Gulf of Maine,"Balch et al., 2022",doi: 10.3354/meps09555,2008-08-10,UW_244,43.658,-67.568,3,90,0.11,MDT,12,3.75,2.26,1813.23,68.38,528.24,,,,,,,,,,,,
Balch,GNATS,Gulf of Maine,"Balch et al., 2022",doi: 10.3354/meps09555,2008-08-10,UW_242,43.6,-68.541,3,90,0.11,MDT,12,5.59,5.74,6370.24,172.84,538.05,,,,,,,,,,,,
Balch,GNATS,Gulf of Maine,"Balch et al., 2022",doi: 10.3354/meps09555,2008-08-10,UW_243,43.627,-68.007,3,90,0.11,MDT,12,5.85,0.96,2138.59,79.49,481.48,,,,,,,,,,,,
Balch,GNATS,Gulf of Maine,"Balch et al., 2022",doi: 10.3354/meps09555,2008-08-10,UW_247,43.764,-66.326,3,90,0.11,MDT,12,8.46,1.94,9151.36,632.47,492.69,,,,,,,,,,,,
Balch,GNATS,Gulf of Maine,"Balch et al., 2022",doi: 10.3354/meps09555,2008-08-17,UW_568,43.647,-67.574,3,90,0.11,MDT,12,0.37,0.35,1092.86,159.34,603.81,,0.57,0.04,1.66,0.18,,,,,,,
Balch,GNATS,Gulf of Maine,"Balch et al., 2022",doi: 10.3354/meps09555,2008-08-17,UW_569,43.728,-66.717,3,90,0.11,MDT,12,2.84,0.94,2872.57,343.33,273.29,,0.65,0.52,0.81,0.22,,,,,,,
Balch,GNATS,Gulf of Maine,"Balch et al., 2022",doi: 10.3354/meps09555,2008-08-17,UW_570,43.558,-69.316,3,90,0.11,MDT,12,3.98,1.3,2332.15,683.31,278.42,,0.92,0.24,0.92,0.13,,,,,,,
Balch,GNATS,Gulf of Maine,"Balch et al., 2022",doi: 10.3354/meps09555,2008-08-17,UW_571,43.564,-68.564,3,90,0.11,MDT,12,5.21,1.73,1508.21,143.31,293.56,,0.68,0.18,2.29,0.13,,,,,,,
Balch,GNATS,Gulf of Maine,"Balch et al., 2022",doi: 10.3354/meps09555,2008-09-12,UW_255,43.766,-66.304,3,90,0.11,MDT,12,5.63,3.21,2225.64,131.86,180.36,,,,,,,,,,,,
Balch,GNATS,Gulf of Maine,"Balch et al., 2022",doi: 10.3354/meps09555,2008-09-12,UW_249,43.584,-68.86,3,90,0.11,MDT,12,5.93,8.51,2139.81,467.69,175.06,,,,,,,,,,,,
Balch,GNATS,Gulf of Maine,"Balch et al., 2022",doi: 10.3354/meps09555,2008-09-12,UW_251,43.647,-68.03,3,90,0.11,MDT,12,7.24,2.47,1986.83,124.15,98.07,,,,,,,,,,,,
Balch,GNATS,Gulf of Maine,"Balch et al., 2022",doi: 10.3354/meps09555,2008-09-12,UW_250,43.618,-68.448,3,90,0.11,MDT,12,10.63,7.67,6071.34,241.5,140.93,,,,,,,,,,,,
Balch,GNATS,Gulf of Maine,"Balch et al., 2022",doi: 10.3354/meps09555,2008-09-12,UW_253,43.703,-67.165,3,90,0.11,MDT,12,11.06,4.65,3744.51,969.23,148.39,,,,,,,,,,,,
Balch,GNATS,Gulf of Maine,"Balch et al., 2022",doi: 10.3354/meps09555,2008-09-12,UW_254,43.73,-66.75,3,90,0.11,MDT,12,15.31,2.25,3740.85,784.59,97.17,,,,,,,,,,,,
Balch,GNATS,Gulf of Maine,"Balch et al., 2022",doi: 10.3354/meps09555,2008-09-12,UW_252,43.671,-67.683,3,90,0.11,MDT,12,16.04,7.06,2645.67,177.7,119.44,,,,,,,,,,,,
Balch,GNATS,Gulf of Maine,"Balch et al., 2022",doi: 10.3354/meps09555,2008-11-12,UW_257,43.721,-67.773,3,90,0.11,MDT,12,4.77,2.64,632.78,53,135.49,,,,,,,,,,,,
Balch,GNATS,Gulf of Maine,"Balch et al., 2022",doi: 10.3354/meps09555,2008-11-12,UW_259,43.697,-68.434,3,90,0.11,MDT,12,6.99,3.25,949.46,157.14,285.55,,,,,,,,,,,,
Balch,GNATS,Gulf of Maine,"Balch et al., 2022",doi: 10.3354/meps09555,2008-11-12,UW_262,43.655,-69.346,3,90,0.11,MDT,12,53.79,110.56,218193.32,27594.65,260.58,,,,,,,,,,,,
Balch,GNATS,Gulf of Maine,"Balch et al., 2022",doi: 10.3354/meps09555,2009-04-02,UW_269,43.695,-68.428,3,90,0.11,MDT,12,0.84,1.62,2239.77,651.41,191.06,,,,,,,,,,,,
Balch,GNATS,Gulf of Maine,"Balch et al., 2022",doi: 10.3354/meps09555,2009-04-02,UW_267,43.729,-67.537,3,90,0.11,MDT,12,2.81,3.37,2593.89,366.64,272.12,,,,,,,,,,,,
Balch,GNATS,Gulf of Maine,"Balch et al., 2022",doi: 10.3354/meps09555,2009-04-02,UW_268,43.715,-67.977,3,90,0.11,MDT,12,3.47,1.45,2235.36,267.49,114.06,,,,,,,,,,,,
Balch,GNATS,Gulf of Maine,"Balch et al., 2022",doi: 10.3354/meps09555,2009-04-02,UW_265,43.764,-66.652,3,90,0.11,MDT,12,4.59,2.16,6942.57,1658.93,263.02,,,,,,,,,,,,
Balch,GNATS,Gulf of Maine,"Balch et al., 2022",doi: 10.3354/meps09555,2009-04-02,UW_266,43.741,-67.09,3,90,0.11,MDT,12,7.87,6.52,5172.61,1661.72,115.05,,,,,,,,,,,,
Balch,GNATS,Gulf of Maine,"Balch et al., 2022",doi: 10.3354/meps09555,2009-06-07,UW_277,43.695,-67.402,3,90,0.11,MDT,12,0.83,4.07,1681.39,159.87,171.63,,,,,,,,,,,,
Balch,GNATS,Gulf of Maine,"Balch et al., 2022",doi: 10.3354/meps09555,2009-06-07,UW_273,43.611,-68.86,3,90,0.11,MDT,12,2.1,3.5,2187.04,39.97,220.83,,,,,,,,,,,,
Balch,GNATS,Gulf of Maine,"Balch et al., 2022",doi: 10.3354/meps09555,2009-06-07,UW_278,43.733,-66.871,3,90,0.11,MDT,12,5.25,2.41,5249.85,1077.72,99.32,,,,,,,,,,,,
Balch,GNATS,Gulf of Maine,"Balch et al., 2022",doi: 10.3354/meps09555,2009-06-07,UW_274,43.634,-68.447,3,90,0.11,MDT,12,5.44,7.21,1839.73,29.43,254.99,,,,,,,,,,,,
Balch,GNATS,Gulf of Maine,"Balch et al., 2022",doi: 10.3354/meps09555,2009-07-05,UW_287,43.764,-66.323,3,90,0.11,MDT,12,17.35,15.11,10035.89,691.03,97.53,,,,,,,,,,,,
Balch,GNATS,Gulf of Maine,"Balch et al., 2022",doi: 10.3354/meps09555,2009-07-05,UW_283,43.635,-67.959,3,90,0.11,MDT,12,31.93,5.77,3700.23,437.78,49.18,,,,,,,,,,,,
Balch,GNATS,Gulf of Maine,"Balch et al., 2022",doi: 10.3354/meps09555,2009-07-05,UW_282,43.627,-68.283,3,90,0.11,MDT,12,40.05,2.62,5454.08,1570.26,68.82,,,,,,,,,,,,
Balch,GNATS,Gulf of Maine,"Balch et al., 2022",doi: 10.3354/meps09555,2009-07-05,UW_286,43.733,-66.656,3,90,0.11,MDT,12,46.43,16.57,7874.99,2866.18,114.61,,,,,,,,,,,,
Balch,GNATS,Gulf of Maine,"Balch et al., 2022",doi: 10.3354/meps09555,2009-07-05,UW_285,43.704,-67.027,3,90,0.11,MDT,12,51.73,2.3,4243.78,240.22,65.27,,,,,,,,,,,,
Balch,GNATS,Gulf of Maine,"Balch et al., 2022",doi: 10.3354/meps09555,2009-07-05,UW_280,43.601,-69.323,3,90,0.11,MDT,12,63.25,8.15,31218.83,6294.23,136.74,,,,,,,,,,,,
Balch,GNATS,Gulf of Maine,"Balch et al., 2022",doi: 10.3354/meps09555,2009-07-05,UW_284,43.652,-67.617,3,90,0.11,MDT,12,70.23,16.43,4344.7,401.08,85.77,,,,,,,,,,,,
Balch,GNATS,Gulf of Maine,"Balch et al., 2022",doi: 10.3354/meps09555,2009-07-05,UW_281,43.611,-68.896,3,90,0.11,MDT,12,117.34,51.42,12610.89,1903.84,68.57,,,,,,,,,,,,
Balch,GNATS,Gulf of Maine,"Balch et al., 2022",doi: 10.3354/meps09555,2009-07-19,UW_294,43.713,-66.867,3,90,0.11,MDT,12,10.17,4.87,3635.41,321.89,37.69,,,,,,,,,,,,
Balch,GNATS,Gulf of Maine,"Balch et al., 2022",doi: 10.3354/meps09555,2009-07-19,UW_289,43.618,-68.896,3,90,0.11,MDT,12,13.41,2.93,5075.04,721.58,89.81,,,,,,,,,,,,
Balch,GNATS,Gulf of Maine,"Balch et al., 2022",doi: 10.3354/meps09555,2009-07-19,UW_290,43.63,-68.553,3,90,0.11,MDT,12,30.75,24.38,4355.66,202.42,106.22,,,,,,,,,,,,
Balch,GNATS,Gulf of Maine,"Balch et al., 2022",doi: 10.3354/meps09555,2009-07-19,UW_295,43.766,-66.329,3,90,0.11,MDT,12,69.78,13.13,9048.48,1703.91,115.4,,,,,,,,,,,,
Balch,GNATS,Gulf of Maine,"Balch et al., 2022",doi: 10.3354/meps09555,2009-08-07,UW_296,43.581,-69.328,3,90,0.11,MDT,12,2.36,1.09,3595.4,600.66,146.79,,,,,,,,,,,,
Balch,GNATS,Gulf of Maine,"Balch et al., 2022",doi: 10.3354/meps09555,2009-08-07,UW_302,43.712,-66.875,3,90,0.11,MDT,12,2.38,2.41,2387.68,192.13,50.04,,,,,,,,,,,,
Balch,GNATS,Gulf of Maine,"Balch et al., 2022",doi: 10.3354/meps09555,2009-08-07,UW_300,43.629,-67.837,3,90,0.11,MDT,12,3.63,6.12,1893.11,74.62,45.94,,,,,,,,,,,,
Balch,GNATS,Gulf of Maine,"Balch et al., 2022",doi: 10.3354/meps09555,2009-08-07,UW_298,43.586,-68.553,3,90,0.11,MDT,12,11.2,17.53,5135.31,1248.73,,,,,,,,,,,,,
Balch,GNATS,Gulf of Maine,"Balch et al., 2022",doi: 10.3354/meps09555,2009-08-07,UW_299,43.603,-68.242,3,90,0.11,MDT,12,13.62,2.21,3171.85,299.45,72.22,,,,,,,,,,,,
Balch,GNATS,Gulf of Maine,"Balch et al., 2022",doi: 10.3354/meps09555,2009-08-07,UW_297,43.576,-68.907,3,90,0.11,MDT,12,15.59,4.93,6914.47,349.53,141.34,,,,,,,,,,,,
Balch,GNATS,Gulf of Maine,"Balch et al., 2022",doi: 10.3354/meps09555,2009-08-07,UW_303,43.749,-66.489,3,90,0.11,MDT,12,28.19,4.71,20788.09,915.73,159.42,,,,,,,,,,,,
Balch,GNATS,Gulf of Maine,"Balch et al., 2022",doi: 10.3354/meps09555,2009-09-04,UW_307,43.612,-67.921,3,90,0.11,MDT,12,0.3,1.44,2234.24,105.34,116.82,,,,,,,,,,,,
Balch,GNATS,Gulf of Maine,"Balch et al., 2022",doi: 10.3354/meps09555,2009-09-04,UW_311,43.763,-66.323,3,90,0.11,MDT,12,4.4,2.45,3790.3,125.11,149.78,,0.67,4.46,4.64,0.52,,,,,,,
Balch,GNATS,Gulf of Maine,"Balch et al., 2022",doi: 10.3354/meps09555,2009-09-04,UW_308,43.664,-67.447,3,90,0.11,MDT,12,5.17,2.33,2029.56,237.66,66.39,,,,,,,,,,,,
Balch,GNATS,Gulf of Maine,"Balch et al., 2022",doi: 10.3354/meps09555,2009-09-04,UW_310,43.728,-66.7,3,90,0.11,MDT,12,17.13,0.77,8654.98,576.93,87.88,,1.06,0.1,2.21,0.21,,,,,,,
Balch,GNATS,Gulf of Maine,"Balch et al., 2022",doi: 10.3354/meps09555,2009-09-04,UW_305,43.56,-68.897,3,90,0.11,MDT,12,32.39,3.55,7959.84,389.29,110.91,,,,,,,,,,,,
Balch,GNATS,Gulf of Maine,"Balch et al., 2022",doi: 10.3354/meps09555,2009-10-02,UW_319,43.764,-66.318,3,90,0.11,MDT,12,9.77,3.04,2945.53,495.54,120.49,,,,,,,,,,,,
Balch,GNATS,Gulf of Maine,"Balch et al., 2022",doi: 10.3354/meps09555,2009-10-02,UW_313,43.566,-68.781,3,90,0.11,MDT,12,12.12,15.72,5606.41,1195.78,169.02,,,,,,,,,,,,
Balch,GNATS,Gulf of Maine,"Balch et al., 2022",doi: 10.3354/meps09555,2009-10-02,UW_317,43.69,-67.106,3,90,0.11,MDT,12,18.07,0.77,2897.51,325.61,97.77,,,,,,,,,,,,
Balch,GNATS,Gulf of Maine,"Balch et al., 2022",doi: 10.3354/meps09555,2009-10-02,UW_318,43.728,-66.7,3,90,0.11,MDT,12,20.71,3.44,2854.12,206.55,47.41,,,,,,,,,,,,
Balch,GNATS,Gulf of Maine,"Balch et al., 2022",doi: 10.3354/meps09555,2009-10-02,UW_316,43.632,-67.638,3,90,0.11,MDT,12,24.57,3.26,6122.86,1742.86,99,,,,,,,,,,,,
Balch,GNATS,Gulf of Maine,"Balch et al., 2022",doi: 10.3354/meps09555,2009-10-02,UW_312,43.558,-69.17,3,90,0.11,MDT,12,29.92,16.09,5560.85,799.63,108.62,,3.91,0,0.13,0.3,,,,,,,
Balch,GNATS,Gulf of Maine,"Balch et al., 2022",doi: 10.3354/meps09555,2009-10-02,UW_315,43.599,-67.974,3,90,0.11,MDT,12,32.23,9.92,9199.34,1612.74,107.52,,,,,,,,,,,,
Balch,GNATS,Gulf of Maine,"Balch et al., 2022",doi: 10.3354/meps09555,2009-11-19,UW_320,43.778,-66.209,3,90,0.11,MDT,12,1.92,3.62,1148,190.03,285,,0.69,3.22,2.75,0.37,,,,,,,
Balch,GNATS,Gulf of Maine,"Balch et al., 2022",doi: 10.3354/meps09555,2009-11-19,UW_323,43.726,-67.6,3,90,0.11,MDT,12,6.52,4.62,826.59,44.26,208,,,,,,,,,,,,
Balch,GNATS,Gulf of Maine,"Balch et al., 2022",doi: 10.3354/meps09555,2009-11-19,UW_322,43.767,-67.093,3,90,0.11,MDT,12,7.62,4.59,956.13,35.39,145.64,,,,,,,,,,,,
Balch,GNATS,Gulf of Maine,"Balch et al., 2022",doi: 10.3354/meps09555,2010-03-10,UW_334,43.674,-68.874,3,90,0.11,MDT,12,4.02,6.36,448.04,42.6,201.56,,,,,,,,,,,,
Balch,GNATS,Gulf of Maine,"Balch et al., 2022",doi: 10.3354/meps09555,2010-03-10,UW_335,43.655,-69.321,3,90,0.11,MDT,12,18.38,12.04,357.71,15.77,306.04,,,,,,,,,,,,
Balch,GNATS,Gulf of Maine,"Balch et al., 2022",doi: 10.3354/meps09555,2010-05-22,UW_343,43.656,-69.375,3,90,0.11,MDT,12,2.15,2.36,1056.35,64.12,,,1.52,0.25,0.03,0.13,,,,,,,
Balch,GNATS,Gulf of Maine,"Balch et al., 2022",doi: 10.3354/meps09555,2010-05-22,UW_338,43.75,-67.138,3,90,0.11,MDT,12,7.67,5.61,837.26,73.38,,,1.53,0.23,0.86,0.17,,,,,,,
Balch,GNATS,Gulf of Maine,"Balch et al., 2022",doi: 10.3354/meps09555,2010-05-22,UW_341,43.692,-68.453,3,90,0.11,MDT,12,8.22,5.79,1221.4,45.24,63.16,,0.93,0.22,1.3,0.13,,,,,,,
Balch,GNATS,Gulf of Maine,"Balch et al., 2022",doi: 10.3354/meps09555,2010-05-22,UW_339,43.725,-67.579,3,90,0.11,MDT,12,18.65,1.36,776.5,18.84,25.73,,1.09,0.54,0.91,0.23,,,,,,,
Balch,GNATS,Gulf of Maine,"Balch et al., 2022",doi: 10.3354/meps09555,2010-05-22,UW_337,43.766,-66.703,3,90,0.11,MDT,12,31.45,18.81,2091.81,50.1,,,3.04,1.19,1.36,0.27,,,,,,,
Balch,GNATS,Gulf of Maine,"Balch et al., 2022",doi: 10.3354/meps09555,2010-05-22,UW_342,43.671,-69.008,3,90,0.11,MDT,12,36.01,19.67,2888.28,120.1,55.57,,2.34,1.01,1.92,0.22,,,,,,,
Balch,GNATS,Gulf of Maine,"Balch et al., 2022",doi: 10.3354/meps09555,2010-10-13,UW_358,43.66,-69.222,3,90,0.11,MDT,12,1.35,1.86,7942.22,466.19,24.91,,3.65,3.34,3.72,0.46,,,,,,,
Balch,GNATS,Gulf of Maine,"Balch et al., 2022",doi: 10.3354/meps09555,2010-10-13,UW_355,43.702,-67.738,3,90,0.11,MDT,12,2.32,1.6,1502.09,297.51,,,1.5,1.65,2.95,0.42,,,,,,,
Balch,GNATS,Gulf of Maine,"Balch et al., 2022",doi: 10.3354/meps09555,2010-10-13,UW_354,43.722,-67.265,3,90,0.11,MDT,12,5.16,2.73,2500.56,104.6,,,2.88,1.66,3.41,0.33,,,,,,,
Balch,GNATS,Gulf of Maine,"Balch et al., 2022",doi: 10.3354/meps09555,2012-02-01,UW_362,43.713,-67.808,3,90,0.11,MDT,12,1.57,10.44,727.62,95.04,88.15,,0.51,7.22,5.26,0.63,2078.4,2259.4,1927.3,134.2,8.11,,
Balch,GNATS,Gulf of Maine,"Balch et al., 2022",doi: 10.3354/meps09555,2012-02-01,UW_366,43.662,-69.114,3,90,0.11,MDT,12,4.56,6.32,1606.85,285.28,135.43,,0.62,11.52,12.68,0.92,2073.8,2234.6,1933.6,121.4,8.07,,
Balch,GNATS,Gulf of Maine,"Balch et al., 2022",doi: 10.3354/meps09555,2012-02-01,UW_367,43.65,-69.436,3,90,0.11,MDT,12,4.77,5.12,3005.69,729.06,132.31,,,,,,,,,,,,
Balch,GNATS,Gulf of Maine,"Balch et al., 2022",doi: 10.3354/meps09555,2012-02-01,UW_363,43.702,-68.081,3,90,0.11,MDT,12,7.82,4.02,885.31,156.39,86.74,,0.56,6.09,4.73,0.44,2076,2242.6,1932.8,125,8.08,,
Balch,GNATS,Gulf of Maine,"Balch et al., 2022",doi: 10.3354/meps09555,2012-02-01,UW_365,43.675,-68.793,3,90,0.11,MDT,12,14.54,9.55,2090.54,318.88,205.46,,0.73,9.23,9.89,0.68,2060.6,2206.5,1928.9,111.8,8.05,,
Balch,GNATS,Gulf of Maine,"Balch et al., 2022",doi: 10.3354/meps09555,2012-02-01,UW_361,43.725,-67.49,3,90,0.11,MDT,12,14.88,6.22,650.34,116.65,103.1,,0.48,7.99,5.66,0.66,2076.8,2230.3,1940.3,116.9,8.04,,
Balch,GNATS,Gulf of Maine,"Balch et al., 2022",doi: 10.3354/meps09555,2012-02-01,UW_364,43.688,-68.46,3,90,0.11,MDT,12,16.16,11.46,1527.15,382.12,141.69,,0.58,9.19,7.25,0.71,2077.5,2239.6,1936.6,122.2,8.07,,
Balch,GNATS,Gulf of Maine,"Balch et al., 2022",doi: 10.3354/meps09555,2012-02-01,UW_360,43.742,-67.173,3,90,0.11,MDT,12,16.52,1.97,1088.71,112.55,158.32,,0.65,8.47,6.1,0.6,,,,,,,
Balch,GNATS,Gulf of Maine,"Balch et al., 2022",doi: 10.3354/meps09555,2012-07-19,UW_374,43.674,-68.935,3,90,0.11,MDT,12,15.94,6.49,9199.92,1345.28,28.96,,,,,,,,,,,,
Balch,GNATS,Gulf of Maine,"Balch et al., 2022",doi: 10.3354/meps09555,2012-07-19,UW_373,43.692,-68.515,3,90,0.11,MDT,12,26.9,35.18,12196.59,1300.87,64.19,,,,,,,,,,,,
Balch,GNATS,Gulf of Maine,"Balch et al., 2022",doi: 10.3354/meps09555,2012-07-19,UW_368,43.774,-66.451,3,90,0.11,MDT,12,87.05,92.35,19968.06,1374.87,126.28,,,,,,,,,,,,
Balch,GNATS,Gulf of Maine,"Balch et al., 2022",doi: 10.3354/meps09555,2013-03-03,UW_387,43.724,-67.705,3,90,0.11,MDT,12,0.09,1.83,1744.43,73.53,119.15,,,,,,,,,,,,
Balch,GNATS,Gulf of Maine,"Balch et al., 2022",doi: 10.3354/meps09555,2013-03-03,UW_390,43.672,-68.949,3,90,0.11,MDT,12,1.43,3.19,1348.2,84.95,112.89,,1.19,4.07,3.16,0.55,2069.7,2211.5,1939.6,109.5,8.04,,
Balch,GNATS,Gulf of Maine,"Balch et al., 2022",doi: 10.3354/meps09555,2013-03-04,UW_391,43.655,-69.345,3,90,0.11,MDT,12,6.77,8.4,931,30.91,62.91,,0.71,8.18,6.44,0.71,2074.6,2218,1943.6,110.4,8.04,,
Balch,GNATS,Gulf of Maine,"Balch et al., 2022",doi: 10.3354/meps09555,2013-08-22,UW_399,43.66,-69.26,3,90,0.11,MDT,12,14.26,0.5,4703.22,213.93,42.26,,0.66,0.16,,0.04,1896.4,2132.1,1717.2,167.8,8.1,,
Balch,GNATS,Gulf of Maine,"Balch et al., 2022",doi: 10.3354/meps09555,2013-08-22,UW_396,43.726,-67.795,3,90,0.11,MDT,12,43.48,6.98,5305.96,122.19,28.61,,1,0.08,2.65,0.13,1970.8,2210.4,1787.3,171.4,8.1,,
Balch,GNATS,Gulf of Maine,"Balch et al., 2022",doi: 10.3354/meps09555,2013-08-22,UW_395,43.741,-67.456,3,90,0.11,MDT,12,47.82,4.42,3351.7,564.37,86.4,,0.75,0.91,1.22,0.12,1964.6,2210.2,1777.4,175.5,8.1,,
Balch,GNATS,Gulf of Maine,"Balch et al., 2022",doi: 10.3354/meps09555,2013-08-22,UW_392,43.771,-66.478,3,90,0.11,MDT,12,51.04,30.57,29382.75,1176.12,130.05,,2.36,3.14,2.93,0.46,2042.3,2202.6,1904.3,119.9,8.01,,
Balch,GNATS,Gulf of Maine,"Balch et al., 2022",doi: 10.3354/meps09555,2013-08-22,UW_397,43.705,-68.274,3,90,0.11,MDT,12,52.56,18.98,5278.3,324.03,94.03,,1.16,0.17,0.61,0.16,1965.4,2214.5,1777.4,176.7,8.14,,
Balch,GNATS,Gulf of Maine,"Balch et al., 2022",doi: 10.3354/meps09555,2013-08-22,UW_398,43.682,-68.772,3,90,0.11,MDT,12,52.63,0.08,31800.6,4689.09,101.42,,3.79,0.17,0.1,0.14,1927.6,2171.6,1744.1,172.6,8.15,,
Balch,GNATS,Gulf of Maine,"Balch et al., 2022",doi: 10.3354/meps09555,2013-08-22,UW_394,43.756,-67.121,3,90,0.11,MDT,12,182.55,48.86,9474.36,1368.16,173.1,,1.9,0.09,2.93,0.2,2001.9,2217.2,1833.1,155.2,8.08,,
Balch,GNATS,Gulf of Maine,"Balch et al., 2022",doi: 10.3354/meps09555,2013-08-22,UW_393,43.767,-66.892,3,90,0.11,MDT,12,407.58,139.11,20626.19,4841.1,71.79,,2.44,0.58,2.76,0.2,2018.9,2224.4,1856,148.6,8.08,,
Balch,GNATS,Gulf of Maine,"Balch et al., 2022",doi: 10.3354/meps09555,2013-11-06,UW_406,43.683,-68.669,3,90,0.11,MDT,12,2.62,3,3806.68,594.4,28.61,,2.74,3.63,0.83,0.42,2038.4,2222.3,1888.4,134.2,8.06,,
Balch,GNATS,Gulf of Maine,"Balch et al., 2022",doi: 10.3354/meps09555,2013-11-06,UW_405,43.706,-68.131,3,90,0.11,MDT,12,4.38,1.16,4001.76,361.18,53.54,,4.47,1.53,0.62,0.24,2042.6,2223.5,1894.1,132.4,8.06,,
Balch,GNATS,Gulf of Maine,"Balch et al., 2022",doi: 10.3354/meps09555,2013-11-06,UW_403,43.732,-67.452,3,90,0.11,MDT,12,8.78,3.73,4510.61,51.6,,,4.8,1.03,0.59,0.25,2023.8,2224.5,1865,144.6,8.1,,
Balch,GNATS,Gulf of Maine,"Balch et al., 2022",doi: 10.3354/meps09555,2013-11-06,UW_404,43.728,-67.595,3,90,0.11,MDT,12,11.02,1.89,4423.94,105.33,28.5,,4.6,1.43,0.6,0.25,2021.7,2226.8,1860.3,147.5,8.11,,
Balch,GNATS,Gulf of Maine,"Balch et al., 2022",doi: 10.3354/meps09555,2013-11-06,UW_401,43.757,-66.854,3,90,0.11,MDT,12,17.36,0.72,3850.39,230.49,29.08,,4.06,1.62,0.71,0.29,2034.1,2234.7,1874.8,144.7,8.1,,
Balch,GNATS,Gulf of Maine,"Balch et al., 2022",doi: 10.3354/meps09555,2013-11-06,UW_407,43.66,-69.221,3,90,0.11,MDT,12,29.12,7.86,28677.37,1275.37,135.98,,6,4.52,0.68,0.45,2048.8,2219.8,1905.3,126.3,8.03,,
Balch,GNATS,Gulf of Maine,"Balch et al., 2022",doi: 10.3354/meps09555,2014-06-01,UW_408,43.773,-66.299,3,90,0.11,MDT,12,1.07,0.85,20.93,1.88,75.47,,0.65,1.02,0.95,0.31,1999.5,2139.7,1875.5,105.5,8.04,,
Balch,GNATS,Gulf of Maine,"Balch et al., 2022",doi: 10.3354/meps09555,2014-06-01,UW_411,43.721,-67.382,3,90,0.11,MDT,12,6.18,3.28,127.93,23.8,28.38,,0.78,,2.22,0.16,2017.7,2216.6,1860.3,143.2,8.11,,
Balch,GNATS,Gulf of Maine,"Balch et al., 2022",doi: 10.3354/meps09555,2014-06-01,UW_410,43.736,-67.076,3,90,0.11,MDT,12,9.26,3.45,39.65,3.88,42.42,,0.77,2.48,2.47,0.35,2056.4,2219.9,1918,120.9,8.05,,
Balch,GNATS,Gulf of Maine,"Balch et al., 2022",doi: 10.3354/meps09555,2014-06-23,UW_420,43.694,-68.031,3,90,0.11,MDT,12,1.96,1.29,1858.02,387.99,,,0.33,,2.01,0.1,1983.7,2201.7,1814.6,156.1,8.11,,
Balch,GNATS,Gulf of Maine,"Balch et al., 2022",doi: 10.3354/meps09555,2014-06-23,UW_421,43.669,-68.483,3,90,0.11,MDT,12,5.6,1.9,4368.51,1449.38,42.94,,0.56,,0.34,0.11,1958.9,2174.6,1793.4,153.2,8.16,,
Balch,GNATS,Gulf of Maine,"Balch et al., 2022",doi: 10.3354/meps09555,2014-06-23,UW_416,43.773,-66.3,3,90,0.11,MDT,12,5.86,0.84,6268.03,870.58,29.45,,0.67,1.44,1.59,0.32,2001.6,2148.8,1872.9,110.5,8.02,,
Balch,GNATS,Gulf of Maine,"Balch et al., 2022",doi: 10.3354/meps09555,2014-06-23,UW_423,43.62,-69.33,3,90,0.11,MDT,12,8.35,3.71,5726.01,1064.22,31.34,,0.96,,0.49,0.08,1935.5,2144.3,1773.9,149,8.12,,
Balch,GNATS,Gulf of Maine,"Balch et al., 2022",doi: 10.3354/meps09555,2014-07-22,UW_427,43.707,-67.809,3,90,0.11,MDT,12,2.21,0.55,1686.42,264.39,28.61,,0.41,,1.47,0.14,1961.5,2165.8,1800.1,147.6,8.06,,
Balch,GNATS,Gulf of Maine,"Balch et al., 2022",doi: 10.3354/meps09555,2014-07-22,UW_426,43.722,-67.374,3,90,0.11,MDT,12,3.91,0.44,1039.88,132.93,,,0.34,0.01,1.07,0.11,1957.1,2156.4,1797.9,144.9,8.03,,
Balch,GNATS,Gulf of Maine,"Balch et al., 2022",doi: 10.3354/meps09555,2014-07-22,UW_425,43.743,-66.932,3,90,0.11,MDT,12,4.11,1.73,1718.78,207.39,,,1.19,0.04,1.77,0.13,1977.3,2150.1,1834,126.9,8.01,,
Balch,GNATS,Gulf of Maine,"Balch et al., 2022",doi: 10.3354/meps09555,2014-07-22,UW_429,43.66,-68.676,3,90,0.11,MDT,12,4.11,,1397.05,222.65,,,3.17,1.1,3.14,0.22,1993.8,2117.9,1874.6,97.3,7.9,,
Balch,GNATS,Gulf of Maine,"Balch et al., 2022",doi: 10.3354/meps09555,2014-07-22,UW_430,43.638,-69.034,3,90,0.11,MDT,12,4.63,0.97,3540.02,219.44,,,0.73,,0.47,0.05,1930.5,2127.5,1775.1,141.8,8.07,,
Balch,GNATS,Gulf of Maine,"Balch et al., 2022",doi: 10.3354/meps09555,2014-07-22,UW_431,43.619,-69.398,3,90,0.11,MDT,12,5.75,0.55,3317.28,422.29,28.5,,0.5,,0.61,0.04,1878,2022.4,1750.5,109.3,7.9,,
Balch,GNATS,Gulf of Maine,"Balch et al., 2022",doi: 10.3354/meps09555,2014-07-22,UW_428,43.676,-68.322,3,90,0.11,MDT,12,7,0.77,3738.37,289.45,28.5,,0.52,,1.99,0.16,1970.2,2171.5,1810.4,145.7,8.05,,
Balch,GNATS,Gulf of Maine,"Balch et al., 2022",doi: 10.3354/meps09555,2014-07-22,UW_424,43.772,-66.322,3,90,0.11,MDT,12,10.25,12.7,8055.95,1088.37,75.14,,1.58,3.03,2.68,0.42,2029.4,2158.7,1906.9,101,7.93,,
Balch,GNATS,Gulf of Maine,"Balch et al., 2022",doi: 10.3354/meps09555,2014-08-27,UW_436,43.685,-68.146,3,90,0.11,MDT,12,5.19,1.06,3207.55,214.3,42.59,,0.51,,1.6,0.15,1970.2,2195.6,1794.7,162.4,8.05,,
Balch,GNATS,Gulf of Maine,"Balch et al., 2022",doi: 10.3354/meps09555,2014-08-27,UW_434,43.72,-67.406,3,90,0.11,MDT,12,6.73,0.97,3856.22,105.13,44.03,,0.65,,1.58,0.15,1970.2,2194,1795.8,161.2,8.05,,
Balch,GNATS,Gulf of Maine,"Balch et al., 2022",doi: 10.3354/meps09555,2014-08-27,UW_435,43.693,-67.972,3,90,0.11,MDT,12,8.61,0.61,3169.28,217.98,,,,,,,,,,,,,
Balch,GNATS,Gulf of Maine,"Balch et al., 2022",doi: 10.3354/meps09555,2014-08-27,UW_432,43.773,-66.299,3,90,0.11,MDT,12,8.64,3.03,4190.83,180.37,92.36,,1.26,2.57,3.14,0.43,2032.5,2186.2,1896.6,116.7,7.95,,
Balch,GNATS,Gulf of Maine,"Balch et al., 2022",doi: 10.3354/meps09555,2014-08-27,UW_433,43.752,-66.738,3,90,0.11,MDT,12,8.65,2.2,4002.76,426.54,44.03,,3.95,0.53,1.62,0.28,2021.8,2215.8,1864.8,141.4,8.03,,
Balch,GNATS,Gulf of Maine,"Balch et al., 2022",doi: 10.3354/meps09555,2014-08-27,UW_439,43.619,-69.368,3,90,0.11,MDT,12,10.31,1.05,6656.46,1235.65,,,0.9,,0.12,0.08,1933.9,2119,1783.9,135.1,8.02,,
Balch,GNATS,Gulf of Maine,"Balch et al., 2022",doi: 10.3354/meps09555,2014-08-27,UW_437,43.666,-68.546,3,90,0.11,MDT,12,22.89,0.09,4945.2,852.96,,,0.64,,1.99,0.25,1975.4,2187.9,1807.8,153.7,8.04,,
Balch,GNATS,Gulf of Maine,"Balch et al., 2022",doi: 10.3354/meps09555,2014-08-27,UW_438,43.643,-68.916,3,90,0.11,MDT,12,88.04,3.43,18856.64,1421.66,29.57,,2.45,,0.6,0.2,2020.4,2196.5,1872.5,131,7.98,,
Balch,GNATS,Gulf of Maine,"Balch et al., 2022",doi: 10.3354/meps09555,2014-09-17,UW_445,43.634,-68.198,3,90,0.11,MDT,12,0.51,1.92,953.02,189.28,,,0.44,0,0.82,0.15,2002.3,2216.2,1833.8,154.6,8.06,,
Balch,GNATS,Gulf of Maine,"Balch et al., 2022",doi: 10.3354/meps09555,2014-09-17,UW_443,43.683,-67.518,3,90,0.11,MDT,12,6.49,3.14,1625.82,25.49,41.6,,0.46,,0.31,0.1,1985.9,2189,1824.2,147.3,8.04,,
Balch,GNATS,Gulf of Maine,"Balch et al., 2022",doi: 10.3354/meps09555,2014-09-17,UW_444,43.652,-67.949,3,90,0.11,MDT,12,7.94,4.7,2401.65,270.45,28.5,,0.44,,0.86,0.17,2006.2,2222.8,1835.9,156.5,8.06,,
Balch,GNATS,Gulf of Maine,"Balch et al., 2022",doi: 10.3354/meps09555,2014-09-17,UW_442,43.726,-67.146,3,90,0.11,MDT,12,9.05,6.69,1654.53,147.29,,,1.34,0.81,1.72,0.19,2032.7,2251,1861.3,157.4,8.07,,
Balch,GNATS,Gulf of Maine,"Balch et al., 2022",doi: 10.3354/meps09555,2014-09-17,UW_440,43.77,-66.3,3,90,0.11,MDT,12,12.4,3.58,3997.71,62.88,86.74,,1.03,4.54,3.88,0.51,2054.5,2215.8,1914,121.6,7.96,,
Balch,GNATS,Gulf of Maine,"Balch et al., 2022",doi: 10.3354/meps09555,2014-09-17,UW_441,43.737,-66.758,3,90,0.11,MDT,12,14.63,1.55,1984.23,91.83,,,2.16,0.44,1.25,0.16,2026.7,2250.6,1852.5,160.7,8.08,,
Balch,GNATS,Gulf of Maine,"Balch et al., 2022",doi: 10.3354/meps09555,2014-09-17,UW_447,43.557,-69.265,3,90,0.11,MDT,12,22.26,4.56,5550.81,782.46,64.99,,2,0.16,0.21,0.37,2020.7,2204.8,1869.8,134.8,8.03,,
Balch,GNATS,Gulf of Maine,"Balch et al., 2022",doi: 10.3354/meps09555,2014-09-17,UW_446,43.595,-68.738,3,90,0.11,MDT,12,60.94,28.75,12164.31,844.92,28.38,,1.23,0.42,1.04,0.23,2033.1,2216,1882,134.6,8.01,,
Balch,GNATS,Gulf of Maine,"Balch et al., 2022",doi: 10.3354/meps09555,2014-10-09,UW_449,43.751,-66.769,3,90,0.11,MDT,12,0.62,4.43,5019.59,156.17,28.27,,1.51,1.25,1.88,0.23,2032.6,2243.1,1865.6,152.5,8.05,,
Balch,GNATS,Gulf of Maine,"Balch et al., 2022",doi: 10.3354/meps09555,2014-10-09,UW_448,43.773,-66.301,3,90,0.11,MDT,12,8.03,3.78,4561.63,135.78,114.36,,0.92,0.94,1.53,0.26,1998.9,2164.9,1857.9,123.8,7.99,,
Balch,GNATS,Gulf of Maine,"Balch et al., 2022",doi: 10.3354/meps09555,2014-10-09,UW_454,43.648,-68.865,3,90,0.11,MDT,12,13.32,3.79,3478.08,236.83,,,1.29,2.44,1.68,0.38,2056.8,2210,1921.1,116.2,7.96,,
Balch,GNATS,Gulf of Maine,"Balch et al., 2022",doi: 10.3354/meps09555,2014-10-09,UW_455,43.62,-69.315,3,90,0.11,MDT,12,40.75,2.34,7054.12,276.44,,,1.65,1.38,0.98,0.41,2026.4,2193.7,1884.5,124.4,7.99,,
Balch,GNATS,Gulf of Maine,"Balch et al., 2022",doi: 10.3354/meps09555,2014-10-09,UW_450,43.727,-67.271,3,90,0.11,MDT,12,63.69,10.23,5686.98,301.03,28.73,,1.24,0.16,0.84,0.22,2013.2,2217.1,1850.9,147.7,8.05,,
Balch,GNATS,Gulf of Maine,"Balch et al., 2022",doi: 10.3354/meps09555,2014-10-09,UW_453,43.67,-68.455,3,90,0.11,MDT,12,128.35,13.78,11782.58,734.01,29.57,,3.44,1.24,1.41,0.29,2032,2239,1867.8,149.6,8.06,,
Balch,GNATS,Gulf of Maine,"Balch et al., 2022",doi: 10.3354/meps09555,2014-10-09,UW_451,43.708,-67.666,3,90,0.11,MDT,12,160.08,15.99,5956.19,191.82,43.12,,1.17,0.05,0.66,0.26,2014.3,2223.9,1848.5,151.6,8.06,,
Balch,GNATS,Gulf of Maine,"Balch et al., 2022",doi: 10.3354/meps09555,2014-10-09,UW_452,43.692,-68.004,3,90,0.11,MDT,12,190.34,60.83,9917.26,361.9,53.98,,2.07,,0.69,0.21,2018.9,2235.8,1849.2,156,8.08,,
Balch,GNATS,Gulf of Maine,"Balch et al., 2022",doi: 10.3354/meps09555,2014-12-06,UW_462,43.667,-69.193,3,90,0.11,MDT,12,2.47,8.91,1288.48,207.21,63.41,,0.86,4.23,3.96,0.55,2078.4,2236.2,1941.5,118.2,8.01,,
Balch,GNATS,Gulf of Maine,"Balch et al., 2022",doi: 10.3354/meps09555,2014-12-06,UW_461,43.666,-68.903,3,90,0.11,MDT,12,7.55,29.13,1250.05,297.68,78.47,,0.73,4.79,4.5,0.6,2091.9,2229.7,1963.9,106.6,7.96,,
Balch,GNATS,Gulf of Maine,"Balch et al., 2022",doi: 10.3354/meps09555,2014-12-06,UW_459,43.686,-68.329,3,90,0.11,MDT,12,10.91,16.98,695.8,104.53,28.61,,0.6,6.29,4.3,0.58,2092.1,2243.5,1957.6,114.7,7.99,,
Balch,GNATS,Gulf of Maine,"Balch et al., 2022",doi: 10.3354/meps09555,2014-12-06,UW_463,43.647,-69.476,3,90,0.11,MDT,12,12.69,3.6,1723.33,283.11,28.73,,1.26,3.79,2.45,0.48,2185.5,2193.2,2083.5,43.8,7.55,,
Balch,GNATS,Gulf of Maine,"Balch et al., 2022",doi: 10.3354/meps09555,2014-12-06,UW_457,43.705,-67.741,3,90,0.11,MDT,12,21.82,14.18,870.9,140.85,28.84,,1.1,5.03,2.96,0.39,2089.1,2254.3,1947.7,123,8.02,,
Balch,GNATS,Gulf of Maine,"Balch et al., 2022",doi: 10.3354/meps09555,2014-12-06,UW_458,43.696,-68.028,3,90,0.11,MDT,12,27.01,39.84,734.07,184.9,43.12,,1.34,6.31,3.77,0.52,2098.4,2251.1,1963.2,115.2,7.99,,
Balch,GNATS,Gulf of Maine,"Balch et al., 2022",doi: 10.3354/meps09555,2014-12-06,UW_456,43.715,-67.461,3,90,0.11,MDT,12,28.58,4.38,1516.67,344.58,,,1.07,4.94,2.83,0.4,2291.4,2182.5,2133.5,19.5,7.18,,
Balch,GNATS,Gulf of Maine,"Balch et al., 2022",doi: 10.3354/meps09555,2015-06-04,UW_576,43.595,-68.734,3,90,0.11,MDT,12,1.26,1.31,1529.33,261.58,117.28,,1.24,0.03,1.05,0.18,1975.8,2163.1,1827,134.5,8.12,,
Balch,GNATS,Gulf of Maine,"Balch et al., 2022",doi: 10.3354/meps09555,2015-06-04,UW_574,43.643,-67.905,3,90,0.11,MDT,12,2.56,1.96,645.08,67.01,62.66,,2.29,0.2,2,0.13,1996.7,2175.3,1852.4,129.3,8.11,,
Balch,GNATS,Gulf of Maine,"Balch et al., 2022",doi: 10.3354/meps09555,2015-06-04,UW_577,43.555,-69.293,3,90,0.11,MDT,12,3.3,1.21,2636.81,226.22,46.23,,0.71,0.04,0.81,0.12,1991.1,2174.8,1843.6,132.7,8.1,,
Balch,GNATS,Gulf of Maine,"Balch et al., 2022",doi: 10.3354/meps09555,2015-06-04,UW_573,43.773,-66.255,3,90,0.11,MDT,12,4.91,2.96,158.53,17.06,103.53,,2.25,1.72,1.4,0.43,2014,2167,1883.2,113.5,8.07,,
Balch,GNATS,Gulf of Maine,"Balch et al., 2022",doi: 10.3354/meps09555,2015-06-04,UW_575,43.63,-68.258,3,90,0.11,MDT,12,6.42,5.06,2512.78,65.12,42.59,,1.08,0.22,0.97,0.14,2015.7,2194.1,1870.8,129.5,8.09,,
Balch,GNATS,Gulf of Maine,"Balch et al., 2022",doi: 10.3354/meps09555,2015-06-04,UW_578,43.594,-69.77,3,90,0.11,MDT,12,13.67,3.67,4951.14,739.53,53.33,,1.07,,,,1966.3,2134,1828.4,122.3,8.08,,
Balch,GNATS,Gulf of Maine,"Balch et al., 2022",doi: 10.3354/meps09555,2015-07-23,UW_580,43.616,-68.348,3,90,0.11,MDT,12,0.85,2.05,852.05,141.46,,,0.95,,0.23,0.02,1967.7,2194.7,1791.3,163.6,8.07,,
Balch,GNATS,Gulf of Maine,"Balch et al., 2022",doi: 10.3354/meps09555,2015-07-23,UW_579,43.771,-66.278,3,90,0.11,MDT,12,2.72,7.09,6018.98,95.63,78.47,,1.5,1.57,1.44,0.34,2014.3,2163.7,1883.4,112.5,8,,
Balch,GNATS,Gulf of Maine,"Balch et al., 2022",doi: 10.3354/meps09555,2015-07-23,UW_583,43.59,-69.767,3,90,0.11,MDT,12,8.91,4.77,1988.53,116.98,41.44,,0.8,,0.23,0.05,1929,2150.3,1758.3,158.4,8.1,,
Balch,GNATS,Gulf of Maine,"Balch et al., 2022",doi: 10.3354/meps09555,2015-07-23,UW_582,43.544,-69.174,3,90,0.11,MDT,12,9.49,7.46,1639.32,1567.01,41.44,,1.06,0.01,0.35,0.11,1972.8,2186.8,1807.4,152.7,8.14,,
Balch,GNATS,Gulf of Maine,"Balch et al., 2022",doi: 10.3354/meps09555,2015-07-23,UW_581,43.58,-68.834,3,90,0.11,MDT,12,14.02,2.13,2149.78,243.99,52.91,,1.02,,0.42,0.07,1977.8,2194.5,1810,154.9,8.12,,
Balch,GNATS,Gulf of Maine,"Balch et al., 2022",doi: 10.3354/meps09555,2015-09-01,UW_589,43.61,-68.43,3,90,0.11,MDT,12,12.97,2.16,2794.39,207.81,,,0.85,0.05,1.74,0.1,1986.5,2226.2,1802.7,171.6,8.1,,
Balch,GNATS,Gulf of Maine,"Balch et al., 2022",doi: 10.3354/meps09555,2015-09-01,UW_587,43.667,-67.669,3,90,0.11,MDT,12,15.61,4.17,2552.79,416.66,52.51,,1.14,,1.53,0.06,1963.5,2197.8,1783.1,168,8.07,,
Balch,GNATS,Gulf of Maine,"Balch et al., 2022",doi: 10.3354/meps09555,2015-09-01,UW_586,43.7,-67.229,3,90,0.11,MDT,12,16.58,2.63,2610.38,334.85,49.26,,1.4,,1.14,0.08,1953.5,2193.6,1769.7,171.8,8.08,,
Balch,GNATS,Gulf of Maine,"Balch et al., 2022",doi: 10.3354/meps09555,2015-09-01,UW_584,43.771,-66.279,3,90,0.11,MDT,12,19.27,8.44,8197.73,1058.51,268.19,,1.29,2.38,3.15,0.33,2019,2181.7,1879.5,121.8,7.99,,
Balch,GNATS,Gulf of Maine,"Balch et al., 2022",doi: 10.3354/meps09555,2015-09-01,UW_592,43.598,-69.768,3,90,0.11,MDT,12,23.03,11.57,6440.54,4025.98,,,1.32,,0.57,0.08,1863.5,2083.2,1695.7,155.4,8.05,,
Balch,GNATS,Gulf of Maine,"Balch et al., 2022",doi: 10.3354/meps09555,2015-09-01,UW_590,43.58,-68.822,3,90,0.11,MDT,12,25.09,4.61,3683.33,100.47,29.32,,0.8,,1.02,0.1,1985.6,2208.3,1812.5,160,8.08,,
Balch,GNATS,Gulf of Maine,"Balch et al., 2022",doi: 10.3354/meps09555,2015-09-01,UW_588,43.64,-68.028,3,90,0.11,MDT,12,25.91,22.71,2756.18,82.56,200.2,,0.79,,1.05,0.06,1971.5,2197.5,1796.2,162.4,8.07,,
Balch,GNATS,Gulf of Maine,"Balch et al., 2022",doi: 10.3354/meps09555,2015-09-01,UW_585,43.735,-66.757,3,90,0.11,MDT,12,29.26,6.74,9932,1722.57,52.51,,3.17,0.56,1.99,0.2,2004.4,2224.5,1832.6,158.5,8.08,,
Balch,GNATS,Gulf of Maine,"Balch et al., 2022",doi: 10.3354/meps09555,2015-09-01,UW_591,43.547,-69.272,3,90,0.11,MDT,12,32.84,6.7,7565.33,348.06,53.33,,1.2,,0.62,0.07,1984.3,2212.2,1808.7,163,8.11,,
Balch,GNATS,Gulf of Maine,"Balch et al., 2022",doi: 10.3354/meps09555,2015-09-16,UW_597,43.639,-68.04,3,90,0.11,MDT,12,4.54,5.95,635.05,373.86,42.09,,0.59,0.01,1.28,0.09,1976.4,2205.7,1799.2,164.6,8.09,,
Balch,GNATS,Gulf of Maine,"Balch et al., 2022",doi: 10.3354/meps09555,2015-09-16,UW_598,43.609,-68.44,3,90,0.11,MDT,12,7.25,3.58,1276.62,192.44,28.16,,0.49,0.01,1.45,0.08,1959.4,2206.2,1772.2,175.7,8.12,,
Balch,GNATS,Gulf of Maine,"Balch et al., 2022",doi: 10.3354/meps09555,2015-09-16,UW_595,43.719,-66.973,3,90,0.11,MDT,12,8.82,1.56,1158.05,68.7,,,1.22,0.04,1.71,0.13,1983.2,2212.4,1806.4,164.1,8.09,,
Balch,GNATS,Gulf of Maine,"Balch et al., 2022",doi: 10.3354/meps09555,2015-09-16,UW_596,43.695,-67.297,3,90,0.11,MDT,12,11.92,2.66,1124.76,38.38,52.3,,0.91,0.01,1.28,0.06,1965,2197.5,1786.1,166.5,8.08,,
Balch,GNATS,Gulf of Maine,"Balch et al., 2022",doi: 10.3354/meps09555,2015-09-16,UW_593,43.772,-66.269,3,90,0.11,MDT,12,12.46,4.66,3577.94,205.16,111.56,,1.4,3.25,3.26,0.42,2036.1,2184.3,1903.2,113.2,7.95,,
Balch,GNATS,Gulf of Maine,"Balch et al., 2022",doi: 10.3354/meps09555,2015-09-16,UW_600,43.545,-69.371,3,90,0.11,MDT,12,21.84,4.12,6105.91,1480.65,41.76,,1.36,0.02,1.59,0.13,1972,2211.4,1789.5,170.7,8.12,,
Balch,GNATS,Gulf of Maine,"Balch et al., 2022",doi: 10.3354/meps09555,2015-09-16,UW_601,43.602,-69.765,3,90,0.11,MDT,12,23.51,2.99,8989.63,1377.76,,,3.12,0.02,0.05,0.16,1922.5,2141.2,1754.6,155.6,8.1,,
Balch,GNATS,Gulf of Maine,"Balch et al., 2022",doi: 10.3354/meps09555,2015-09-16,UW_599,43.574,-68.906,3,90,0.11,MDT,12,24.58,6.86,5759.66,1022.54,,,3.29,0.02,2.14,0.14,1974,2203.2,1797.7,163.8,8.1,,
Balch,GNATS,Gulf of Maine,"Balch et al., 2022",doi: 10.3354/meps09555,2015-09-16,UW_594,43.742,-66.666,3,90,0.11,MDT,12,24.92,2.16,10481.04,248.36,27.94,,7.43,1.09,2.37,0.24,2016.3,2231.9,1847.4,155.2,8.09,,
Balch,GNATS,Gulf of Maine,"Balch et al., 2022",doi: 10.3354/meps09555,2015-10-08,UW_609,43.591,-69.481,3,90,0.11,MDT,12,8.7,2.04,3491.98,969.74,41.76,,1.45,3.62,3.99,0.47,,,,,,,
Balch,GNATS,Gulf of Maine,"Balch et al., 2022",doi: 10.3354/meps09555,2015-10-08,UW_602,43.771,-66.282,3,90,0.11,MDT,12,10.73,4.41,6772.58,461.13,192.26,,1.47,1.86,2.71,0.4,,,,,,,
Balch,GNATS,Gulf of Maine,"Balch et al., 2022",doi: 10.3354/meps09555,2015-10-08,UW_610,43.599,-69.673,3,90,0.11,MDT,12,37.32,3.7,11002.88,2535.88,98.65,,3.51,2.05,2.76,0.41,,,,,,,
Balch,GNATS,Gulf of Maine,"Balch et al., 2022",doi: 10.3354/meps09555,2015-10-08,UW_607,43.604,-68.509,3,90,0.11,MDT,12,62.62,8.05,4038.41,374.61,62.42,,1.82,0.45,1.39,0.21,,,,,,,
Balch,GNATS,Gulf of Maine,"Balch et al., 2022",doi: 10.3354/meps09555,2015-10-08,UW_605,43.663,-67.777,3,90,0.11,MDT,12,70.39,8.35,3343.83,277.87,41.76,,1.87,0.71,1.06,0.17,,,,,,,
Balch,GNATS,Gulf of Maine,"Balch et al., 2022",doi: 10.3354/meps09555,2015-10-08,UW_603,43.738,-66.727,3,90,0.11,MDT,12,83.27,17.71,4095.11,174.72,99.42,,1.55,3.67,3.09,0.4,,,,,,,
Balch,GNATS,Gulf of Maine,"Balch et al., 2022",doi: 10.3354/meps09555,2015-10-08,UW_608,43.571,-68.953,3,90,0.11,MDT,12,86.28,4.94,7943.2,801.26,27.94,,2.78,2.04,2.24,0.34,,,,,,,
Balch,GNATS,Gulf of Maine,"Balch et al., 2022",doi: 10.3354/meps09555,2015-10-08,UW_606,43.64,-68.035,3,90,0.11,MDT,12,88.09,14.87,3129.83,314.45,70.67,,1.43,0.4,1.42,0.22,,,,,,,
Balch,GNATS,Gulf of Maine,"Balch et al., 2022",doi: 10.3354/meps09555,2015-10-08,UW_604,43.711,-67.079,3,90,0.11,MDT,12,102.09,4.87,6354.13,1006.34,43.47,,1.9,3.53,2.99,0.38,,,,,,,
Balch,GNATS,Gulf of Maine,"Balch et al., 2022",doi: 10.3354/meps09555,2015-12-09,UW_615,43.639,-68.874,3,90,0.11,MDT,12,0.67,0.95,1676.43,386.48,106.04,,1.21,8.14,5.59,0.72,2039.2,2222.5,1892.2,129.6,8.02,,
Balch,GNATS,Gulf of Maine,"Balch et al., 2022",doi: 10.3354/meps09555,2015-12-09,UW_618,43.614,-69.548,3,90,0.11,MDT,12,2.34,1.17,2655.49,454.32,112,,1.26,10.1,9.86,0.95,2015.2,2196.5,1870.7,127.5,8.04,,
Balch,GNATS,Gulf of Maine,"Balch et al., 2022",doi: 10.3354/meps09555,2015-12-09,UW_617,43.63,-69.347,3,90,0.11,MDT,12,3.74,0.81,3773,266.03,94.41,,1.78,9.69,6.67,0.86,2017.4,2209.6,1866.9,134.3,8.05,,
Balch,GNATS,Gulf of Maine,"Balch et al., 2022",doi: 10.3354/meps09555,2015-12-09,UW_614,43.635,-68.747,3,90,0.11,MDT,12,4.19,2.43,2281.77,209.83,53.98,,1.66,6.63,3.73,0.62,2017.1,2222.9,1859.1,142.8,8.08,,
Balch,GNATS,Gulf of Maine,"Balch et al., 2022",doi: 10.3354/meps09555,2015-12-09,UW_613,43.634,-68.58,3,90,0.11,MDT,12,5.19,0.96,1945.98,34.14,85.73,,1.56,6.16,3.54,0.58,2011.7,2214.7,1855.5,140.9,8.07,,
Balch,GNATS,Gulf of Maine,"Balch et al., 2022",doi: 10.3354/meps09555,2015-12-09,UW_611,43.639,-68.081,3,90,0.11,MDT,12,8.76,0.35,2214.82,286.06,78.78,,2.47,5.53,2.2,0.49,1980.7,2226.5,1803.2,165.6,8.2,,
Balch,GNATS,Gulf of Maine,"Balch et al., 2022",doi: 10.3354/meps09555,2015-12-09,UW_616,43.639,-69.127,3,90,0.11,MDT,12,9.96,5.36,4283.3,937.38,42.09,,2.22,9.45,5.95,0.84,2016.6,2215.9,1862.3,138.6,8.06,,
Balch,GNATS,Gulf of Maine,"Balch et al., 2022",doi: 10.3354/meps09555,2015-12-09,UW_612,43.636,-68.295,3,90,0.11,MDT,12,12.36,4.76,2845.63,299.35,53.12,,2.52,4.9,2.33,0.5,2009.7,2232.9,1841.8,154.3,8.12,,
Balch,GNATS,Gulf of Maine,"Balch et al., 2022",doi: 10.3354/meps09555,2015-12-09,UW_619,43.596,-69.776,3,90,0.11,MDT,12,14.05,4.21,5146.67,1325.37,155.43,,3.26,6.8,6.1,0.73,1989.2,2179.2,1841.3,132.3,8.07,,
Balch,GOM_03,Gulf of Maine,"Batch et al., 2008",doi: 10.1093/plant/fbm097,2003-05-18,UW_3,43.732,-67.155,1,90,0.11,MDT,12,5.22,,5351.57,,,,,,,,,,,,,,
Balch,GOM_03,Gulf of Maine,"Batch et al., 2008",doi: 10.1093/plant/fbm097,2003-05-18,UW_4,43.713,-67.655,1,90,0.11,MDT,12,2.05,,2150.01,,,,,,,,,,,,,,
Balch,GOM_03,Gulf of Maine,"Batch et al., 2008",doi: 10.1093/plant/fbm097,2003-05-18,UW_5,43.708,-67.759,1,90,0.11,MDT,12,2.4,,2681.44,,,,,,,,,,,,,,
Balch,GOM_03,Gulf of Maine,"Batch et al., 2008",doi: 10.1093/plant/fbm097,2003-05-18,UW_6,43.682,-68.321,1,90,0.11,MDT,12,2.38,,9436.47,,,,,,,,,,,,,,
Balch,GOM_03,Gulf of Maine,"Batch et al., 2008",doi: 10.1093/plant/fbm097,2003-05-18,UW_7,43.664,-68.775,1,90,0.11,MDT,12,8.68,,15388.87,,,,,,,,,,,,,,
Balch,GOM_03,Gulf of Maine,"Batch et al., 2008",doi: 10.1093/plant/fbm097,2003-06-03,UW_11,43.724,-67.387,1,90,0.11,MDT,12,2.6,,3681.52,,,,,,,,,,,,,,
Balch,GOM_03,Gulf of Maine,"Batch et al., 2008",doi: 10.1093/plant/fbm097,2003-06-03,UW_12,43.711,-67.69,1,90,0.11,MDT,12,3.15,,2077.1,,,,,,,,,,,,,,
Balch,GOM_03,Gulf of Maine,"Batch et al., 2008",doi: 10.1093/plant/fbm097,2003-06-03,UW_13,43.691,-68.048,1,90,0.11,MDT,12,1.78,,5600.72,,,,,,,,,,,,,,
Balch,GOM_03,Gulf of Maine,"Batch et al., 2008",doi: 10.1093/plant/fbm097,2003-06-03,UW_14,43.675,-68.505,1,90,0.11,MDT,12,0.14,,1360.83,,,,,,,,,,,,,,
Balch,GOM_03,Gulf of Maine,"Batch et al., 2008",doi: 10.1093/plant/fbm097,2003-06-03,UW_15,43.655,-68.911,1,90,0.11,MDT,12,6.85,,6757.73,,,,,,,,,,,,,,
Balch,GOM_03,Gulf of Maine,"Batch et al., 2008",doi: 10.1093/plant/fbm097,2003-06-03,UW_16,43.637,-69.319,1,90,0.11,MDT,12,13.53,,11997.65,,,,,,,,,,,,,,
Balch,GOM_03,Gulf of Maine,"Batch et al., 2008",doi: 10.1093/plant/fbm097,2003-07-07,UW_17,43.769,-66.265,1,90,0.11,MDT,12,1.31,,5565.45,,,,,,,,,,,,,,
Balch,GOM_03,Gulf of Maine,"Batch et al., 2008",doi: 10.1093/plant/fbm097,2003-07-07,UW_18,43.746,-66.713,1,90,0.11,MDT,12,48.76,,7883.2,,,,,,,,,,,,,,
Balch,GOM_03,Gulf of Maine,"Batch et al., 2008",doi: 10.1093/plant/fbm097,2003-07-07,UW_20,43.72,-67.532,1,90,0.11,MDT,12,5.63,,1619.07,,,,,,,,,,,,,,
Balch,GOM_03,Gulf of Maine,"Batch et al., 2008",doi: 10.1093/plant/fbm097,2003-07-07,UW_21,43.713,-67.702,1,90,0.11,MDT,12,11.12,,2552.39,,,,,,,,,,,,,,
Balch,GOM_03,Gulf of Maine,"Batch et al., 2008",doi: 10.1093/plant/fbm097,2003-07-07,UW_23,43.659,-68.836,1,90,0.11,MDT,12,30.06,,3673.6,,,,,,,,,,,,,,
Balch,GOM_03,Gulf of Maine,"Batch et al., 2008",doi: 10.1093/plant/fbm097,2003-07-07,UW_24,43.643,-69.194,1,90,0.11,MDT,12,11.56,,4291.82,,,,,,,,,,,,,,
Balch,GOM_03,Gulf of Maine,"Batch et al., 2008",doi: 10.1093/plant/fbm097,2003-07-25,UW_25,43.779,-66.43,1,90,0.11,MDT,12,24.73,,14145.92,,,,,,,,,,,,,,
Balch,GOM_03,Gulf of Maine,"Batch et al., 2008",doi: 10.1093/plant/fbm097,2003-07-25,UW_26,43.745,-66.769,1,90,0.11,MDT,12,7.6,,5238.74,,,,,,,,,,,,,,
Balch,GOM_03,Gulf of Maine,"Batch et al., 2008",doi: 10.1093/plant/fbm097,2003-07-25,UW_27,43.727,-67.32,1,90,0.11,MDT,12,2.29,,2681.65,,,,,,,,,,,,,,
Balch,GOM_03,Gulf of Maine,"Batch et al., 2008",doi: 10.1093/plant/fbm097,2003-07-25,UW_29,43.693,-67.967,1,90,0.11,MDT,12,11.27,,2891.18,,,,,,,,,,,,,,
Balch,GOM_03,Gulf of Maine,"Batch et al., 2008",doi: 10.1093/plant/fbm097,2003-07-25,UW_30,43.683,-68.412,1,90,0.11,MDT,12,20.7,,8551.94,,,,,,,,,,,,,,
Balch,GOM_03,Gulf of Maine,"Batch et al., 2008",doi: 10.1093/plant/fbm097,2003-07-25,UW_31,43.663,-68.711,1,90,0.11,MDT,12,16.75,,8025.37,,,,,,,,,,,,,,
Balch,GOM_03,Gulf of Maine,"Batch et al., 2008",doi: 10.1093/plant/fbm097,2003-07-25,UW_32,43.643,-69.232,1,90,0.11,MDT,12,7.01,,2367.26,,,,,,,,,,,,,,
Balch,GOM_03,Gulf of Maine,"Batch et al., 2008",doi: 10.1093/plant/fbm097,2003-07-30,UW_33,43.765,-66.356,1,90,0.11,MDT,12,19.72,,14305.34,,,,,,,,,,,,,,
Balch,GOM_03,Gulf of Maine,"Batch et al., 2008",doi: 10.1093/plant/fbm097,2003-07-30,UW_34,43.75,-66.793,1,90,0.11,MDT,12,70.11,,3556.22,,,,,,,,,,,,,,
Balch,GOM_03,Gulf of Maine,"Batch et al., 2008",doi: 10.1093/plant/fbm097,2003-07-30,UW_35,43.735,-67.197,1,90,0.11,MDT,12,3.1,,1260.09,,,,,,,,,,,,,,
Balch,GOM_03,Gulf of Maine,"Batch et al., 2008",doi: 10.1093/plant/fbm097,2003-07-30,UW_36,43.714,-67.657,1,90,0.11,MDT,12,12.01,,2980.25,,,,,,,,,,,,,,
Balch,GOM_03,Gulf of Maine,"Batch et al., 2008",doi: 10.1093/plant/fbm097,2003-07-30,UW_37,43.691,-68.142,1,90,0.11,MDT,12,8.94,,3721.21,,,,,,,,,,,,,,
Balch,GOM_03,Gulf of Maine,"Batch et al., 2008",doi: 10.1093/plant/fbm097,2003-07-30,UW_38,43.686,-68.324,1,90,0.11,MDT,12,38.12,,3043.83,,,,,,,,,,,,,,
Balch,GOM_03,Gulf of Maine,"Batch et al., 2008",doi: 10.1093/plant/fbm097,2003-07-30,UW_39,43.659,-68.819,1,90,0.11,MDT,12,43.21,,6998.86,,,,,,,,,,,,,,
Balch,GOM_03,Gulf of Maine,"Batch et al., 2008",doi: 10.1093/plant/fbm097,2003-07-30,UW_40,43.651,-69.231,1,90,0.11,MDT,12,2.16,,1690.7,,,,,,,,,,,,,,
Balch,GOM_03,Gulf of Maine,"Batch et al., 2008",doi: 10.1093/plant/fbm097,2003-08-14,UW_42,43.762,-66.594,1,90,0.11,MDT,12,21.69,,14404.64,,,,,,,,,,,,,,
Balch,GOM_03,Gulf of Maine,"Batch et al., 2008",doi: 10.1093/plant/fbm097,2003-08-14,UW_43,43.743,-66.999,1,90,0.11,MDT,12,21.74,,7366.59,,,,,,,,,,,,,,
Balch,GOM_03,Gulf of Maine,"Batch et al., 2008",doi: 10.1093/plant/fbm097,2003-08-14,UW_44,43.727,-67.357,1,90,0.11,MDT,12,22.9,,5786.61,,,,,,,,,,,,,,
Balch,GOM_03,Gulf of Maine,"Batch et al., 2008",doi: 10.1093/plant/fbm097,2003-08-14,UW_45,43.695,-68.012,1,90,0.11,MDT,12,106.91,,12759.84,,,,,,,,,,,,,,
Balch,GOM_03,Gulf of Maine,"Batch et al., 2008",doi: 10.1093/plant/fbm097,2003-08-14,UW_46,43.686,-68.283,1,90,0.11,MDT,12,32.46,,7225.48,,,,,,,,,,,,,,
Balch,GOM_03,Gulf of Maine,"Batch et al., 2008",doi: 10.1093/plant/fbm097,2003-08-14,UW_47,43.663,-68.809,1,90,0.11,MDT,12,111.75,,11465.05,,,,,,,,,,,,,,
Balch,GOM_03,Gulf of Maine,"Batch et al., 2008",doi: 10.1093/plant/fbm097,2003-08-14,UW_48,43.645,-69.22,1,90,0.11,MDT,12,40.51,,8062.02,,,,,,,,,,,,,,
Balch,GOM_03,Gulf of Maine,"Batch et al., 2008",doi: 10.1093/plant/fbm097,2003-08-28,UW_49,43.767,-66.383,1,90,0.11,MDT,12,2.91,,6085.05,,,,,,,,,,,,,,
Balch,GOM_03,Gulf of Maine,"Batch et al., 2008",doi: 10.1093/plant/fbm097,2003-08-28,UW_50,43.747,-66.898,1,90,0.11,MDT,12,16.48,,13329.11,,,,,,,,,,,,,,
Balch,GOM_03,Gulf of Maine,"Batch et al., 2008",doi: 10.1093/plant/fbm097,2003-08-28,UW_51,43.722,-67.456,1,90,0.11,MDT,12,5.97,,1865.16,,,,,,,,,,,,,,
Balch,GOM_03,Gulf of Maine,"Batch et al., 2008",doi: 10.1093/plant/fbm097,2003-08-28,UW_53,43.686,-68.192,1,90,0.11,MDT,12,15.68,,2536.41,,,,,,,,,,,,,,
Balch,GOM_03,Gulf of Maine,"Batch et al., 2008",doi: 10.1093/plant/fbm097,2003-08-28,UW_55,43.654,-69.047,1,90,0.11,MDT,12,19.36,,10326.93,,,,,,,,,,,,,,
Balch,GOM_03,Gulf of Maine,"Batch et al., 2008",doi: 10.1093/plant/fbm097,2003-08-28,UW_56,43.609,-69.373,1,90,0.11,MDT,12,53.97,,8964.48,,,,,,,,,,,,,,
Balch,GOM_03,Gulf of Maine,"Batch et al., 2008",doi: 10.1093/plant/fbm097,2003-09-09,UW_57,43.771,-66.317,1,90,0.11,MDT,12,3.31,,6439.31,,,,,,,,,,,,,,
Balch,GOM_03,Gulf of Maine,"Batch et al., 2008",doi: 10.1093/plant/fbm097,2003-09-09,UW_58,43.75,-66.733,1,90,0.11,MDT,12,25.81,,18693.45,,,,,,,,,,,,,,
Balch,GOM_03,Gulf of Maine,"Batch et al., 2008",doi: 10.1093/plant/fbm097,2003-09-09,UW_59,43.731,-67.153,1,90,0.11,MDT,12,32.25,,17484.05,,,,,,,,,,,,,,
Balch,GOM_03,Gulf of Maine,"Batch et al., 2008",doi: 10.1093/plant/fbm097,2003-09-09,UW_60,43.715,-67.579,1,90,0.11,MDT,12,13.02,,4393.91,,,,,,,,,,,,,,
Balch,GOM_03,Gulf of Maine,"Batch et al., 2008",doi: 10.1093/plant/fbm097,2003-09-09,UW_61,43.688,-68.145,1,90,0.11,MDT,12,10.95,,4960.56,,,,,,,,,,,,,,
Balch,GOM_03,Gulf of Maine,"Batch et al., 2008",doi: 10.1093/plant/fbm097,2003-09-09,UW_62,43.686,-68.261,1,90,0.11,MDT,12,11.36,,5269.27,,,,,,,,,,,,,,
Balch,GOM_03,Gulf of Maine,"Batch et al., 2008",doi: 10.1093/plant/fbm097,2003-09-09,UW_63,43.664,-68.794,1,90,0.11,MDT,12,114.14,,12659.76,,,,,,,,,,,,,,
Balch,GOM_03,Gulf of Maine,"Batch et al., 2008",doi: 10.1093/plant/fbm097,2003-09-09,UW_64,43.648,-69.209,1,90,0.11,MDT,12,37.34,,20965.8,,,,,,,,,,,,,,
Balch,GOM_03,Gulf of Maine,"Batch et al., 2008",doi: 10.1093/plant/fbm097,2003-09-24,UW_65,43.76,-66.549,1,90,0.11,MDT,12,31.69,,12628.23,,,,,,,,,,,,,,
Balch,GOM_03,Gulf of Maine,"Batch et al., 2008",doi: 10.1093/plant/fbm097,2003-09-24,UW_66,43.747,-66.873,1,90,0.11,MDT,12,15.29,,5103.25,,,,,,,,,,,,,,
Balch,GOM_03,Gulf of Maine,"Batch et al., 2008",doi: 10.1093/plant/fbm097,2003-09-24,UW_67,43.731,-67.217,1,90,0.11,MDT,12,21.38,,8949.32,,,,,,,,,,,,,,
Balch,GOM_03,Gulf of Maine,"Batch et al., 2008",doi: 10.1093/plant/fbm097,2003-09-24,UW_68,43.716,-67.634,1,90,0.11,MDT,12,31.83,,7463.86,,,,,,,,,,,,,,
Balch,GOM_03,Gulf of Maine,"Batch et al., 2008",doi: 10.1093/plant/fbm097,2003-09-24,UW_69,43.697,-68.009,1,90,0.11,MDT,12,143.73,,14262.4,,,,,,,,,,,,,,
Balch,GOM_03,Gulf of Maine,"Batch et al., 2008",doi: 10.1093/plant/fbm097,2003-09-24,UW_70,43.687,-68.331,1,90,0.11,MDT,12,545.29,,23900.35,,,,,,,,,,,,,,
Balch,GOM_03,Gulf of Maine,"Batch et al., 2008",doi: 10.1093/plant/fbm097,2003-09-24,UW_71,43.659,-68.846,1,90,0.11,MDT,12,2784.82,,80577.96,,,,,,,,,,,,,,
Balch,GOM_03,Gulf of Maine,"Batch et al., 2008",doi: 10.1093/plant/fbm097,2003-09-24,UW_72,43.647,-69.256,1,90,0.11,MDT,12,363.25,,50168.07,,,,,,,,,,,,,,
Balch,GOM_03,Gulf of Maine,"Batch et al., 2008",doi: 10.1093/plant/fbm097,2003-10-07,UW_73,43.767,-66.377,1,90,0.11,MDT,12,24.46,,8796.6,,,,,,,,,,,,,,
Balch,GOM_03,Gulf of Maine,"Batch et al., 2008",doi: 10.1093/plant/fbm097,2003-10-07,UW_74,43.749,-66.785,1,90,0.11,MDT,12,30.74,,10247.46,,,,,,,,,,,,,,
Balch,GOM_03,Gulf of Maine,"Batch et al., 2008",doi: 10.1093/plant/fbm097,2003-10-07,UW_75,43.735,-67.11,1,90,0.11,MDT,12,2.13,,2767.94,,,,,,,,,,,,,,
Balch,GOM_03,Gulf of Maine,"Batch et al., 2008",doi: 10.1093/plant/fbm097,2003-10-07,UW_76,43.716,-67.61,1,90,0.11,MDT,12,3.34,,2165.68,,,,,,,,,,,,,,
Balch,GOM_03,Gulf of Maine,"Batch et al., 2008",doi: 10.1093/plant/fbm097,2003-10-07,UW_77,43.697,-67.932,1,90,0.11,MDT,12,7.88,,3465.5,,,,,,,,,,,,,,
Balch,GOM_03,Gulf of Maine,"Batch et al., 2008",doi: 10.1093/plant/fbm097,2003-10-07,UW_78,43.677,-68.475,1,90,0.11,MDT,12,9.15,,11745.23,,,,,,,,,,,,,,
Balch,GOM_03,Gulf of Maine,"Batch et al., 2008",doi: 10.1093/plant/fbm097,2003-10-07,UW_79,43.664,-68.848,1,90,0.11,MDT,12,27.34,,25065.71,,,,,,,,,,,,,,
Balch,GOM_03,Gulf of Maine,"Batch et al., 2008",doi: 10.1093/plant/fbm097,2003-10-07,UW_80,43.644,-69.266,1,90,0.11,MDT,12,21.45,,17225.5,,,,,,,,,,,,,,
Balch,GOM_03,Gulf of Maine,"Batch et al., 2008",doi: 10.1093/plant/fbm097,2003-10-24,UW_82,43.754,-66.688,1,90,0.11,MDT,12,0.45,,1186.21,,,,,,,,,,,,,,
Balch,GOM_03,Gulf of Maine,"Batch et al., 2008",doi: 10.1093/plant/fbm097,2003-10-24,UW_83,43.738,-67.091,1,90,0.11,MDT,12,5.32,,1466.65,,,,,,,,,,,,,,
Balch,GOM_03,Gulf of Maine,"Batch et al., 2008",doi: 10.1093/plant/fbm097,2003-10-24,UW_84,43.716,-67.615,1,90,0.11,MDT,12,2.33,,579.62,,,,,,,,,,,,,,
Balch,GOM_03,Gulf of Maine,"Batch et al., 2008",doi: 10.1093/plant/fbm097,2003-10-24,UW_87,43.666,-68.681,1,90,0.11,MDT,12,0.03,,2469.84,,,,,,,,,,,,,,
Balch,GOM_89,Gulf of Maine,"Balch et al., 1992",doi: 10.1016/0278-4343(92)90059-s,1989-06-22,F4,43,-69.7,5,90,0.11,Diff,24,692.25,,2076.67,,,,,,,,,,,,,,
Balch,JGOF_TT_011,Equatorial Pacific,"Balch et al., 1996",doi: 10.1016/0967-0645(96)00032-X,1992-08-10,1,12.022,-140.023,1,100,0,Diff,24,0.17,,17.08,,,,,,,,,,,,,,
Balch,JGOF_TT_011,Equatorial Pacific,"Balch et al., 1996",doi: 10.1016/0967-0645(96)00032-X,1992-08-10,1,12.022,-140.023,11,50,0.69,Diff,24,17.08,,206.25,,,,,,,,,,,,,,
Balch,JGOF_TT_011,Equatorial Pacific,"Balch et al., 1996",doi: 10.1016/0967-0645(96)00032-X,1992-08-10,1,12.022,-140.023,20,30,1.2,Diff,24,170.42,,187.5,,,,,,,,,,,,,,
Balch,JGOF_TT_011,Equatorial Pacific,"Balch et al., 1996",doi: 10.1016/0967-0645(96)00032-X,1992-08-10,1,12.022,-140.023,34,14,1.97,Diff,24,15.5,,153.75,,,,,,,,,,,,,,
Balch,JGOF_TT_011,Equatorial Pacific,"Balch et al., 1996",doi: 10.1016/0967-0645(96)00032-X,1992-08-14,2,9,-140,1,100,0,Diff,24,4.33,,197.08,,,,,,,,,,,,,,
Balch,JGOF_TT_011,Equatorial Pacific,"Balch et al., 1996",doi: 10.1016/0967-0645(96)00032-X,1992-08-14,2,9,-140,11,50,0.69,Diff,24,4,,155,,,,,,,,,,,,,,
Balch,JGOF_TT_011,Equatorial Pacific,"Balch et al., 1996",doi: 10.1016/0967-0645(96)00032-X,1992-08-14,2,9,-140,20,30,1.2,Diff,24,18.58,,220.42,,,,,,,,,,,,,,
Balch,JGOF_TT_011,Equatorial Pacific,"Balch et al., 1996",doi: 10.1016/0967-0645(96)00032-X,1992-08-24,6,2,-140,34,14,1.97,Diff,24,52.25,,1858.33,,,,,,,,,,,,,,
Balch,JGOF_TT_011,Equatorial Pacific,"Balch et al., 1996",doi: 10.1016/0967-0645(96)00032-X,1992-08-24,6,2,-140,45,7,2.66,Diff,24,110.83,,1786.67,,,,,,,,,,,,,,
Balch,JGOF_TT_011,Equatorial Pacific,"Balch et al., 1996",doi: 10.1016/0967-0645(96)00032-X,1992-08-24,6,2,-140,79,1,4.61,Diff,24,85.58,,172.08,,,,,,,,,,,,,,
Balch,JGOF_TT_011,Equatorial Pacific,"Balch et al., 1996",doi: 10.1016/0967-0645(96)00032-X,1992-08-24,6,2,-140,118,0.1,6.91,Diff,24,49.17,,45.42,,,,,,,,,,,,,,
Balch,JGOF_TT_011,Equatorial Pacific,"Balch et al., 1996",doi: 10.1016/0967-0645(96)00032-X,1992-08-27,7,1.1,-140,1,100,0,Diff,24,101.92,,1152.92,,,,,,,,,,,,,,
Balch,JGOF_TT_011,Equatorial Pacific,"Balch et al., 1996",doi: 10.1016/0967-0645(96)00032-X,1992-08-27,7,1.1,-140,21,30,1.2,Diff,24,66.67,,1265,,,,,,,,,,,,,,
Balch,JGOF_TT_011,Equatorial Pacific,"Balch et al., 1996",doi: 10.1016/0967-0645(96)00032-X,1992-08-27,7,1.1,-140,60,3,3.51,Diff,24,42.17,,875.42,,,,,,,,,,,,,,
Balch,JGOF_TT_011,Equatorial Pacific,"Balch et al., 1996",doi: 10.1016/0967-0645(96)00032-X,1992-08-27,7,1.1,-140,79,1,4.61,Diff,24,34.25,,310.83,,,,,,,,,,,,,,
Balch,JGOF_TT_011,Equatorial Pacific,"Balch et al., 1996",doi: 10.1016/0967-0645(96)00032-X,1992-08-27,7,1.1,-140,118,0.1,6.91,Diff,24,18.75,,57.08,,,,,,,,,,,,,,
Balch,JGOF_TT_011,Equatorial Pacific,"Balch et al., 1996",doi: 10.1016/0967-0645(96)00032-X,1992-08-29,8,0.1,-140,12,50,0.69,Diff,24,26.83,,1601.67,,,,,,,,,,,,,,
Balch,JGOF_TT_011,Equatorial Pacific,"Balch et al., 1996",doi: 10.1016/0967-0645(96)00032-X,1992-08-29,8,0.1,-140,45,7,2.66,Diff,24,192.58,,839.17,,,,,,,,,,,,,,
Balch,JGOF_TT_011,Equatorial Pacific,"Balch et al., 1996",doi: 10.1016/0967-0645(96)00032-X,1992-08-29,8,0.1,-140,79,1,4.61,Diff,24,5.83,,151.25,,,,,,,,,,,,,,
Balch,JGOF_TT_011,Equatorial Pacific,"Balch et al., 1996",doi: 10.1016/0967-0645(96)00032-X,1992-08-29,8,0.1,-140,118,0.1,6.91,Diff,24,0.25,,29.58,,,,,,,,,,,,,,
Balch,JGOF_TT_011,Equatorial Pacific,"Balch et al., 1996",doi: 10.1016/0967-0645(96)00032-X,1992-09-01,9,-1,-140,1,100,0,Diff,24,106.75,,984.17,,,,,,,,,,,,,,
Balch,JGOF_TT_011,Equatorial Pacific,"Balch et al., 1996",doi: 10.1016/0967-0645(96)00032-X,1992-09-01,9,-1,-140,12,50,0.69,Diff,24,40.42,,1107.92,,,,,,,,,,,,,,
Balch,JGOF_TT_011,Equatorial Pacific,"Balch et al., 1996",doi: 10.1016/0967-0645(96)00032-X,1992-09-01,9,-1,-140,21,30,1.2,Diff,24,165.17,,1088.33,,,,,,,,,,,,,,
Balch,JGOF_TT_011,Equatorial Pacific,"Balch et al., 1996",doi: 10.1016/0967-0645(96)00032-X,1992-09-01,9,-1,-140,34,14,1.97,Diff,24,88.5,,1027.92,,,,,,,,,,,,,,
Balch,JGOF_TT_011,Equatorial Pacific,"Balch et al., 1996",doi: 10.1016/0967-0645(96)00032-X,1992-09-01,9,-1,-140,45,7,2.66,Diff,24,39.17,,884.17,,,,,,,,,,,,,,
Balch,JGOF_TT_011,Equatorial Pacific,"Balch et al., 1996",doi: 10.1016/0967-0645(96)00032-X,1992-09-01,9,-1,-140,60,3,3.51,Diff,24,34.83,,460.42,,,,,,,,,,,,,,
Balch,JGOF_TT_011,Equatorial Pacific,"Balch et al., 1996",doi: 10.1016/0967-0645(96)00032-X,1992-09-01,9,-1,-140,79,1,4.61,Diff,24,106.58,,167.08,,,,,,,,,,,,,,
Balch,JGOF_TT_011,Equatorial Pacific,"Balch et al., 1996",doi: 10.1016/0967-0645(96)00032-X,1992-09-01,9,-1,-140,118,0.1,6.91,Diff,24,7.5,,31.25,,,,,,,,,,,,,,
Balch,JGOF_TT_011,Equatorial Pacific,"Balch et al., 1996",doi: 10.1016/0967-0645(96)00032-X,1992-09-03,10,-2.1,-140,12,50,0.69,Diff,24,34.67,,1261.67,,,,,,,,,,,,,,
Balch,JGOF_TT_011,Equatorial Pacific,"Balch et al., 1996",doi: 10.1016/0967-0645(96)00032-X,1992-09-03,10,-2.1,-140,45,7,2.66,Diff,24,133.17,,1003.33,,,,,,,,,,,,,,
Balch,JGOF_TT_011,Equatorial Pacific,"Balch et al., 1996",doi: 10.1016/0967-0645(96)00032-X,1992-09-03,10,-2.1,-140,60,3,3.51,Diff,24,31,,515,,,,,,,,,,,,,,
Balch,JGOF_TT_011,Equatorial Pacific,"Balch et al., 1996",doi: 10.1016/0967-0645(96)00032-X,1992-09-03,10,-2.1,-140,79,1,4.61,Diff,24,67.08,,131.25,,,,,,,,,,,,,,
Balch,JGOF_TT_011,Equatorial Pacific,"Balch et al., 1996",doi: 10.1016/0967-0645(96)00032-X,1992-09-03,10,-2.1,-140,118,0.1,6.91,Diff,24,34.5,,25.42,,,,,,,,,,,,,,
Balch,JGOF_TT_011,Equatorial Pacific,"Balch et al., 1996",doi: 10.1016/0967-0645(96)00032-X,1992-09-06,11,-3.1,-140.1,1,100,0,Diff,24,416.25,,1375.42,,,,,,,,,,,,,,
Balch,JGOF_TT_011,Equatorial Pacific,"Balch et al., 1996",doi: 10.1016/0967-0645(96)00032-X,1992-09-06,11,-3.1,-140.1,12,50,0.69,Diff,24,46.25,,1392.5,,,,,,,,,,,,,,
Balch,JGOF_TT_011,Equatorial Pacific,"Balch et al., 1996",doi: 10.1016/0967-0645(96)00032-X,1992-09-06,11,-3.1,-140.1,60,3,3.51,Diff,24,25.42,,623.33,,,,,,,,,,,,,,
Balch,JGOF_TT_011,Equatorial Pacific,"Balch et al., 1996",doi: 10.1016/0967-0645(96)00032-X,1992-09-06,11,-3.1,-140.1,79,1,4.61,Diff,24,7.67,,139.58,,,,,,,,,,,,,,
Balch,JGOF_TT_011,Equatorial Pacific,"Balch et al., 1996",doi: 10.1016/0967-0645(96)00032-X,1992-09-06,11,-3.1,-140.1,118,0.1,6.91,Diff,24,5,,32.5,,,,,,,,,,,,,,
Balch,JGOF_TT_011,Equatorial Pacific,"Balch et al., 1996",doi: 10.1016/0967-0645(96)00032-X,1992-09-08,12,-5,-140,1,100,0,Diff,24,45.92,,785.42,,,,,,,,,,,,,,
Balch,JGOF_TT_011,Equatorial Pacific,"Balch et al., 1996",doi: 10.1016/0967-0645(96)00032-X,1992-09-08,12,-5,-140,12,50,0.69,Diff,24,41.25,,977.08,,,,,,,,,,,,,,
Balch,JGOF_TT_011,Equatorial Pacific,"Balch et al., 1996",doi: 10.1016/0967-0645(96)00032-X,1992-09-08,12,-5,-140,21,30,1.2,Diff,24,16.42,,780.83,,,,,,,,,,,,,,
Balch,JGOF_TT_011,Equatorial Pacific,"Balch et al., 1996",doi: 10.1016/0967-0645(96)00032-X,1992-09-08,12,-5,-140,34,14,1.97,Diff,24,94.08,,716.25,,,,,,,,,,,,,,
Balch,JGOF_TT_011,Equatorial Pacific,"Balch et al., 1996",doi: 10.1016/0967-0645(96)00032-X,1992-09-08,12,-5,-140,45,7,2.66,Diff,24,22.75,,610,,,,,,,,,,,,,,
Balch,JGOF_TT_011,Equatorial Pacific,"Balch et al., 1996",doi: 10.1016/0967-0645(96)00032-X,1992-09-08,12,-5,-140,60,3,3.51,Diff,24,62.08,,362.5,,,,,,,,,,,,,,
Balch,JGOF_TT_011,Equatorial Pacific,"Balch et al., 1996",doi: 10.1016/0967-0645(96)00032-X,1992-09-08,12,-5,-140,79,1,4.61,Diff,24,15.75,,115,,,,,,,,,,,,,,
Balch,JGOF_TT_011,Equatorial Pacific,"Balch et al., 1996",doi: 10.1016/0967-0645(96)00032-X,1992-09-08,12,-5,-140,118,0.1,6.91,Diff,24,9.33,,23.75,,,,,,,,,,,,,,
Balch,JGOF_TT_011,Equatorial Pacific,"Balch et al., 1996",doi: 10.1016/0967-0645(96)00032-X,1992-09-11,13,-7,-138.5,1,100,0,Diff,24,20.5,,743.75,,,,,,,,,,,,,,
Balch,JGOF_TT_011,Equatorial Pacific,"Balch et al., 1996",doi: 10.1016/0967-0645(96)00032-X,1992-09-11,13,-7,-138.5,15,50,0.69,Diff,24,61.83,,620.83,,,,,,,,,,,,,,
Balch,JGOF_TT_011,Equatorial Pacific,"Balch et al., 1996",doi: 10.1016/0967-0645(96)00032-X,1992-09-11,13,-7,-138.5,30,30,1.2,Diff,24,25.75,,717.5,,,,,,,,,,,,,,
Balch,JGOF_TT_011,Equatorial Pacific,"Balch et al., 1996",doi: 10.1016/0967-0645(96)00032-X,1992-09-11,13,-7,-138.5,45,14,1.97,Diff,24,64,,490.42,,,,,,,,,,,,,,
Balch,JGOF_TT_011,Equatorial Pacific,"Balch et al., 1996",doi: 10.1016/0967-0645(96)00032-X,1992-09-11,13,-7,-138.5,60,7,2.66,Diff,24,16.33,,354.17,,,,,,,,,,,,,,
Balch,JGOF_TT_011,Equatorial Pacific,"Balch et al., 1996",doi: 10.1016/0967-0645(96)00032-X,1992-09-11,13,-7,-138.5,75,3,3.51,Diff,24,30.75,,193.33,,,,,,,,,,,,,,
Balch,JGOF_TT_011,Equatorial Pacific,"Balch et al., 1996",doi: 10.1016/0967-0645(96)00032-X,1992-09-11,13,-7,-138.5,100,1,4.61,Diff,24,34.17,,35,,,,,,,,,,,,,,
Balch,JGOF_TT_011,Equatorial Pacific,"Balch et al., 1996",doi: 10.1016/0967-0645(96)00032-X,1992-09-11,13,-7,-138.5,118,0.1,6.91,Diff,24,19.92,,12.92,,,,,,,,,,,,,,
Balch,JGOF_TT_011,Equatorial Pacific,"Balch et al., 1996",doi: 10.1016/0967-0645(96)00032-X,1992-09-11,14,-9,-137,1,100,0,Diff,24,61.83,,848.75,,,,,,,,,,,,,,
Balch,JGOF_TT_011,Equatorial Pacific,"Balch et al., 1996",doi: 10.1016/0967-0645(96)00032-X,1992-09-11,14,-9,-137,12,50,0.69,Diff,24,38.83,,816.67,,,,,,,,,,,,,,
Balch,JGOF_TT_011,Equatorial Pacific,"Balch et al., 1996",doi: 10.1016/0967-0645(96)00032-X,1992-09-11,14,-9,-137,21,30,1.2,Diff,24,58.17,,751.25,,,,,,,,,,,,,,
Balch,JGOF_TT_011,Equatorial Pacific,"Balch et al., 1996",doi: 10.1016/0967-0645(96)00032-X,1992-09-11,14,-9,-137,34,14,1.97,Diff,24,44.75,,560.83,,,,,,,,,,,,,,
Balch,JGOF_TT_011,Equatorial Pacific,"Balch et al., 1996",doi: 10.1016/0967-0645(96)00032-X,1992-09-11,14,-9,-137,45,7,2.66,Diff,24,26.17,,339.17,,,,,,,,,,,,,,
Balch,JGOF_TT_011,Equatorial Pacific,"Balch et al., 1996",doi: 10.1016/0967-0645(96)00032-X,1992-09-11,14,-9,-137,60,3,3.51,Diff,24,1.25,,203.33,,,,,,,,,,,,,,
Balch,JGOF_TT_011,Equatorial Pacific,"Balch et al., 1996",doi: 10.1016/0967-0645(96)00032-X,1992-09-11,14,-9,-137,79,1,4.61,Diff,24,43.33,,69.58,,,,,,,,,,,,,,
Balch,JGOF_TT_011,Equatorial Pacific,"Balch et al., 1996",doi: 10.1016/0967-0645(96)00032-X,1992-09-11,14,-9,-137,118,0.1,6.91,Diff,24,19.83,,17.92,,,,,,,,,,,,,,
Balch,JGOF_TT_011,Equatorial Pacific,"Balch et al., 1996",doi: 10.1016/0967-0645(96)00032-X,1992-09-13,15,-12,-135,1,100,0,Diff,24,103.75,,782.5,,,,,,,,,,,,,,
Balch,JGOF_TT_011,Equatorial Pacific,"Balch et al., 1996",doi: 10.1016/0967-0645(96)00032-X,1992-09-13,15,-12,-135,12,50,0.69,Diff,24,36.17,,704.58,,,,,,,,,,,,,,
Balch,JGOF_TT_011,Equatorial Pacific,"Balch et al., 1996",doi: 10.1016/0967-0645(96)00032-X,1992-09-13,15,-12,-135,21,30,1.2,Diff,24,58.42,,718.33,,,,,,,,,,,,,,
Balch,JGOF_TT_011,Equatorial Pacific,"Balch et al., 1996",doi: 10.1016/0967-0645(96)00032-X,1992-09-13,15,-12,-135,34,14,1.97,Diff,24,26.92,,493.75,,,,,,,,,,,,,,
Balch,JGOF_TT_011,Equatorial Pacific,"Balch et al., 1996",doi: 10.1016/0967-0645(96)00032-X,1992-09-13,15,-12,-135,45,7,2.66,Diff,24,18.75,,312.08,,,,,,,,,,,,,,
Balch,JGOF_TT_011,Equatorial Pacific,"Balch et al., 1996",doi: 10.1016/0967-0645(96)00032-X,1992-09-13,15,-12,-135,60,3,3.51,Diff,24,72.58,,153.33,,,,,,,,,,,,,,
Balch,JGOF_TT_011,Equatorial Pacific,"Balch et al., 1996",doi: 10.1016/0967-0645(96)00032-X,1992-09-13,15,-12,-135,79,1,4.61,Diff,24,31.67,,76.25,,,,,,,,,,,,,,
Balch,JGOF_TT_011,Equatorial Pacific,"Balch et al., 1996",doi: 10.1016/0967-0645(96)00032-X,1992-09-13,15,-12,-135,118,0.1,6.91,Diff,24,16.83,,52.08,,,,,,,,,,,,,,
Balch,JGOF_TT_049,Arabian Sea,"Balch et al., 2000",doi: 10.1016/S0967-0645(99)00145-9,1995-07-18,1,22.367,59.883,1,100,0,MDT,24,2728.92,,53280,,,,,,,,,,,,,,
Balch,JGOF_TT_049,Arabian Sea,"Balch et al., 2000",doi: 10.1016/S0967-0645(99)00145-9,1995-07-18,1,22.367,59.883,2,50,0.69,MDT,24,2467.17,,32990,,,,,,,,,,,,,,
Balch,JGOF_TT_049,Arabian Sea,"Balch et al., 2000",doi: 10.1016/S0967-0645(99)00145-9,1995-07-18,1,22.367,59.883,4,30,1.2,MDT,24,1199.67,,35550,,,,,,,,,,,,,,
Balch,JGOF_TT_049,Arabian Sea,"Balch et al., 2000",doi: 10.1016/S0967-0645(99)00145-9,1995-07-18,1,22.367,59.883,6,14,1.97,MDT,24,64.83,,15180,,,,,,,,,,,,,,
Balch,JGOF_TT_049,Arabian Sea,"Balch et al., 2000",doi: 10.1016/S0967-0645(99)00145-9,1995-07-18,1,22.367,59.883,9,7,2.66,MDT,24,67.67,,8180,,,,,,,,,,,,,,
Balch,JGOF_TT_049,Arabian Sea,"Balch et al., 2000",doi: 10.1016/S0967-0645(99)00145-9,1995-07-18,1,22.367,59.883,13,3,3.51,MDT,24,7.17,,2030,,,,,,,,,,,,,,
Balch,JGOF_TT_049,Arabian Sea,"Balch et al., 2000",doi: 10.1016/S0967-0645(99)00145-9,1995-07-18,1,22.367,59.883,16,1,4.61,MDT,24,13.42,,1220,,,,,,,,,,,,,,
Balch,JGOF_TT_049,Arabian Sea,"Balch et al., 2000",doi: 10.1016/S0967-0645(99)00145-9,1995-07-18,1,22.367,59.883,23,0.1,6.91,MDT,24,1.33,,440,,,,,,,,,,,,,,
Balch,JGOF_TT_049,Arabian Sea,"Balch et al., 2000",doi: 10.1016/S0967-0645(99)00145-9,1995-07-18,2,22.516,61.175,1,100,0,MDT,24,26.67,,5860,,,,,,,,,,,,,,
Balch,JGOF_TT_049,Arabian Sea,"Balch et al., 2000",doi: 10.1016/S0967-0645(99)00145-9,1995-07-18,2,22.516,61.175,3,50,0.69,MDT,24,67,,5910,,,,,,,,,,,,,,
Balch,JGOF_TT_049,Arabian Sea,"Balch et al., 2000",doi: 10.1016/S0967-0645(99)00145-9,1995-07-18,2,22.516,61.175,9,30,1.2,MDT,24,26.5,,4790,,,,,,,,,,,,,,
Balch,JGOF_TT_049,Arabian Sea,"Balch et al., 2000",doi: 10.1016/S0967-0645(99)00145-9,1995-07-18,2,22.516,61.175,14,14,1.97,MDT,24,27.58,,3470,,,,,,,,,,,,,,
Balch,JGOF_TT_049,Arabian Sea,"Balch et al., 2000",doi: 10.1016/S0967-0645(99)00145-9,1995-07-18,2,22.516,61.175,21,7,2.66,MDT,24,14.08,,2540,,,,,,,,,,,,,,
Balch,JGOF_TT_049,Arabian Sea,"Balch et al., 2000",doi: 10.1016/S0967-0645(99)00145-9,1995-07-18,2,22.516,61.175,29,3,3.51,MDT,24,11.83,,1600,,,,,,,,,,,,,,
Balch,JGOF_TT_049,Arabian Sea,"Balch et al., 2000",doi: 10.1016/S0967-0645(99)00145-9,1995-07-18,2,22.516,61.175,35,1,4.61,MDT,24,11.75,,800,,,,,,,,,,,,,,
Balch,JGOF_TT_049,Arabian Sea,"Balch et al., 2000",doi: 10.1016/S0967-0645(99)00145-9,1995-07-18,2,22.516,61.175,50,0.1,6.91,MDT,24,1.67,,340,,,,,,,,,,,,,,
Balch,JGOF_TT_049,Arabian Sea,"Balch et al., 2000",doi: 10.1016/S0967-0645(99)00145-9,1995-07-18,UW_1,22.45,60.108,1,100,0,MDT,24,229.34,,9372.16,,,,,,,,,,,,,,
Balch,JGOF_TT_049,Arabian Sea,"Balch et al., 2000",doi: 10.1016/S0967-0645(99)00145-9,1995-07-18,UW_2,22.459,60.546,1,100,0,MDT,24,310.7,,5009.45,,,,,,,,,,,,,,
Balch,JGOF_TT_049,Arabian Sea,"Balch et al., 2000",doi: 10.1016/S0967-0645(99)00145-9,1995-07-18,UW_3,22.486,60.98,1,100,0,MDT,24,134.81,,2788.61,,,,,,,,,,,,,,
Balch,JGOF_TT_049,Arabian Sea,"Balch et al., 2000",doi: 10.1016/S0967-0645(99)00145-9,1995-07-18,UW_4,22.351,61.519,1,100,0,MDT,24,26.61,,3278.25,,,,,,,,,,,,,,
Balch,JGOF_TT_049,Arabian Sea,"Balch et al., 2000",doi: 10.1016/S0967-0645(99)00145-9,1995-07-18,UW_5,22.118,61.847,1,100,0,MDT,24,41.35,,3942.7,,,,,,,,,,,,,,
Balch,JGOF_TT_049,Arabian Sea,"Balch et al., 2000",doi: 10.1016/S0967-0645(99)00145-9,1995-07-18,UW_6,21.932,62.189,1,100,0,MDT,24,47.35,,4647.74,,,,,,,,,,,,,,
Balch,JGOF_TT_049,Arabian Sea,"Balch et al., 2000",doi: 10.1016/S0967-0645(99)00145-9,1995-07-19,3,21.825,62.397,1,100,0,MDT,24,188.25,,2860,,,,,,,,,,,,,,
Balch,JGOF_TT_049,Arabian Sea,"Balch et al., 2000",doi: 10.1016/S0967-0645(99)00145-9,1995-07-19,3,21.825,62.397,5,50,0.69,MDT,24,222.83,,2490,,,,,,,,,,,,,,
Balch,JGOF_TT_049,Arabian Sea,"Balch et al., 2000",doi: 10.1016/S0967-0645(99)00145-9,1995-07-19,3,21.825,62.397,11,30,1.2,MDT,24,238.25,,2920,,,,,,,,,,,,,,
Balch,JGOF_TT_049,Arabian Sea,"Balch et al., 2000",doi: 10.1016/S0967-0645(99)00145-9,1995-07-19,3,21.825,62.397,18,14,1.97,MDT,24,151.83,,2480,,,,,,,,,,,,,,
Balch,JGOF_TT_049,Arabian Sea,"Balch et al., 2000",doi: 10.1016/S0967-0645(99)00145-9,1995-07-19,3,21.825,62.397,27,7,2.66,MDT,24,54.92,,840,,,,,,,,,,,,,,
Balch,JGOF_TT_049,Arabian Sea,"Balch et al., 2000",doi: 10.1016/S0967-0645(99)00145-9,1995-07-19,3,21.825,62.397,37,3,3.51,MDT,24,20.25,,430,,,,,,,,,,,,,,
Balch,JGOF_TT_049,Arabian Sea,"Balch et al., 2000",doi: 10.1016/S0967-0645(99)00145-9,1995-07-19,3,21.825,62.397,45,1,4.61,MDT,24,8.17,,170,,,,,,,,,,,,,,
Balch,JGOF_TT_049,Arabian Sea,"Balch et al., 2000",doi: 10.1016/S0967-0645(99)00145-9,1995-07-19,4,21.178,63.557,1,100,0,MDT,24,47,,2550,,,,,,,,,,,,,,
Balch,JGOF_TT_049,Arabian Sea,"Balch et al., 2000",doi: 10.1016/S0967-0645(99)00145-9,1995-07-19,4,21.178,63.557,4,50,0.69,MDT,24,36.5,,2600,,,,,,,,,,,,,,
Balch,JGOF_TT_049,Arabian Sea,"Balch et al., 2000",doi: 10.1016/S0967-0645(99)00145-9,1995-07-19,4,21.178,63.557,12,30,1.2,MDT,24,35.83,,2120,,,,,,,,,,,,,,
Balch,JGOF_TT_049,Arabian Sea,"Balch et al., 2000",doi: 10.1016/S0967-0645(99)00145-9,1995-07-19,4,21.178,63.557,19,14,1.97,MDT,24,31.92,,1950,,,,,,,,,,,,,,
Balch,JGOF_TT_049,Arabian Sea,"Balch et al., 2000",doi: 10.1016/S0967-0645(99)00145-9,1995-07-19,4,21.178,63.557,28,7,2.66,MDT,24,15.83,,1160,,,,,,,,,,,,,,
Balch,JGOF_TT_049,Arabian Sea,"Balch et al., 2000",doi: 10.1016/S0967-0645(99)00145-9,1995-07-19,4,21.178,63.557,39,3,3.51,MDT,24,21,,600,,,,,,,,,,,,,,
Balch,JGOF_TT_049,Arabian Sea,"Balch et al., 2000",doi: 10.1016/S0967-0645(99)00145-9,1995-07-19,4,21.178,63.557,48,1,4.61,MDT,24,5.92,,220,,,,,,,,,,,,,,
Balch,JGOF_TT_049,Arabian Sea,"Balch et al., 2000",doi: 10.1016/S0967-0645(99)00145-9,1995-07-19,4,21.178,63.557,68,0.1,6.91,MDT,24,9.33,,80,,,,,,,,,,,,,,
Balch,JGOF_TT_049,Arabian Sea,"Balch et al., 2000",doi: 10.1016/S0967-0645(99)00145-9,1995-07-19,UW_10,21.036,63.817,1,100,0,MDT,24,482.04,,1546.53,,,,,,,,,,,,,,
Balch,JGOF_TT_049,Arabian Sea,"Balch et al., 2000",doi: 10.1016/S0967-0645(99)00145-9,1995-07-19,UW_11,20.821,64.194,1,100,0,MDT,24,58.99,,337.3,,,,,,,,,,,,,,
Balch,JGOF_TT_049,Arabian Sea,"Balch et al., 2000",doi: 10.1016/S0967-0645(99)00145-9,1995-07-19,UW_12,20.617,64.565,1,100,0,MDT,24,26.07,,273.42,,,,,,,,,,,,,,
Balch,JGOF_TT_049,Arabian Sea,"Balch et al., 2000",doi: 10.1016/S0967-0645(99)00145-9,1995-07-19,UW_7,21.647,62.764,1,100,0,MDT,24,176.92,,1967.46,,,,,,,,,,,,,,
Balch,JGOF_TT_049,Arabian Sea,"Balch et al., 2000",doi: 10.1016/S0967-0645(99)00145-9,1995-07-19,UW_8,21.429,63.157,1,100,0,MDT,24,51.84,,468.44,,,,,,,,,,,,,,
Balch,JGOF_TT_049,Arabian Sea,"Balch et al., 2000",doi: 10.1016/S0967-0645(99)00145-9,1995-07-19,UW_9,21.208,63.519,1,100,0,MDT,24,57.12,,856.5,,,,,,,,,,,,,,
Balch,JGOF_TT_049,Arabian Sea,"Balch et al., 2000",doi: 10.1016/S0967-0645(99)00145-9,1995-07-20,5,20.553,64.66,2,100,0,MDT,24,45.75,,430,,,,,,,,,,,,,,
Balch,JGOF_TT_049,Arabian Sea,"Balch et al., 2000",doi: 10.1016/S0967-0645(99)00145-9,1995-07-20,5,20.553,64.66,6,50,0.69,MDT,24,37.92,,480,,,,,,,,,,,,,,
Balch,JGOF_TT_049,Arabian Sea,"Balch et al., 2000",doi: 10.1016/S0967-0645(99)00145-9,1995-07-20,5,20.553,64.66,18,30,1.2,MDT,24,29.83,,430,,,,,,,,,,,,,,
Balch,JGOF_TT_049,Arabian Sea,"Balch et al., 2000",doi: 10.1016/S0967-0645(99)00145-9,1995-07-20,5,20.553,64.66,28,14,1.97,MDT,24,31.33,,620,,,,,,,,,,,,,,
Balch,JGOF_TT_049,Arabian Sea,"Balch et al., 2000",doi: 10.1016/S0967-0645(99)00145-9,1995-07-20,5,20.553,64.66,41,7,2.66,MDT,24,55.67,,580,,,,,,,,,,,,,,
Balch,JGOF_TT_049,Arabian Sea,"Balch et al., 2000",doi: 10.1016/S0967-0645(99)00145-9,1995-07-20,5,20.553,64.66,58,3,3.51,MDT,24,27.58,,300,,,,,,,,,,,,,,
Balch,JGOF_TT_049,Arabian Sea,"Balch et al., 2000",doi: 10.1016/S0967-0645(99)00145-9,1995-07-20,5,20.553,64.66,70,1,4.61,MDT,24,23.83,,220,,,,,,,,,,,,,,
Balch,JGOF_TT_049,Arabian Sea,"Balch et al., 2000",doi: 10.1016/S0967-0645(99)00145-9,1995-07-20,5,20.553,64.66,100,0.1,6.91,MDT,24,30,,280,,,,,,,,,,,,,,
Balch,JGOF_TT_049,Arabian Sea,"Balch et al., 2000",doi: 10.1016/S0967-0645(99)00145-9,1995-07-20,6,19.87,65.888,1,100,0,MDT,24,20.17,,1170,,,,,,,,,,,,,,
Balch,JGOF_TT_049,Arabian Sea,"Balch et al., 2000",doi: 10.1016/S0967-0645(99)00145-9,1995-07-20,6,19.87,65.888,4,50,0.69,MDT,24,17.08,,1210,,,,,,,,,,,,,,
Balch,JGOF_TT_049,Arabian Sea,"Balch et al., 2000",doi: 10.1016/S0967-0645(99)00145-9,1995-07-20,6,19.87,65.888,12,30,1.2,MDT,24,30.25,,1510,,,,,,,,,,,,,,
Balch,JGOF_TT_049,Arabian Sea,"Balch et al., 2000",doi: 10.1016/S0967-0645(99)00145-9,1995-07-20,6,19.87,65.888,19,14,1.97,MDT,24,8.08,,570,,,,,,,,,,,,,,
Balch,JGOF_TT_049,Arabian Sea,"Balch et al., 2000",doi: 10.1016/S0967-0645(99)00145-9,1995-07-20,6,19.87,65.888,28,7,2.66,MDT,24,24.17,,1040,,,,,,,,,,,,,,
Balch,JGOF_TT_049,Arabian Sea,"Balch et al., 2000",doi: 10.1016/S0967-0645(99)00145-9,1995-07-20,6,19.87,65.888,39,3,3.51,MDT,24,12.58,,540,,,,,,,,,,,,,,
Balch,JGOF_TT_049,Arabian Sea,"Balch et al., 2000",doi: 10.1016/S0967-0645(99)00145-9,1995-07-20,6,19.87,65.888,48,1,4.61,MDT,24,12.67,,480,,,,,,,,,,,,,,
Balch,JGOF_TT_049,Arabian Sea,"Balch et al., 2000",doi: 10.1016/S0967-0645(99)00145-9,1995-07-20,6,19.87,65.888,68,0.1,6.91,MDT,24,9.83,,410,,,,,,,,,,,,,,
Balch,JGOF_TT_049,Arabian Sea,"Balch et al., 2000",doi: 10.1016/S0967-0645(99)00145-9,1995-07-20,UW_13,20.338,65.031,1,100,0,MDT,24,54.04,,361.41,,,,,,,,,,,,,,
Balch,JGOF_TT_049,Arabian Sea,"Balch et al., 2000",doi: 10.1016/S0967-0645(99)00145-9,1995-07-20,UW_14,20.121,65.457,1,100,0,MDT,24,34.71,,373.58,,,,,,,,,,,,,,
Balch,JGOF_TT_049,Arabian Sea,"Balch et al., 2000",doi: 10.1016/S0967-0645(99)00145-9,1995-07-20,UW_15,19.687,66.193,1,100,0,MDT,24,38.95,,272.23,,,,,,,,,,,,,,
Balch,JGOF_TT_049,Arabian Sea,"Balch et al., 2000",doi: 10.1016/S0967-0645(99)00145-9,1995-07-20,UW_16,19.488,66.595,1,100,0,MDT,24,61.87,,577.29,,,,,,,,,,,,,,
Balch,JGOF_TT_049,Arabian Sea,"Balch et al., 2000",doi: 10.1016/S0967-0645(99)00145-9,1995-07-21,7,19.199,67.172,1,100,0,MDT,24,29.67,,870,,,,,,,,,,,,,,
Balch,JGOF_TT_049,Arabian Sea,"Balch et al., 2000",doi: 10.1016/S0967-0645(99)00145-9,1995-07-21,7,19.199,67.172,5,50,0.69,MDT,24,52,,1560,,,,,,,,,,,,,,
Balch,JGOF_TT_049,Arabian Sea,"Balch et al., 2000",doi: 10.1016/S0967-0645(99)00145-9,1995-07-21,7,19.199,67.172,16,30,1.2,MDT,24,49.83,,1480,,,,,,,,,,,,,,
Balch,JGOF_TT_049,Arabian Sea,"Balch et al., 2000",doi: 10.1016/S0967-0645(99)00145-9,1995-07-21,7,19.199,67.172,25,14,1.97,MDT,24,23.08,,1120,,,,,,,,,,,,,,
Balch,JGOF_TT_049,Arabian Sea,"Balch et al., 2000",doi: 10.1016/S0967-0645(99)00145-9,1995-07-21,7,19.198,67.171,36,7,2.66,MDT,24,31,,750,,,,,,,,,,,,,,
Balch,JGOF_TT_049,Arabian Sea,"Balch et al., 2000",doi: 10.1016/S0967-0645(99)00145-9,1995-07-21,7,19.198,67.171,51,3,3.51,MDT,24,23.67,,550,,,,,,,,,,,,,,
Balch,JGOF_TT_049,Arabian Sea,"Balch et al., 2000",doi: 10.1016/S0967-0645(99)00145-9,1995-07-21,7,19.198,67.171,61,1,4.61,MDT,24,14.17,,250,,,,,,,,,,,,,,
Balch,JGOF_TT_049,Arabian Sea,"Balch et al., 2000",doi: 10.1016/S0967-0645(99)00145-9,1995-07-21,7,19.198,67.171,88,0.1,6.91,MDT,24,9.25,,380,,,,,,,,,,,,,,
Balch,JGOF_TT_049,Arabian Sea,"Balch et al., 2000",doi: 10.1016/S0967-0645(99)00145-9,1995-07-21,UW_17,19.273,67.042,1,100,0,MDT,24,69.69,,352.2,,,,,,,,,,,,,,
Balch,JGOF_TT_049,Arabian Sea,"Balch et al., 2000",doi: 10.1016/S0967-0645(99)00145-9,1995-07-23,8,18.272,67.599,1,100,0,MDT,24,42.25,,1010,,,,,,,,,,,,,,
Balch,JGOF_TT_049,Arabian Sea,"Balch et al., 2000",doi: 10.1016/S0967-0645(99)00145-9,1995-07-23,8,18.272,67.599,5,50,0.69,MDT,24,135.42,,1700,,,,,,,,,,,,,,
Balch,JGOF_TT_049,Arabian Sea,"Balch et al., 2000",doi: 10.1016/S0967-0645(99)00145-9,1995-07-23,8,18.272,67.599,14,30,1.2,MDT,24,102,,1260,,,,,,,,,,,,,,
Balch,JGOF_TT_049,Arabian Sea,"Balch et al., 2000",doi: 10.1016/S0967-0645(99)00145-9,1995-07-23,8,18.272,67.599,23,14,1.97,MDT,24,30.42,,1270,,,,,,,,,,,,,,
Balch,JGOF_TT_049,Arabian Sea,"Balch et al., 2000",doi: 10.1016/S0967-0645(99)00145-9,1995-07-23,8,18.272,67.599,33,7,2.66,MDT,24,107.17,,1000,,,,,,,,,,,,,,
Balch,JGOF_TT_049,Arabian Sea,"Balch et al., 2000",doi: 10.1016/S0967-0645(99)00145-9,1995-07-23,8,18.272,67.599,46,3,3.51,MDT,24,3,,560,,,,,,,,,,,,,,
Balch,JGOF_TT_049,Arabian Sea,"Balch et al., 2000",doi: 10.1016/S0967-0645(99)00145-9,1995-07-23,8,18.272,67.599,56,1,4.61,MDT,24,0.42,,280,,,,,,,,,,,,,,
Balch,JGOF_TT_049,Arabian Sea,"Balch et al., 2000",doi: 10.1016/S0967-0645(99)00145-9,1995-07-23,8,18.272,67.599,80,0.1,6.91,MDT,24,7.58,,330,,,,,,,,,,,,,,
Balch,JGOF_TT_049,Arabian Sea,"Balch et al., 2000",doi: 10.1016/S0967-0645(99)00145-9,1995-07-23,11,15.383,68.75,1,100,0,MDT,24,87.33,,2610,,,,,,,,,,,,,,
Balch,JGOF_TT_049,Arabian Sea,"Balch et al., 2000",doi: 10.1016/S0967-0645(99)00145-9,1995-07-23,11,15.383,68.75,4,50,0.69,MDT,24,40,,1940,,,,,,,,,,,,,,
Balch,JGOF_TT_049,Arabian Sea,"Balch et al., 2000",doi: 10.1016/S0967-0645(99)00145-9,1995-07-23,11,15.383,68.75,12,30,1.2,MDT,24,38.33,,2560,,,,,,,,,,,,,,
Balch,JGOF_TT_049,Arabian Sea,"Balch et al., 2000",doi: 10.1016/S0967-0645(99)00145-9,1995-07-23,11,15.383,68.75,19,14,1.97,MDT,24,63.58,,2640,,,,,,,,,,,,,,
Balch,JGOF_TT_049,Arabian Sea,"Balch et al., 2000",doi: 10.1016/S0967-0645(99)00145-9,1995-07-23,11,15.383,68.75,27,7,2.66,MDT,24,56.08,,1940,,,,,,,,,,,,,,
Balch,JGOF_TT_049,Arabian Sea,"Balch et al., 2000",doi: 10.1016/S0967-0645(99)00145-9,1995-07-23,11,15.383,68.75,38,3,3.51,MDT,24,52.17,,1370,,,,,,,,,,,,,,
Balch,JGOF_TT_049,Arabian Sea,"Balch et al., 2000",doi: 10.1016/S0967-0645(99)00145-9,1995-07-23,11,15.383,68.75,46,1,4.61,MDT,24,50,,1090,,,,,,,,,,,,,,
Balch,JGOF_TT_049,Arabian Sea,"Balch et al., 2000",doi: 10.1016/S0967-0645(99)00145-9,1995-07-23,11,15.383,68.75,66,0.1,6.91,MDT,24,21.83,,300,,,,,,,,,,,,,,
Balch,JGOF_TT_049,Arabian Sea,"Balch et al., 2000",doi: 10.1016/S0967-0645(99)00145-9,1995-07-23,UW_18,18.961,67.26,1,100,0,MDT,24,35.38,,831.01,,,,,,,,,,,,,,
Balch,JGOF_TT_049,Arabian Sea,"Balch et al., 2000",doi: 10.1016/S0967-0645(99)00145-9,1995-07-23,UW_19,18.599,67.428,1,100,0,MDT,24,13.27,,699.1,,,,,,,,,,,,,,
Balch,JGOF_TT_049,Arabian Sea,"Balch et al., 2000",doi: 10.1016/S0967-0645(99)00145-9,1995-07-23,UW_20,17.893,67.742,1,100,0,MDT,24,32.02,,631.06,,,,,,,,,,,,,,
Balch,JGOF_TT_049,Arabian Sea,"Balch et al., 2000",doi: 10.1016/S0967-0645(99)00145-9,1995-07-23,UW_21,17.461,67.888,1,100,0,MDT,24,18.02,,850.12,,,,,,,,,,,,,,
Balch,JGOF_TT_049,Arabian Sea,"Balch et al., 2000",doi: 10.1016/S0967-0645(99)00145-9,1995-07-24,9,17.299,67.937,1,100,0,MDT,24,6.17,,990,,,,,,,,,,,,,,
Balch,JGOF_TT_049,Arabian Sea,"Balch et al., 2000",doi: 10.1016/S0967-0645(99)00145-9,1995-07-24,9,17.299,67.937,4,50,0.69,MDT,24,16.75,,850,,,,,,,,,,,,,,
Balch,JGOF_TT_049,Arabian Sea,"Balch et al., 2000",doi: 10.1016/S0967-0645(99)00145-9,1995-07-24,9,17.299,67.937,12,30,1.2,MDT,24,3.17,,810,,,,,,,,,,,,,,
Balch,JGOF_TT_049,Arabian Sea,"Balch et al., 2000",doi: 10.1016/S0967-0645(99)00145-9,1995-07-24,9,17.299,67.937,19,14,1.97,MDT,24,6.33,,1010,,,,,,,,,,,,,,
Balch,JGOF_TT_049,Arabian Sea,"Balch et al., 2000",doi: 10.1016/S0967-0645(99)00145-9,1995-07-24,9,17.299,67.937,27,7,2.66,MDT,24,7.42,,700,,,,,,,,,,,,,,
Balch,JGOF_TT_049,Arabian Sea,"Balch et al., 2000",doi: 10.1016/S0967-0645(99)00145-9,1995-07-24,9,17.299,67.937,38,3,3.51,MDT,24,5.17,,370,,,,,,,,,,,,,,
Balch,JGOF_TT_049,Arabian Sea,"Balch et al., 2000",doi: 10.1016/S0967-0645(99)00145-9,1995-07-24,9,17.299,67.937,46,1,4.61,MDT,24,10.42,,440,,,,,,,,,,,,,,
Balch,JGOF_TT_049,Arabian Sea,"Balch et al., 2000",doi: 10.1016/S0967-0645(99)00145-9,1995-07-24,9,17.299,67.937,66,0.1,6.91,MDT,24,2.08,,560,,,,,,,,,,,,,,
Balch,JGOF_TT_049,Arabian Sea,"Balch et al., 2000",doi: 10.1016/S0967-0645(99)00145-9,1995-07-24,10,16.32,68.373,1,100,0,MDT,24,140.83,,2140,,,,,,,,,,,,,,
Balch,JGOF_TT_049,Arabian Sea,"Balch et al., 2000",doi: 10.1016/S0967-0645(99)00145-9,1995-07-24,10,16.32,68.373,4,50,0.69,MDT,24,89.75,,2820,,,,,,,,,,,,,,
Balch,JGOF_TT_049,Arabian Sea,"Balch et al., 2000",doi: 10.1016/S0967-0645(99)00145-9,1995-07-24,10,16.32,68.373,12,30,1.2,MDT,24,38.83,,2360,,,,,,,,,,,,,,
Balch,JGOF_TT_049,Arabian Sea,"Balch et al., 2000",doi: 10.1016/S0967-0645(99)00145-9,1995-07-24,10,16.32,68.373,19,14,1.97,MDT,24,102.33,,2400,,,,,,,,,,,,,,
Balch,JGOF_TT_049,Arabian Sea,"Balch et al., 2000",doi: 10.1016/S0967-0645(99)00145-9,1995-07-24,10,16.32,68.373,27,7,2.66,MDT,24,153.83,,2550,,,,,,,,,,,,,,
Balch,JGOF_TT_049,Arabian Sea,"Balch et al., 2000",doi: 10.1016/S0967-0645(99)00145-9,1995-07-24,10,16.32,68.373,38,3,3.51,MDT,24,17.58,,1630,,,,,,,,,,,,,,
Balch,JGOF_TT_049,Arabian Sea,"Balch et al., 2000",doi: 10.1016/S0967-0645(99)00145-9,1995-07-24,10,16.32,68.373,46,1,4.61,MDT,24,73.75,,980,,,,,,,,,,,,,,
Balch,JGOF_TT_049,Arabian Sea,"Balch et al., 2000",doi: 10.1016/S0967-0645(99)00145-9,1995-07-24,10,16.32,68.373,66,0.1,6.91,MDT,24,30.92,,470,,,,,,,,,,,,,,
Balch,JGOF_TT_049,Arabian Sea,"Balch et al., 2000",doi: 10.1016/S0967-0645(99)00145-9,1995-07-24,UW_22,16.876,68.114,1,100,0,MDT,24,112.96,,1022.3,,,,,,,,,,,,,,
Balch,JGOF_TT_049,Arabian Sea,"Balch et al., 2000",doi: 10.1016/S0967-0645(99)00145-9,1995-07-24,UW_23,15.971,68.584,1,100,0,MDT,24,57.61,,894.98,,,,,,,,,,,,,,
Balch,JGOF_TT_049,Arabian Sea,"Balch et al., 2000",doi: 10.1016/S0967-0645(99)00145-9,1995-07-24,UW_24,15.541,68.712,1,100,0,MDT,24,109.18,,1943.93,,,,,,,,,,,,,,
Balch,JGOF_TT_049,Arabian Sea,"Balch et al., 2000",doi: 10.1016/S0967-0645(99)00145-9,1995-07-25,12,14.898,66.891,1,100,0,MDT,24,22.17,,890,,,,,,,,,,,,,,
Balch,JGOF_TT_049,Arabian Sea,"Balch et al., 2000",doi: 10.1016/S0967-0645(99)00145-9,1995-07-25,12,14.898,66.891,4,50,0.69,MDT,24,125.08,,1220,,,,,,,,,,,,,,
Balch,JGOF_TT_049,Arabian Sea,"Balch et al., 2000",doi: 10.1016/S0967-0645(99)00145-9,1995-07-25,12,14.898,66.891,12,30,1.2,MDT,24,218.5,,1520,,,,,,,,,,,,,,
Balch,JGOF_TT_049,Arabian Sea,"Balch et al., 2000",doi: 10.1016/S0967-0645(99)00145-9,1995-07-25,12,14.898,66.891,19,14,1.97,MDT,24,142.83,,1620,,,,,,,,,,,,,,
Balch,JGOF_TT_049,Arabian Sea,"Balch et al., 2000",doi: 10.1016/S0967-0645(99)00145-9,1995-07-25,12,14.898,66.891,27,7,2.66,MDT,24,0.5,,30,,,,,,,,,,,,,,
Balch,JGOF_TT_049,Arabian Sea,"Balch et al., 2000",doi: 10.1016/S0967-0645(99)00145-9,1995-07-25,12,14.898,66.891,38,3,3.51,MDT,24,91.92,,920,,,,,,,,,,,,,,
Balch,JGOF_TT_049,Arabian Sea,"Balch et al., 2000",doi: 10.1016/S0967-0645(99)00145-9,1995-07-25,12,14.898,66.891,46,1,4.61,MDT,24,47.92,,590,,,,,,,,,,,,,,
Balch,JGOF_TT_049,Arabian Sea,"Balch et al., 2000",doi: 10.1016/S0967-0645(99)00145-9,1995-07-25,12,14.898,66.891,66,0.1,6.91,MDT,24,10.92,,320,,,,,,,,,,,,,,
Balch,JGOF_TT_049,Arabian Sea,"Balch et al., 2000",doi: 10.1016/S0967-0645(99)00145-9,1995-07-25,UW_25,15.238,68.303,1,100,0,MDT,24,81.86,,972.89,,,,,,,,,,,,,,
Balch,JGOF_TT_049,Arabian Sea,"Balch et al., 2000",doi: 10.1016/S0967-0645(99)00145-9,1995-07-25,UW_26,15.166,67.933,1,100,0,MDT,24,124.81,,919.37,,,,,,,,,,,,,,
Balch,JGOF_TT_049,Arabian Sea,"Balch et al., 2000",doi: 10.1016/S0967-0645(99)00145-9,1995-07-25,UW_27,15.093,67.564,1,100,0,MDT,24,73.85,,685.71,,,,,,,,,,,,,,
Balch,JGOF_TT_049,Arabian Sea,"Balch et al., 2000",doi: 10.1016/S0967-0645(99)00145-9,1995-07-25,UW_28,14.997,67.233,1,100,0,MDT,24,63.6,,1105.69,,,,,,,,,,,,,,
Balch,JGOF_TT_049,Arabian Sea,"Balch et al., 2000",doi: 10.1016/S0967-0645(99)00145-9,1995-07-26,UW_29,15.022,66.436,1,100,0,MDT,24,12.43,,844.01,,,,,,,,,,,,,,
Balch,JGOF_TT_049,Arabian Sea,"Balch et al., 2000",doi: 10.1016/S0967-0645(99)00145-9,1995-07-26,UW_30,15.135,66.103,1,100,0,MDT,24,18.88,,535.87,,,,,,,,,,,,,,
Balch,JGOF_TT_049,Arabian Sea,"Balch et al., 2000",doi: 10.1016/S0967-0645(99)00145-9,1995-07-26,UW_31,15.264,65.705,1,100,0,MDT,24,15.04,,1057.79,,,,,,,,,,,,,,
Balch,JGOF_TT_049,Arabian Sea,"Balch et al., 2000",doi: 10.1016/S0967-0645(99)00145-9,1995-07-26,UW_32,15.417,65.225,1,100,0,MDT,24,13.87,,417.16,,,,,,,,,,,,,,
Balch,JGOF_TT_049,Arabian Sea,"Balch et al., 2000",doi: 10.1016/S0967-0645(99)00145-9,1995-07-26,UW_33,15.228,64.879,1,100,0,MDT,24,7.62,,235.72,,,,,,,,,,,,,,
Balch,JGOF_TT_049,Arabian Sea,"Balch et al., 2000",doi: 10.1016/S0967-0645(99)00145-9,1995-07-26,UW_34,15.637,64.548,1,100,0,MDT,24,29.3,,464.79,,,,,,,,,,,,,,
Balch,JGOF_TT_049,Arabian Sea,"Balch et al., 2000",doi: 10.1016/S0967-0645(99)00145-9,1995-07-26,UW_35,15.753,64.19,1,100,0,MDT,24,18.36,,411.52,,,,,,,,,,,,,,
Balch,JGOF_TT_049,Arabian Sea,"Balch et al., 2000",doi: 10.1016/S0967-0645(99)00145-9,1995-07-26,UW_36,15.868,63.796,1,100,0,MDT,24,29.75,,485.76,,,,,,,,,,,,,,
Balch,JGOF_TT_049,Arabian Sea,"Balch et al., 2000",doi: 10.1016/S0967-0645(99)00145-9,1995-07-26,UW_37,15.998,63.286,1,100,0,MDT,24,322.05,,12282.64,,,,,,,,,,,,,,
Balch,JGOF_TT_049,Arabian Sea,"Balch et al., 2000",doi: 10.1016/S0967-0645(99)00145-9,1995-07-27,13,14.442,65.002,1,7,2.66,MDT,24,79.42,,3240,,,,,,,,,,,,,,
Balch,JGOF_TT_049,Arabian Sea,"Balch et al., 2000",doi: 10.1016/S0967-0645(99)00145-9,1995-07-27,13,14.442,65.002,4,3,3.51,MDT,24,60.58,,2340,,,,,,,,,,,,,,
Balch,JGOF_TT_049,Arabian Sea,"Balch et al., 2000",doi: 10.1016/S0967-0645(99)00145-9,1995-07-27,13,14.442,65.002,12,1,4.61,MDT,24,89.58,,2910,,,,,,,,,,,,,,
Balch,JGOF_TT_049,Arabian Sea,"Balch et al., 2000",doi: 10.1016/S0967-0645(99)00145-9,1995-07-27,13,14.442,65.002,19,0.1,6.91,MDT,24,51.92,,1830,,,,,,,,,,,,,,
Balch,JGOF_TT_049,Arabian Sea,"Balch et al., 2000",doi: 10.1016/S0967-0645(99)00145-9,1995-07-27,13,14.449,65.001,27,100,0,MDT,24,30.08,,2430,,,,,,,,,,,,,,
Balch,JGOF_TT_049,Arabian Sea,"Balch et al., 2000",doi: 10.1016/S0967-0645(99)00145-9,1995-07-27,13,14.449,65.001,38,50,0.69,MDT,24,37.5,,1890,,,,,,,,,,,,,,
Balch,JGOF_TT_049,Arabian Sea,"Balch et al., 2000",doi: 10.1016/S0967-0645(99)00145-9,1995-07-27,13,14.449,65.001,46,30,1.2,MDT,24,32.75,,1630,,,,,,,,,,,,,,
Balch,JGOF_TT_049,Arabian Sea,"Balch et al., 2000",doi: 10.1016/S0967-0645(99)00145-9,1995-07-27,13,14.449,65.001,66,14,1.97,MDT,24,20.58,,890,,,,,,,,,,,,,,
Balch,JGOF_TT_049,Arabian Sea,"Balch et al., 2000",doi: 10.1016/S0967-0645(99)00145-9,1995-07-27,UW_38,15.992,63.067,1,100,0,MDT,24,7.75,,480.77,,,,,,,,,,,,,,
Balch,JGOF_TT_049,Arabian Sea,"Balch et al., 2000",doi: 10.1016/S0967-0645(99)00145-9,1995-07-28,14,13.24,65.007,19,14,1.97,MDT,24,10.83,,880,,,,,,,,,,,,,,
Balch,JGOF_TT_049,Arabian Sea,"Balch et al., 2000",doi: 10.1016/S0967-0645(99)00145-9,1995-07-28,14,13.24,65.007,27,7,2.66,MDT,24,6,,1080,,,,,,,,,,,,,,
Balch,JGOF_TT_049,Arabian Sea,"Balch et al., 2000",doi: 10.1016/S0967-0645(99)00145-9,1995-07-28,14,13.24,65.007,38,50,0.69,MDT,24,37.5,,1890,,,,,,,,,,,,,,
Balch,JGOF_TT_049,Arabian Sea,"Balch et al., 2000",doi: 10.1016/S0967-0645(99)00145-9,1995-07-28,14,13.24,65.007,38,3,3.51,MDT,24,21,,940,,,,,,,,,,,,,,
Balch,JGOF_TT_049,Arabian Sea,"Balch et al., 2000",doi: 10.1016/S0967-0645(99)00145-9,1995-07-28,14,13.24,65.007,46,30,1.2,MDT,24,32.75,,1630,,,,,,,,,,,,,,
Balch,JGOF_TT_049,Arabian Sea,"Balch et al., 2000",doi: 10.1016/S0967-0645(99)00145-9,1995-07-28,14,13.24,65.007,46,1,4.61,MDT,24,6.08,,640,,,,,,,,,,,,,,
Balch,JGOF_TT_049,Arabian Sea,"Balch et al., 2000",doi: 10.1016/S0967-0645(99)00145-9,1995-07-28,14,13.24,65.007,66,14,1.97,MDT,24,20.58,,890,,,,,,,,,,,,,,
Balch,JGOF_TT_049,Arabian Sea,"Balch et al., 2000",doi: 10.1016/S0967-0645(99)00145-9,1995-07-28,14,13.24,65.007,66,0.1,6.91,MDT,24,7.42,,390,,,,,,,,,,,,,,
Balch,JGOF_TT_049,Arabian Sea,"Balch et al., 2000",doi: 10.1016/S0967-0645(99)00145-9,1995-07-28,UW_39,14.048,65.029,1,100,0,MDT,24,41.79,,645.76,,,,,,,,,,,,,,
Balch,JGOF_TT_049,Arabian Sea,"Balch et al., 2000",doi: 10.1016/S0967-0645(99)00145-9,1995-07-28,UW_40,13.655,65.013,1,100,0,MDT,24,19.05,,387.46,,,,,,,,,,,,,,
Balch,JGOF_TT_049,Arabian Sea,"Balch et al., 2000",doi: 10.1016/S0967-0645(99)00145-9,1995-07-29,15,12.047,65.014,1,100,0,MDT,24,14.17,,810,,,,,,,,,,,,,,
Balch,JGOF_TT_049,Arabian Sea,"Balch et al., 2000",doi: 10.1016/S0967-0645(99)00145-9,1995-07-29,15,12.047,65.014,5,50,0.69,MDT,24,21.33,,930,,,,,,,,,,,,,,
Balch,JGOF_TT_049,Arabian Sea,"Balch et al., 2000",doi: 10.1016/S0967-0645(99)00145-9,1995-07-29,15,12.047,65.014,14,30,1.2,MDT,24,30.08,,1170,,,,,,,,,,,,,,
Balch,JGOF_TT_049,Arabian Sea,"Balch et al., 2000",doi: 10.1016/S0967-0645(99)00145-9,1995-07-29,15,12.047,65.014,23,14,1.97,MDT,24,24.5,,930,,,,,,,,,,,,,,
Balch,JGOF_TT_049,Arabian Sea,"Balch et al., 2000",doi: 10.1016/S0967-0645(99)00145-9,1995-07-29,15,12.047,65.014,33,7,2.66,MDT,24,13,,820,,,,,,,,,,,,,,
Balch,JGOF_TT_049,Arabian Sea,"Balch et al., 2000",doi: 10.1016/S0967-0645(99)00145-9,1995-07-29,15,12.047,65.014,47,3,3.51,MDT,24,35.42,,930,,,,,,,,,,,,,,
Balch,JGOF_TT_049,Arabian Sea,"Balch et al., 2000",doi: 10.1016/S0967-0645(99)00145-9,1995-07-29,15,12.047,65.014,56,1,4.61,MDT,24,39.58,,650,,,,,,,,,,,,,,
Balch,JGOF_TT_049,Arabian Sea,"Balch et al., 2000",doi: 10.1016/S0967-0645(99)00145-9,1995-07-29,15,12.047,65.014,81,0.1,6.91,MDT,24,11.5,,300,,,,,,,,,,,,,,
Balch,JGOF_TT_049,Arabian Sea,"Balch et al., 2000",doi: 10.1016/S0967-0645(99)00145-9,1995-07-29,UW_41,12.693,65.035,1,100,0,MDT,24,27.14,,383.68,,,,,,,,,,,,,,
Balch,JGOF_TT_049,Arabian Sea,"Balch et al., 2000",doi: 10.1016/S0967-0645(99)00145-9,1995-07-29,UW_42,12.283,65.011,1,100,0,MDT,24,33.82,,315.78,,,,,,,,,,,,,,
Balch,JGOF_TT_049,Arabian Sea,"Balch et al., 2000",doi: 10.1016/S0967-0645(99)00145-9,1995-07-29,UW_43,11.576,65.021,1,100,0,MDT,24,4.24,,294.07,,,,,,,,,,,,,,
Balch,JGOF_TT_049,Arabian Sea,"Balch et al., 2000",doi: 10.1016/S0967-0645(99)00145-9,1995-07-29,UW_44,11.101,65.009,1,100,0,MDT,24,2.9,,248.66,,,,,,,,,,,,,,
Balch,JGOF_TT_049,Arabian Sea,"Balch et al., 2000",doi: 10.1016/S0967-0645(99)00145-9,1995-07-30,16,10.805,65,1,100,0,MDT,24,4.92,,1260,,,,,,,,,,,,,,
Balch,JGOF_TT_049,Arabian Sea,"Balch et al., 2000",doi: 10.1016/S0967-0645(99)00145-9,1995-07-30,16,10.805,65,5,50,0.69,MDT,24,7.25,,720,,,,,,,,,,,,,,
Balch,JGOF_TT_049,Arabian Sea,"Balch et al., 2000",doi: 10.1016/S0967-0645(99)00145-9,1995-07-30,16,10.805,65,14,30,1.2,MDT,24,6.58,,1000,,,,,,,,,,,,,,
Balch,JGOF_TT_049,Arabian Sea,"Balch et al., 2000",doi: 10.1016/S0967-0645(99)00145-9,1995-07-30,16,10.805,65,23,14,1.97,MDT,24,3.75,,750,,,,,,,,,,,,,,
Balch,JGOF_TT_049,Arabian Sea,"Balch et al., 2000",doi: 10.1016/S0967-0645(99)00145-9,1995-07-30,16,10.805,65,33,7,2.66,MDT,24,0.83,,890,,,,,,,,,,,,,,
Balch,JGOF_TT_049,Arabian Sea,"Balch et al., 2000",doi: 10.1016/S0967-0645(99)00145-9,1995-07-30,16,10.805,65,47,3,3.51,MDT,24,1.75,,710,,,,,,,,,,,,,,
Balch,JGOF_TT_049,Arabian Sea,"Balch et al., 2000",doi: 10.1016/S0967-0645(99)00145-9,1995-07-30,16,10.805,65,56,1,4.61,MDT,24,4.17,,620,,,,,,,,,,,,,,
Balch,JGOF_TT_049,Arabian Sea,"Balch et al., 2000",doi: 10.1016/S0967-0645(99)00145-9,1995-07-30,16,10.805,65,81,0.1,6.91,MDT,24,0.33,,170,,,,,,,,,,,,,,
Balch,JGOF_TT_049,Arabian Sea,"Balch et al., 2000",doi: 10.1016/S0967-0645(99)00145-9,1995-07-30,17,9.998,64.901,1,100,0,MDT,24,3.5,,1880,,,,,,,,,,,,,,
Balch,JGOF_TT_049,Arabian Sea,"Balch et al., 2000",doi: 10.1016/S0967-0645(99)00145-9,1995-07-30,17,9.998,64.901,4,50,0.69,MDT,24,35.42,,2700,,,,,,,,,,,,,,
Balch,JGOF_TT_049,Arabian Sea,"Balch et al., 2000",doi: 10.1016/S0967-0645(99)00145-9,1995-07-30,17,9.998,64.901,12,30,1.2,MDT,24,7.75,,1790,,,,,,,,,,,,,,
Balch,JGOF_TT_049,Arabian Sea,"Balch et al., 2000",doi: 10.1016/S0967-0645(99)00145-9,1995-07-30,17,9.998,64.901,20,14,1.97,MDT,24,6.17,,2400,,,,,,,,,,,,,,
Balch,JGOF_TT_049,Arabian Sea,"Balch et al., 2000",doi: 10.1016/S0967-0645(99)00145-9,1995-07-30,17,9.996,64.897,28,7,2.66,MDT,24,5,,1800,,,,,,,,,,,,,,
Balch,JGOF_TT_049,Arabian Sea,"Balch et al., 2000",doi: 10.1016/S0967-0645(99)00145-9,1995-07-30,17,9.996,64.897,40,3,3.51,MDT,24,14.92,,1140,,,,,,,,,,,,,,
Balch,JGOF_TT_049,Arabian Sea,"Balch et al., 2000",doi: 10.1016/S0967-0645(99)00145-9,1995-07-30,17,9.996,64.897,48,1,4.61,MDT,24,6.5,,850,,,,,,,,,,,,,,
Balch,JGOF_TT_049,Arabian Sea,"Balch et al., 2000",doi: 10.1016/S0967-0645(99)00145-9,1995-07-30,17,9.996,64.897,69,0.1,6.91,MDT,24,2.17,,220,,,,,,,,,,,,,,
Balch,JGOF_TT_049,Arabian Sea,"Balch et al., 2000",doi: 10.1016/S0967-0645(99)00145-9,1995-08-02,18,14.445,65.002,1,100,0,MDT,24,21.92,,2410,,,,,,,,,,,,,,
Balch,JGOF_TT_049,Arabian Sea,"Balch et al., 2000",doi: 10.1016/S0967-0645(99)00145-9,1995-08-02,18,14.445,65.002,4,50,0.69,MDT,24,13.25,,740,,,,,,,,,,,,,,
Balch,JGOF_TT_049,Arabian Sea,"Balch et al., 2000",doi: 10.1016/S0967-0645(99)00145-9,1995-08-02,18,14.445,65.002,12,30,1.2,MDT,24,32.08,,1850,,,,,,,,,,,,,,
Balch,JGOF_TT_049,Arabian Sea,"Balch et al., 2000",doi: 10.1016/S0967-0645(99)00145-9,1995-08-02,18,14.445,65.002,20,14,1.97,MDT,24,39.25,,2140,,,,,,,,,,,,,,
Balch,JGOF_TT_049,Arabian Sea,"Balch et al., 2000",doi: 10.1016/S0967-0645(99)00145-9,1995-08-02,18,14.445,65.002,28,7,2.66,MDT,24,54.33,,1700,,,,,,,,,,,,,,
Balch,JGOF_TT_049,Arabian Sea,"Balch et al., 2000",doi: 10.1016/S0967-0645(99)00145-9,1995-08-02,18,14.445,65.002,40,3,3.51,MDT,24,26.08,,1400,,,,,,,,,,,,,,
Balch,JGOF_TT_049,Arabian Sea,"Balch et al., 2000",doi: 10.1016/S0967-0645(99)00145-9,1995-08-02,18,14.445,65.002,48,1,4.61,MDT,24,7.58,,530,,,,,,,,,,,,,,
Balch,JGOF_TT_049,Arabian Sea,"Balch et al., 2000",doi: 10.1016/S0967-0645(99)00145-9,1995-08-02,18,14.445,65.002,69,0.1,6.91,MDT,24,28.17,,370,,,,,,,,,,,,,,
Balch,JGOF_TT_049,Arabian Sea,"Balch et al., 2000",doi: 10.1016/S0967-0645(99)00145-9,1995-08-02,19,14.811,64.25,1,100,0,MDT,24,50.58,,4410,,,,,,,,,,,,,,
Balch,JGOF_TT_049,Arabian Sea,"Balch et al., 2000",doi: 10.1016/S0967-0645(99)00145-9,1995-08-02,19,14.811,64.25,4,50,0.69,MDT,24,32.42,,5520,,,,,,,,,,,,,,
Balch,JGOF_TT_049,Arabian Sea,"Balch et al., 2000",doi: 10.1016/S0967-0645(99)00145-9,1995-08-02,19,14.811,64.25,12,30,1.2,MDT,24,54.92,,5760,,,,,,,,,,,,,,
Balch,JGOF_TT_049,Arabian Sea,"Balch et al., 2000",doi: 10.1016/S0967-0645(99)00145-9,1995-08-02,19,14.811,64.25,20,14,1.97,MDT,24,14,,6460,,,,,,,,,,,,,,
Balch,JGOF_TT_049,Arabian Sea,"Balch et al., 2000",doi: 10.1016/S0967-0645(99)00145-9,1995-08-02,19,14.811,64.25,28,7,2.66,MDT,24,10.83,,5260,,,,,,,,,,,,,,
Balch,JGOF_TT_049,Arabian Sea,"Balch et al., 2000",doi: 10.1016/S0967-0645(99)00145-9,1995-08-02,19,14.811,64.25,40,3,3.51,MDT,24,31.25,,2290,,,,,,,,,,,,,,
Balch,JGOF_TT_049,Arabian Sea,"Balch et al., 2000",doi: 10.1016/S0967-0645(99)00145-9,1995-08-02,19,14.811,64.25,48,1,4.61,MDT,24,30.5,,1620,,,,,,,,,,,,,,
Balch,JGOF_TT_049,Arabian Sea,"Balch et al., 2000",doi: 10.1016/S0967-0645(99)00145-9,1995-08-02,19,14.811,64.25,69,0.1,6.91,MDT,24,20.67,,510,,,,,,,,,,,,,,
Balch,JGOF_TT_049,Arabian Sea,"Balch et al., 2000",doi: 10.1016/S0967-0645(99)00145-9,1995-08-03,20,15.231,63.512,1,100,0,MDT,24,15,,4210,,,,,,,,,,,,,,
Balch,JGOF_TT_049,Arabian Sea,"Balch et al., 2000",doi: 10.1016/S0967-0645(99)00145-9,1995-08-03,20,15.231,63.512,4,50,0.69,MDT,24,64.17,,3060,,,,,,,,,,,,,,
Balch,JGOF_TT_049,Arabian Sea,"Balch et al., 2000",doi: 10.1016/S0967-0645(99)00145-9,1995-08-03,20,15.231,63.512,12,30,1.2,MDT,24,81,,3690,,,,,,,,,,,,,,
Balch,JGOF_TT_049,Arabian Sea,"Balch et al., 2000",doi: 10.1016/S0967-0645(99)00145-9,1995-08-03,20,15.231,63.512,20,14,1.97,MDT,24,25.33,,4130,,,,,,,,,,,,,,
Balch,JGOF_TT_049,Arabian Sea,"Balch et al., 2000",doi: 10.1016/S0967-0645(99)00145-9,1995-08-03,20,15.231,63.512,28,7,2.66,MDT,24,41.33,,3760,,,,,,,,,,,,,,
Balch,JGOF_TT_049,Arabian Sea,"Balch et al., 2000",doi: 10.1016/S0967-0645(99)00145-9,1995-08-03,20,15.231,63.512,40,3,3.51,MDT,24,38.67,,2320,,,,,,,,,,,,,,
Balch,JGOF_TT_049,Arabian Sea,"Balch et al., 2000",doi: 10.1016/S0967-0645(99)00145-9,1995-08-03,20,15.231,63.512,48,1,4.61,MDT,24,9.67,,1750,,,,,,,,,,,,,,
Balch,JGOF_TT_049,Arabian Sea,"Balch et al., 2000",doi: 10.1016/S0967-0645(99)00145-9,1995-08-03,20,15.231,63.512,69,0.1,6.91,MDT,24,4.83,,740,,,,,,,,,,,,,,
Balch,JGOF_TT_049,Arabian Sea,"Balch et al., 2000",doi: 10.1016/S0967-0645(99)00145-9,1995-08-03,21,15.634,62.805,1,100,0,MDT,24,50.08,,5300,,,,,,,,,,,,,,
Balch,JGOF_TT_049,Arabian Sea,"Balch et al., 2000",doi: 10.1016/S0967-0645(99)00145-9,1995-08-03,21,15.634,62.805,4,50,0.69,MDT,24,49.42,,4560,,,,,,,,,,,,,,
Balch,JGOF_TT_049,Arabian Sea,"Balch et al., 2000",doi: 10.1016/S0967-0645(99)00145-9,1995-08-03,21,15.634,62.805,12,30,1.2,MDT,24,63,,3770,,,,,,,,,,,,,,
Balch,JGOF_TT_049,Arabian Sea,"Balch et al., 2000",doi: 10.1016/S0967-0645(99)00145-9,1995-08-03,21,15.634,62.805,20,14,1.97,MDT,24,44.25,,2720,,,,,,,,,,,,,,
Balch,JGOF_TT_049,Arabian Sea,"Balch et al., 2000",doi: 10.1016/S0967-0645(99)00145-9,1995-08-03,21,15.634,62.805,28,7,2.66,MDT,24,53.17,,3020,,,,,,,,,,,,,,
Balch,JGOF_TT_049,Arabian Sea,"Balch et al., 2000",doi: 10.1016/S0967-0645(99)00145-9,1995-08-03,21,15.634,62.805,40,3,3.51,MDT,24,14.58,,780,,,,,,,,,,,,,,
Balch,JGOF_TT_049,Arabian Sea,"Balch et al., 2000",doi: 10.1016/S0967-0645(99)00145-9,1995-08-03,21,15.634,62.805,48,1,4.61,MDT,24,77.33,,1550,,,,,,,,,,,,,,
Balch,JGOF_TT_049,Arabian Sea,"Balch et al., 2000",doi: 10.1016/S0967-0645(99)00145-9,1995-08-03,21,15.634,62.805,69,0.1,6.91,MDT,24,15,,340,,,,,,,,,,,,,,
Balch,JGOF_TT_049,Arabian Sea,"Balch et al., 2000",doi: 10.1016/S0967-0645(99)00145-9,1995-08-03,22,16.03,61.999,1,100,0,MDT,24,24.5,,3390,,,,,,,,,,,,,,
Balch,JGOF_TT_049,Arabian Sea,"Balch et al., 2000",doi: 10.1016/S0967-0645(99)00145-9,1995-08-03,22,16.03,61.999,4,50,0.69,MDT,24,16.5,,3910,,,,,,,,,,,,,,
Balch,JGOF_TT_049,Arabian Sea,"Balch et al., 2000",doi: 10.1016/S0967-0645(99)00145-9,1995-08-03,22,16.03,61.999,12,30,1.2,MDT,24,18.92,,3090,,,,,,,,,,,,,,
Balch,JGOF_TT_049,Arabian Sea,"Balch et al., 2000",doi: 10.1016/S0967-0645(99)00145-9,1995-08-03,22,16.03,61.999,20,14,1.97,MDT,24,12.08,,3120,,,,,,,,,,,,,,
Balch,JGOF_TT_049,Arabian Sea,"Balch et al., 2000",doi: 10.1016/S0967-0645(99)00145-9,1995-08-03,22,16.033,61.99,28,7,2.66,MDT,24,10.17,,1680,,,,,,,,,,,,,,
Balch,JGOF_TT_049,Arabian Sea,"Balch et al., 2000",doi: 10.1016/S0967-0645(99)00145-9,1995-08-03,22,16.033,61.99,40,3,3.51,MDT,24,8.25,,1410,,,,,,,,,,,,,,
Balch,JGOF_TT_049,Arabian Sea,"Balch et al., 2000",doi: 10.1016/S0967-0645(99)00145-9,1995-08-03,22,16.033,61.99,48,1,4.61,MDT,24,3.83,,690,,,,,,,,,,,,,,
Balch,JGOF_TT_049,Arabian Sea,"Balch et al., 2000",doi: 10.1016/S0967-0645(99)00145-9,1995-08-03,22,16.033,61.99,69,0.1,6.91,MDT,24,2,,240,,,,,,,,,,,,,,
Balch,JGOF_TT_049,Arabian Sea,"Balch et al., 2000",doi: 10.1016/S0967-0645(99)00145-9,1995-08-05,25,16.427,61.253,1,100,0,MDT,24,338.08,,3940,,,,,,,,,,,,,,
Balch,JGOF_TT_049,Arabian Sea,"Balch et al., 2000",doi: 10.1016/S0967-0645(99)00145-9,1995-08-05,25,16.427,61.253,3,50,0.69,MDT,24,17.83,,2920,,,,,,,,,,,,,,
Balch,JGOF_TT_049,Arabian Sea,"Balch et al., 2000",doi: 10.1016/S0967-0645(99)00145-9,1995-08-05,25,16.427,61.253,8,30,1.2,MDT,24,36.75,,3670,,,,,,,,,,,,,,
Balch,JGOF_TT_049,Arabian Sea,"Balch et al., 2000",doi: 10.1016/S0967-0645(99)00145-9,1995-08-05,25,16.427,61.253,12,14,1.97,MDT,24,31.33,,2450,,,,,,,,,,,,,,
Balch,JGOF_TT_049,Arabian Sea,"Balch et al., 2000",doi: 10.1016/S0967-0645(99)00145-9,1995-08-05,25,16.427,61.253,18,7,2.66,MDT,24,34,,3630,,,,,,,,,,,,,,
Balch,JGOF_TT_049,Arabian Sea,"Balch et al., 2000",doi: 10.1016/S0967-0645(99)00145-9,1995-08-05,25,16.427,61.253,25,3,3.51,MDT,24,22.75,,1860,,,,,,,,,,,,,,
Balch,JGOF_TT_049,Arabian Sea,"Balch et al., 2000",doi: 10.1016/S0967-0645(99)00145-9,1995-08-05,25,16.427,61.253,30,1,4.61,MDT,24,13.83,,1120,,,,,,,,,,,,,,
Balch,JGOF_TT_049,Arabian Sea,"Balch et al., 2000",doi: 10.1016/S0967-0645(99)00145-9,1995-08-05,25,16.427,61.253,43,0.1,6.91,MDT,24,187.08,,270,,,,,,,,,,,,,,
Balch,JGOF_TT_049,Arabian Sea,"Balch et al., 2000",doi: 10.1016/S0967-0645(99)00145-9,1995-08-06,26,16.798,60.502,1,100,0,MDT,24,53.75,,2870,,,,,,,,,,,,,,
Balch,JGOF_TT_049,Arabian Sea,"Balch et al., 2000",doi: 10.1016/S0967-0645(99)00145-9,1995-08-06,26,16.798,60.502,3,50,0.69,MDT,24,6.08,,90,,,,,,,,,,,,,,
Balch,JGOF_TT_049,Arabian Sea,"Balch et al., 2000",doi: 10.1016/S0967-0645(99)00145-9,1995-08-06,26,16.798,60.502,9,30,1.2,MDT,24,93,,3070,,,,,,,,,,,,,,
Balch,JGOF_TT_049,Arabian Sea,"Balch et al., 2000",doi: 10.1016/S0967-0645(99)00145-9,1995-08-06,26,16.798,60.502,14,14,1.97,MDT,24,33.25,,1320,,,,,,,,,,,,,,
Balch,JGOF_TT_049,Arabian Sea,"Balch et al., 2000",doi: 10.1016/S0967-0645(99)00145-9,1995-08-06,26,16.798,60.502,20,7,2.66,MDT,24,27.58,,1010,,,,,,,,,,,,,,
Balch,JGOF_TT_049,Arabian Sea,"Balch et al., 2000",doi: 10.1016/S0967-0645(99)00145-9,1995-08-06,26,16.798,60.502,28,3,3.51,MDT,24,31.58,,1240,,,,,,,,,,,,,,
Balch,JGOF_TT_049,Arabian Sea,"Balch et al., 2000",doi: 10.1016/S0967-0645(99)00145-9,1995-08-06,26,16.798,60.502,34,1,4.61,MDT,24,4.92,,800,,,,,,,,,,,,,,
Balch,JGOF_TT_049,Arabian Sea,"Balch et al., 2000",doi: 10.1016/S0967-0645(99)00145-9,1995-08-06,26,16.798,60.502,49,0.1,6.91,MDT,24,16.5,,500,,,,,,,,,,,,,,
Balch,JGOF_TT_049,Arabian Sea,"Balch et al., 2000",doi: 10.1016/S0967-0645(99)00145-9,1995-08-06,27,17.197,59.768,1,100,0,MDT,24,44.83,,850,,,,,,,,,,,,,,
Balch,JGOF_TT_049,Arabian Sea,"Balch et al., 2000",doi: 10.1016/S0967-0645(99)00145-9,1995-08-06,27,17.197,59.768,3,50,0.69,MDT,24,29.42,,870,,,,,,,,,,,,,,
Balch,JGOF_TT_049,Arabian Sea,"Balch et al., 2000",doi: 10.1016/S0967-0645(99)00145-9,1995-08-06,27,17.197,59.768,8,30,1.2,MDT,24,13.83,,960,,,,,,,,,,,,,,
Balch,JGOF_TT_049,Arabian Sea,"Balch et al., 2000",doi: 10.1016/S0967-0645(99)00145-9,1995-08-06,27,17.197,59.768,13,14,1.97,MDT,24,41.33,,1680,,,,,,,,,,,,,,
Balch,JGOF_TT_049,Arabian Sea,"Balch et al., 2000",doi: 10.1016/S0967-0645(99)00145-9,1995-08-06,27,17.197,59.769,19,7,2.66,MDT,24,14.33,,630,,,,,,,,,,,,,,
Balch,JGOF_TT_049,Arabian Sea,"Balch et al., 2000",doi: 10.1016/S0967-0645(99)00145-9,1995-08-06,27,17.197,59.769,26,3,3.51,MDT,24,20.17,,1110,,,,,,,,,,,,,,
Balch,JGOF_TT_049,Arabian Sea,"Balch et al., 2000",doi: 10.1016/S0967-0645(99)00145-9,1995-08-06,27,17.197,59.769,32,1,4.61,MDT,24,11.25,,830,,,,,,,,,,,,,,
Balch,JGOF_TT_049,Arabian Sea,"Balch et al., 2000",doi: 10.1016/S0967-0645(99)00145-9,1995-08-06,27,17.197,59.769,46,0.1,6.91,MDT,24,22,,290,,,,,,,,,,,,,,
Balch,JGOF_TT_049,Arabian Sea,"Balch et al., 2000",doi: 10.1016/S0967-0645(99)00145-9,1995-08-09,28,17.674,58.858,1,100,0,MDT,24,192.75,,3460,,,,,,,,,,,,,,
Balch,JGOF_TT_049,Arabian Sea,"Balch et al., 2000",doi: 10.1016/S0967-0645(99)00145-9,1995-08-09,28,17.674,58.858,3,50,0.69,MDT,24,138.67,,3230,,,,,,,,,,,,,,
Balch,JGOF_TT_049,Arabian Sea,"Balch et al., 2000",doi: 10.1016/S0967-0645(99)00145-9,1995-08-09,28,17.674,58.858,8,30,1.2,MDT,24,41,,1940,,,,,,,,,,,,,,
Balch,JGOF_TT_049,Arabian Sea,"Balch et al., 2000",doi: 10.1016/S0967-0645(99)00145-9,1995-08-09,28,17.674,58.858,13,14,1.97,MDT,24,185.33,,3510,,,,,,,,,,,,,,
Balch,JGOF_TT_049,Arabian Sea,"Balch et al., 2000",doi: 10.1016/S0967-0645(99)00145-9,1995-08-09,28,17.674,58.858,19,7,2.66,MDT,24,255.42,,2840,,,,,,,,,,,,,,
Balch,JGOF_TT_049,Arabian Sea,"Balch et al., 2000",doi: 10.1016/S0967-0645(99)00145-9,1995-08-09,28,17.674,58.858,26,3,3.51,MDT,24,80.42,,1970,,,,,,,,,,,,,,
Balch,JGOF_TT_049,Arabian Sea,"Balch et al., 2000",doi: 10.1016/S0967-0645(99)00145-9,1995-08-09,28,17.674,58.858,32,1,4.61,MDT,24,81.58,,1610,,,,,,,,,,,,,,
Balch,JGOF_TT_049,Arabian Sea,"Balch et al., 2000",doi: 10.1016/S0967-0645(99)00145-9,1995-08-09,28,17.674,58.858,46,0.1,6.91,MDT,24,138,,400,,,,,,,,,,,,,,
Balch,JGOF_TT_049,Arabian Sea,"Balch et al., 2000",doi: 10.1016/S0967-0645(99)00145-9,1995-08-09,29,18.133,58.008,1,100,0,MDT,24,166.67,,2410,,,,,,,,,,,,,,
Balch,JGOF_TT_049,Arabian Sea,"Balch et al., 2000",doi: 10.1016/S0967-0645(99)00145-9,1995-08-09,29,18.133,58.008,3,50,0.69,MDT,24,53.08,,2540,,,,,,,,,,,,,,
Balch,JGOF_TT_049,Arabian Sea,"Balch et al., 2000",doi: 10.1016/S0967-0645(99)00145-9,1995-08-09,29,18.133,58.008,7,30,1.2,MDT,24,51.75,,2770,,,,,,,,,,,,,,
Balch,JGOF_TT_049,Arabian Sea,"Balch et al., 2000",doi: 10.1016/S0967-0645(99)00145-9,1995-08-09,29,18.133,58.008,11,14,1.97,MDT,24,64.42,,2180,,,,,,,,,,,,,,
Balch,JGOF_TT_049,Arabian Sea,"Balch et al., 2000",doi: 10.1016/S0967-0645(99)00145-9,1995-08-09,29,18.132,57.998,16,7,2.66,MDT,24,67.08,,2090,,,,,,,,,,,,,,
Balch,JGOF_TT_049,Arabian Sea,"Balch et al., 2000",doi: 10.1016/S0967-0645(99)00145-9,1995-08-09,29,18.132,57.998,22,3,3.51,MDT,24,102,,1640,,,,,,,,,,,,,,
Balch,JGOF_TT_049,Arabian Sea,"Balch et al., 2000",doi: 10.1016/S0967-0645(99)00145-9,1995-08-09,29,18.132,57.998,27,1,4.61,MDT,24,19.67,,840,,,,,,,,,,,,,,
Balch,JGOF_TT_049,Arabian Sea,"Balch et al., 2000",doi: 10.1016/S0967-0645(99)00145-9,1995-08-09,29,18.132,57.998,38,0.1,6.91,MDT,24,170.08,,300,,,,,,,,,,,,,,
Balch,JGOF_TT_049,Arabian Sea,"Balch et al., 2000",doi: 10.1016/S0967-0645(99)00145-9,1995-08-11,30,18.485,57.301,1,100,0,MDT,24,88,,4370,,,,,,,,,,,,,,
Balch,JGOF_TT_049,Arabian Sea,"Balch et al., 2000",doi: 10.1016/S0967-0645(99)00145-9,1995-08-11,30,18.485,57.301,3,50,0.69,MDT,24,19.67,,1830,,,,,,,,,,,,,,
Balch,JGOF_TT_049,Arabian Sea,"Balch et al., 2000",doi: 10.1016/S0967-0645(99)00145-9,1995-08-11,30,18.485,57.301,7,30,1.2,MDT,24,58.08,,4700,,,,,,,,,,,,,,
Balch,JGOF_TT_049,Arabian Sea,"Balch et al., 2000",doi: 10.1016/S0967-0645(99)00145-9,1995-08-11,30,18.485,57.301,11,14,1.97,MDT,24,78.75,,4530,,,,,,,,,,,,,,
Balch,JGOF_TT_049,Arabian Sea,"Balch et al., 2000",doi: 10.1016/S0967-0645(99)00145-9,1995-08-11,30,18.502,57.301,16,7,2.66,MDT,24,75.58,,4600,,,,,,,,,,,,,,
Balch,JGOF_TT_049,Arabian Sea,"Balch et al., 2000",doi: 10.1016/S0967-0645(99)00145-9,1995-08-11,30,18.502,57.301,22,3,3.51,MDT,24,56.33,,4380,,,,,,,,,,,,,,
Balch,JGOF_TT_049,Arabian Sea,"Balch et al., 2000",doi: 10.1016/S0967-0645(99)00145-9,1995-08-11,30,18.502,57.301,27,1,4.61,MDT,24,26.08,,1220,,,,,,,,,,,,,,
Balch,JGOF_TT_049,Arabian Sea,"Balch et al., 2000",doi: 10.1016/S0967-0645(99)00145-9,1995-08-11,30,18.502,57.301,38,0.1,6.91,MDT,24,1.33,,520,,,,,,,,,,,,,,
Balch,JGOF_TT_053,Arabian Sea,"Balch et al., 2000",doi: 10.1016/S0967-0645(99)00145-9,1995-10-01,UW_13,23.545,60.28,1,100,0,MDT,24,139.06,,6225.29,,,,,,,,,,,,,,
Balch,JGOF_TT_053,Arabian Sea,"Balch et al., 2000",doi: 10.1016/S0967-0645(99)00145-9,1995-10-01,UW_14,23.124,60.867,1,100,0,MDT,24,36.02,,2849.83,,,,,,,,,,,,,,
Balch,JGOF_TT_053,Arabian Sea,"Balch et al., 2000",doi: 10.1016/S0967-0645(99)00145-9,1995-10-29,1,24.33,58.18,4,100,0,MDT,24,46.75,,2820,,,,,,,,,,,,,,
Balch,JGOF_TT_053,Arabian Sea,"Balch et al., 2000",doi: 10.1016/S0967-0645(99)00145-9,1995-10-29,1,24.33,58.18,6,50,0.69,MDT,24,9.62,,1000,,,,,,,,,,,,,,
Balch,JGOF_TT_053,Arabian Sea,"Balch et al., 2000",doi: 10.1016/S0967-0645(99)00145-9,1995-10-29,1,24.33,58.18,18,14,1.97,MDT,24,49.34,,2660,,,,,,,,,,,,,,
Balch,JGOF_TT_053,Arabian Sea,"Balch et al., 2000",doi: 10.1016/S0967-0645(99)00145-9,1995-10-29,1,24.33,58.18,25,7,2.66,MDT,24,31.69,,830,,,,,,,,,,,,,,
Balch,JGOF_TT_053,Arabian Sea,"Balch et al., 2000",doi: 10.1016/S0967-0645(99)00145-9,1995-10-29,1,24.33,58.18,34,3,3.51,MDT,24,31.51,,3130,,,,,,,,,,,,,,
Balch,JGOF_TT_053,Arabian Sea,"Balch et al., 2000",doi: 10.1016/S0967-0645(99)00145-9,1995-10-29,1,24.33,58.18,40,1,4.61,MDT,24,2.41,,360,,,,,,,,,,,,,,
Balch,JGOF_TT_053,Arabian Sea,"Balch et al., 2000",doi: 10.1016/S0967-0645(99)00145-9,1995-10-29,1,24.33,58.18,56,0.1,6.91,MDT,24,3.88,,130,,,,,,,,,,,,,,
Balch,JGOF_TT_053,Arabian Sea,"Balch et al., 2000",doi: 10.1016/S0967-0645(99)00145-9,1995-10-29,UW_1,24.169,58.418,1,100,0,MDT,24,55.1,,1789.98,,,,,,,,,,,,,,
Balch,JGOF_TT_053,Arabian Sea,"Balch et al., 2000",doi: 10.1016/S0967-0645(99)00145-9,1995-10-29,UW_2,24.048,58.816,1,100,0,MDT,24,47.23,,3948.23,,,,,,,,,,,,,,
Balch,JGOF_TT_053,Arabian Sea,"Balch et al., 2000",doi: 10.1016/S0967-0645(99)00145-9,1995-10-30,2,23.912,59.252,3,100,0,MDT,24,64.05,,3970,,,,,,,,,,,,,,
Balch,JGOF_TT_053,Arabian Sea,"Balch et al., 2000",doi: 10.1016/S0967-0645(99)00145-9,1995-10-30,2,23.912,59.252,5,50,0.69,MDT,24,71.64,,4940,,,,,,,,,,,,,,
Balch,JGOF_TT_053,Arabian Sea,"Balch et al., 2000",doi: 10.1016/S0967-0645(99)00145-9,1995-10-30,2,23.912,59.252,12,30,1.2,MDT,24,53.14,,4470,,,,,,,,,,,,,,
Balch,JGOF_TT_053,Arabian Sea,"Balch et al., 2000",doi: 10.1016/S0967-0645(99)00145-9,1995-10-30,2,23.912,59.252,17,14,1.97,MDT,24,67.02,,4240,,,,,,,,,,,,,,
Balch,JGOF_TT_053,Arabian Sea,"Balch et al., 2000",doi: 10.1016/S0967-0645(99)00145-9,1995-10-30,2,23.912,59.252,24,7,2.66,MDT,24,15.08,,1120,,,,,,,,,,,,,,
Balch,JGOF_TT_053,Arabian Sea,"Balch et al., 2000",doi: 10.1016/S0967-0645(99)00145-9,1995-10-30,2,23.912,59.252,33,3,3.51,MDT,24,12.12,,200,,,,,,,,,,,,,,
Balch,JGOF_TT_053,Arabian Sea,"Balch et al., 2000",doi: 10.1016/S0967-0645(99)00145-9,1995-10-30,2,23.912,59.252,40,1,4.61,MDT,24,14.31,,70,,,,,,,,,,,,,,
Balch,JGOF_TT_053,Arabian Sea,"Balch et al., 2000",doi: 10.1016/S0967-0645(99)00145-9,1995-10-30,2,23.912,59.252,55,0.1,6.91,MDT,24,0.92,,70,,,,,,,,,,,,,,
Balch,JGOF_TT_053,Arabian Sea,"Balch et al., 2000",doi: 10.1016/S0967-0645(99)00145-9,1995-10-30,3,22.334,60.502,4,100,0,MDT,24,29.22,,1360,,,,,,,,,,,,,,
Balch,JGOF_TT_053,Arabian Sea,"Balch et al., 2000",doi: 10.1016/S0967-0645(99)00145-9,1995-10-30,3,22.334,60.502,5,50,0.69,MDT,24,22.88,,1860,,,,,,,,,,,,,,
Balch,JGOF_TT_053,Arabian Sea,"Balch et al., 2000",doi: 10.1016/S0967-0645(99)00145-9,1995-10-30,3,22.334,60.502,9,30,1.2,MDT,24,22.65,,1820,,,,,,,,,,,,,,
Balch,JGOF_TT_053,Arabian Sea,"Balch et al., 2000",doi: 10.1016/S0967-0645(99)00145-9,1995-10-30,3,22.334,60.502,13,14,1.97,MDT,24,34.46,,1570,,,,,,,,,,,,,,
Balch,JGOF_TT_053,Arabian Sea,"Balch et al., 2000",doi: 10.1016/S0967-0645(99)00145-9,1995-10-30,3,22.334,60.502,18,7,2.66,MDT,24,3.27,,1610,,,,,,,,,,,,,,
Balch,JGOF_TT_053,Arabian Sea,"Balch et al., 2000",doi: 10.1016/S0967-0645(99)00145-9,1995-10-30,3,22.334,60.502,24,3,3.51,MDT,24,8.24,,770,,,,,,,,,,,,,,
Balch,JGOF_TT_053,Arabian Sea,"Balch et al., 2000",doi: 10.1016/S0967-0645(99)00145-9,1995-10-30,3,22.334,60.502,28,1,4.61,MDT,24,1.42,,10,,,,,,,,,,,,,,
Balch,JGOF_TT_053,Arabian Sea,"Balch et al., 2000",doi: 10.1016/S0967-0645(99)00145-9,1995-10-30,3,22.334,60.502,39,0.1,6.91,MDT,24,5.42,,580,,,,,,,,,,,,,,
Balch,JGOF_TT_053,Arabian Sea,"Balch et al., 2000",doi: 10.1016/S0967-0645(99)00145-9,1995-10-30,4,22.382,59.881,4,100,0,MDT,24,14.48,,4010,,,,,,,,,,,,,,
Balch,JGOF_TT_053,Arabian Sea,"Balch et al., 2000",doi: 10.1016/S0967-0645(99)00145-9,1995-10-30,4,22.382,59.881,5,50,0.69,MDT,24,50.68,,5780,,,,,,,,,,,,,,
Balch,JGOF_TT_053,Arabian Sea,"Balch et al., 2000",doi: 10.1016/S0967-0645(99)00145-9,1995-10-30,4,22.382,59.881,9,30,1.2,MDT,24,45.18,,4680,,,,,,,,,,,,,,
Balch,JGOF_TT_053,Arabian Sea,"Balch et al., 2000",doi: 10.1016/S0967-0645(99)00145-9,1995-10-30,4,22.382,59.881,13,14,1.97,MDT,24,22.08,,3450,,,,,,,,,,,,,,
Balch,JGOF_TT_053,Arabian Sea,"Balch et al., 2000",doi: 10.1016/S0967-0645(99)00145-9,1995-10-30,4,22.382,59.881,18,7,2.66,MDT,24,22.79,,3250,,,,,,,,,,,,,,
Balch,JGOF_TT_053,Arabian Sea,"Balch et al., 2000",doi: 10.1016/S0967-0645(99)00145-9,1995-10-30,4,22.382,59.881,24,3,3.51,MDT,24,61.83,,1550,,,,,,,,,,,,,,
Balch,JGOF_TT_053,Arabian Sea,"Balch et al., 2000",doi: 10.1016/S0967-0645(99)00145-9,1995-10-30,4,22.382,59.881,28,1,4.61,MDT,24,9,,1020,,,,,,,,,,,,,,
Balch,JGOF_TT_053,Arabian Sea,"Balch et al., 2000",doi: 10.1016/S0967-0645(99)00145-9,1995-10-30,4,22.382,59.881,38,0.1,6.91,MDT,24,21.88,,410,,,,,,,,,,,,,,
Balch,JGOF_TT_053,Arabian Sea,"Balch et al., 2000",doi: 10.1016/S0967-0645(99)00145-9,1995-10-30,UW_3,23.617,59.489,1,100,0,MDT,24,52.67,,2456.42,,,,,,,,,,,,,,
Balch,JGOF_TT_053,Arabian Sea,"Balch et al., 2000",doi: 10.1016/S0967-0645(99)00145-9,1995-10-30,UW_4,23.31,59.74,1,100,0,MDT,24,30.6,,3037.01,,,,,,,,,,,,,,
Balch,JGOF_TT_053,Arabian Sea,"Balch et al., 2000",doi: 10.1016/S0967-0645(99)00145-9,1995-10-30,UW_5,22.937,60.032,1,100,0,MDT,24,66.21,,1156.8,,,,,,,,,,,,,,
Balch,JGOF_TT_053,Arabian Sea,"Balch et al., 2000",doi: 10.1016/S0967-0645(99)00145-9,1995-10-30,UW_6,22.609,60.296,1,100,0,MDT,24,164.51,,9010.31,,,,,,,,,,,,,,
Balch,JGOF_TT_053,Arabian Sea,"Balch et al., 2000",doi: 10.1016/S0967-0645(99)00145-9,1995-10-31,UW_10,22.736,60.877,1,100,0,MDT,24,18.27,,3341.53,,,,,,,,,,,,,,
Balch,JGOF_TT_053,Arabian Sea,"Balch et al., 2000",doi: 10.1016/S0967-0645(99)00145-9,1995-10-31,UW_11,22.99,60.669,1,100,0,MDT,24,79.76,,3489.09,,,,,,,,,,,,,,
Balch,JGOF_TT_053,Arabian Sea,"Balch et al., 2000",doi: 10.1016/S0967-0645(99)00145-9,1995-10-31,UW_12,23.381,60.304,1,100,0,MDT,24,145.95,,7169.58,,,,,,,,,,,,,,
Balch,JGOF_TT_053,Arabian Sea,"Balch et al., 2000",doi: 10.1016/S0967-0645(99)00145-9,1995-10-31,UW_7,22.647,60.265,1,100,0,MDT,24,21.77,,4200.47,,,,,,,,,,,,,,
Balch,JGOF_TT_053,Arabian Sea,"Balch et al., 2000",doi: 10.1016/S0967-0645(99)00145-9,1995-10-31,UW_8,22.971,60.039,1,100,0,MDT,24,44.88,,2892.83,,,,,,,,,,,,,,
Balch,JGOF_TT_053,Arabian Sea,"Balch et al., 2000",doi: 10.1016/S0967-0645(99)00145-9,1995-10-31,UW_9,22.85,60.474,1,100,0,MDT,24,25.05,,3558.36,,,,,,,,,,,,,,
Balch,JGOF_TT_053,Arabian Sea,"Balch et al., 2000",doi: 10.1016/S0967-0645(99)00145-9,1995-11-01,6,23.8,59.9,4,100,0,MDT,24,34.34,,5020,,,,,,,,,,,,,,
Balch,JGOF_TT_053,Arabian Sea,"Balch et al., 2000",doi: 10.1016/S0967-0645(99)00145-9,1995-11-01,6,23.8,59.9,6,50,0.69,MDT,24,13.03,,5640,,,,,,,,,,,,,,
Balch,JGOF_TT_053,Arabian Sea,"Balch et al., 2000",doi: 10.1016/S0967-0645(99)00145-9,1995-11-01,6,23.8,59.9,13,30,1.2,MDT,24,19.38,,5620,,,,,,,,,,,,,,
Balch,JGOF_TT_053,Arabian Sea,"Balch et al., 2000",doi: 10.1016/S0967-0645(99)00145-9,1995-11-01,6,23.8,59.9,18,14,1.97,MDT,24,15.69,,4550,,,,,,,,,,,,,,
Balch,JGOF_TT_053,Arabian Sea,"Balch et al., 2000",doi: 10.1016/S0967-0645(99)00145-9,1995-11-01,6,23.8,59.9,24,7,2.66,MDT,24,9.18,,3700,,,,,,,,,,,,,,
Balch,JGOF_TT_053,Arabian Sea,"Balch et al., 2000",doi: 10.1016/S0967-0645(99)00145-9,1995-11-01,6,23.8,59.9,34,3,3.51,MDT,24,19.49,,930,,,,,,,,,,,,,,
Balch,JGOF_TT_053,Arabian Sea,"Balch et al., 2000",doi: 10.1016/S0967-0645(99)00145-9,1995-11-01,6,23.8,59.9,40,1,4.61,MDT,24,11.84,,530,,,,,,,,,,,,,,
Balch,JGOF_TT_053,Arabian Sea,"Balch et al., 2000",doi: 10.1016/S0967-0645(99)00145-9,1995-11-01,6,23.8,59.9,56,0.1,6.91,MDT,24,3.06,,70,,,,,,,,,,,,,,
Balch,JGOF_TT_053,Arabian Sea,"Balch et al., 2000",doi: 10.1016/S0967-0645(99)00145-9,1995-11-01,7,23.052,60.957,4,100,0,MDT,24,19.4,,3750,,,,,,,,,,,,,,
Balch,JGOF_TT_053,Arabian Sea,"Balch et al., 2000",doi: 10.1016/S0967-0645(99)00145-9,1995-11-01,7,23.052,60.957,6,50,0.69,MDT,24,75.8,,3330,,,,,,,,,,,,,,
Balch,JGOF_TT_053,Arabian Sea,"Balch et al., 2000",doi: 10.1016/S0967-0645(99)00145-9,1995-11-01,7,23.052,60.957,10,30,1.2,MDT,24,27.22,,3040,,,,,,,,,,,,,,
Balch,JGOF_TT_053,Arabian Sea,"Balch et al., 2000",doi: 10.1016/S0967-0645(99)00145-9,1995-11-01,7,23.052,60.957,15,14,1.97,MDT,24,22.7,,3530,,,,,,,,,,,,,,
Balch,JGOF_TT_053,Arabian Sea,"Balch et al., 2000",doi: 10.1016/S0967-0645(99)00145-9,1995-11-01,7,23.052,60.957,19,7,2.66,MDT,24,16.76,,2270,,,,,,,,,,,,,,
Balch,JGOF_TT_053,Arabian Sea,"Balch et al., 2000",doi: 10.1016/S0967-0645(99)00145-9,1995-11-01,7,23.052,60.957,26,3,3.51,MDT,24,19.24,,1740,,,,,,,,,,,,,,
Balch,JGOF_TT_053,Arabian Sea,"Balch et al., 2000",doi: 10.1016/S0967-0645(99)00145-9,1995-11-01,7,23.052,60.957,31,1,4.61,MDT,24,16.09,,1170,,,,,,,,,,,,,,
Balch,JGOF_TT_053,Arabian Sea,"Balch et al., 2000",doi: 10.1016/S0967-0645(99)00145-9,1995-11-01,7,23.052,60.957,43,0.1,6.91,MDT,24,0.33,,120,,,,,,,,,,,,,,
Balch,JGOF_TT_053,Arabian Sea,"Balch et al., 2000",doi: 10.1016/S0967-0645(99)00145-9,1995-11-03,8,22.524,61.625,3,100,0,MDT,24,5.65,,5070,,,,,,,,,,,,,,
Balch,JGOF_TT_053,Arabian Sea,"Balch et al., 2000",doi: 10.1016/S0967-0645(99)00145-9,1995-11-03,8,22.524,61.625,6,50,0.69,MDT,24,63.88,,4260,,,,,,,,,,,,,,
Balch,JGOF_TT_053,Arabian Sea,"Balch et al., 2000",doi: 10.1016/S0967-0645(99)00145-9,1995-11-03,8,22.524,61.625,12,30,1.2,MDT,24,5.61,,2730,,,,,,,,,,,,,,
Balch,JGOF_TT_053,Arabian Sea,"Balch et al., 2000",doi: 10.1016/S0967-0645(99)00145-9,1995-11-03,8,22.524,61.625,18,14,1.97,MDT,24,17.32,,2880,,,,,,,,,,,,,,
Balch,JGOF_TT_053,Arabian Sea,"Balch et al., 2000",doi: 10.1016/S0967-0645(99)00145-9,1995-11-03,8,22.524,61.625,25,7,2.66,MDT,24,40.09,,2620,,,,,,,,,,,,,,
Balch,JGOF_TT_053,Arabian Sea,"Balch et al., 2000",doi: 10.1016/S0967-0645(99)00145-9,1995-11-03,8,22.524,61.625,34,3,3.51,MDT,24,9.33,,1410,,,,,,,,,,,,,,
Balch,JGOF_TT_053,Arabian Sea,"Balch et al., 2000",doi: 10.1016/S0967-0645(99)00145-9,1995-11-03,8,22.524,61.625,40,1,4.61,MDT,24,4.15,,1040,,,,,,,,,,,,,,
Balch,JGOF_TT_053,Arabian Sea,"Balch et al., 2000",doi: 10.1016/S0967-0645(99)00145-9,1995-11-03,8,22.524,61.625,57,0.1,6.91,MDT,24,3.14,,300,,,,,,,,,,,,,,
Balch,JGOF_TT_053,Arabian Sea,"Balch et al., 2000",doi: 10.1016/S0967-0645(99)00145-9,1995-11-03,UW_15,22.775,61.31,1,100,0,MDT,24,38.73,,1297.45,,,,,,,,,,,,,,
Balch,JGOF_TT_053,Arabian Sea,"Balch et al., 2000",doi: 10.1016/S0967-0645(99)00145-9,1995-11-03,UW_16,22.565,61.576,1,100,0,MDT,24,18.08,,2123.01,,,,,,,,,,,,,,
Balch,JGOF_TT_053,Arabian Sea,"Balch et al., 2000",doi: 10.1016/S0967-0645(99)00145-9,1995-11-03,UW_17,22.339,61.89,1,100,0,MDT,24,61.44,,2012.58,,,,,,,,,,,,,,
Balch,JGOF_TT_053,Arabian Sea,"Balch et al., 2000",doi: 10.1016/S0967-0645(99)00145-9,1995-11-03,UW_18,22.115,62.221,1,100,0,MDT,24,12.39,,697.44,,,,,,,,,,,,,,
Balch,JGOF_TT_053,Arabian Sea,"Balch et al., 2000",doi: 10.1016/S0967-0645(99)00145-9,1995-11-03,UW_19,21.903,62.549,1,100,0,MDT,24,26.04,,1236.94,,,,,,,,,,,,,,
Balch,JGOF_TT_053,Arabian Sea,"Balch et al., 2000",doi: 10.1016/S0967-0645(99)00145-9,1995-11-03,UW_20,21.684,62.87,1,100,0,MDT,24,69.92,,2256.04,,,,,,,,,,,,,,
Balch,JGOF_TT_053,Arabian Sea,"Balch et al., 2000",doi: 10.1016/S0967-0645(99)00145-9,1995-11-04,9,21.17,63.546,4,100,0,MDT,24,3.68,,640,,,,,,,,,,,,,,
Balch,JGOF_TT_053,Arabian Sea,"Balch et al., 2000",doi: 10.1016/S0967-0645(99)00145-9,1995-11-04,9,21.17,63.546,7,50,0.69,MDT,24,6.63,,580,,,,,,,,,,,,,,
Balch,JGOF_TT_053,Arabian Sea,"Balch et al., 2000",doi: 10.1016/S0967-0645(99)00145-9,1995-11-04,9,21.17,63.546,14,30,1.2,MDT,24,9.57,,1100,,,,,,,,,,,,,,
Balch,JGOF_TT_053,Arabian Sea,"Balch et al., 2000",doi: 10.1016/S0967-0645(99)00145-9,1995-11-04,9,21.17,63.546,20,14,1.97,MDT,24,5.34,,700,,,,,,,,,,,,,,
Balch,JGOF_TT_053,Arabian Sea,"Balch et al., 2000",doi: 10.1016/S0967-0645(99)00145-9,1995-11-04,9,21.17,63.546,28,7,2.66,MDT,24,53.83,,1010,,,,,,,,,,,,,,
Balch,JGOF_TT_053,Arabian Sea,"Balch et al., 2000",doi: 10.1016/S0967-0645(99)00145-9,1995-11-04,9,21.17,63.546,38,3,3.51,MDT,24,7.83,,460,,,,,,,,,,,,,,
Balch,JGOF_TT_053,Arabian Sea,"Balch et al., 2000",doi: 10.1016/S0967-0645(99)00145-9,1995-11-04,9,21.17,63.546,45,1,4.61,MDT,24,7.58,,490,,,,,,,,,,,,,,
Balch,JGOF_TT_053,Arabian Sea,"Balch et al., 2000",doi: 10.1016/S0967-0645(99)00145-9,1995-11-04,UW_21,21.453,63.173,1,100,0,MDT,24,52.43,,1188.13,,,,,,,,,,,,,,
Balch,JGOF_TT_053,Arabian Sea,"Balch et al., 2000",doi: 10.1016/S0967-0645(99)00145-9,1995-11-04,UW_22,21.237,63.465,1,100,0,MDT,24,34.32,,1189.91,,,,,,,,,,,,,,
Balch,JGOF_TT_053,Arabian Sea,"Balch et al., 2000",doi: 10.1016/S0967-0645(99)00145-9,1995-11-04,UW_23,21.056,63.749,1,100,0,MDT,24,13.68,,548.57,,,,,,,,,,,,,,
Balch,JGOF_TT_053,Arabian Sea,"Balch et al., 2000",doi: 10.1016/S0967-0645(99)00145-9,1995-11-04,UW_24,20.88,64.134,1,100,0,MDT,24,9.1,,829.34,,,,,,,,,,,,,,
Balch,JGOF_TT_053,Arabian Sea,"Balch et al., 2000",doi: 10.1016/S0967-0645(99)00145-9,1995-11-04,UW_25,20.704,64.434,1,100,0,MDT,24,27.37,,1659.86,,,,,,,,,,,,,,
Balch,JGOF_TT_053,Arabian Sea,"Balch et al., 2000",doi: 10.1016/S0967-0645(99)00145-9,1995-11-04,UW_26,20.521,64.777,1,100,0,MDT,24,42.25,,2002.38,,,,,,,,,,,,,,
Balch,JGOF_TT_053,Arabian Sea,"Balch et al., 2000",doi: 10.1016/S0967-0645(99)00145-9,1995-11-05,10,19.168,67.166,4,100,0,MDT,24,12.6,,360,,,,,,,,,,,,,,
Balch,JGOF_TT_053,Arabian Sea,"Balch et al., 2000",doi: 10.1016/S0967-0645(99)00145-9,1995-11-05,10,19.168,67.166,8,50,0.69,MDT,24,7.85,,360,,,,,,,,,,,,,,
Balch,JGOF_TT_053,Arabian Sea,"Balch et al., 2000",doi: 10.1016/S0967-0645(99)00145-9,1995-11-05,10,19.168,67.166,17,30,1.2,MDT,24,9.7,,470,,,,,,,,,,,,,,
Balch,JGOF_TT_053,Arabian Sea,"Balch et al., 2000",doi: 10.1016/S0967-0645(99)00145-9,1995-11-05,10,19.168,67.166,26,14,1.97,MDT,24,17.5,,430,,,,,,,,,,,,,,
Balch,JGOF_TT_053,Arabian Sea,"Balch et al., 2000",doi: 10.1016/S0967-0645(99)00145-9,1995-11-05,10,19.168,67.166,37,7,2.66,MDT,24,8.06,,300,,,,,,,,,,,,,,
Balch,JGOF_TT_053,Arabian Sea,"Balch et al., 2000",doi: 10.1016/S0967-0645(99)00145-9,1995-11-05,10,19.168,67.166,52,3,3.51,MDT,24,16.43,,630,,,,,,,,,,,,,,
Balch,JGOF_TT_053,Arabian Sea,"Balch et al., 2000",doi: 10.1016/S0967-0645(99)00145-9,1995-11-05,10,19.168,67.166,62,1,4.61,MDT,24,7.52,,310,,,,,,,,,,,,,,
Balch,JGOF_TT_053,Arabian Sea,"Balch et al., 2000",doi: 10.1016/S0967-0645(99)00145-9,1995-11-05,10,19.168,67.166,88,0.1,6.91,MDT,24,16.03,,130,,,,,,,,,,,,,,
Balch,JGOF_TT_053,Arabian Sea,"Balch et al., 2000",doi: 10.1016/S0967-0645(99)00145-9,1995-11-05,UW_27,20.338,65.107,1,100,0,MDT,24,33.37,,2900.03,,,,,,,,,,,,,,
Balch,JGOF_TT_053,Arabian Sea,"Balch et al., 2000",doi: 10.1016/S0967-0645(99)00145-9,1995-11-05,UW_28,20.128,65.469,1,100,0,MDT,24,42.74,,1520.18,,,,,,,,,,,,,,
Balch,JGOF_TT_053,Arabian Sea,"Balch et al., 2000",doi: 10.1016/S0967-0645(99)00145-9,1995-11-05,UW_29,19.944,65.787,1,100,0,MDT,24,25.11,,325.13,,,,,,,,,,,,,,
Balch,JGOF_TT_053,Arabian Sea,"Balch et al., 2000",doi: 10.1016/S0967-0645(99)00145-9,1995-11-05,UW_30,19.767,66.115,1,100,0,MDT,24,5.17,,382.49,,,,,,,,,,,,,,
Balch,JGOF_TT_053,Arabian Sea,"Balch et al., 2000",doi: 10.1016/S0967-0645(99)00145-9,1995-11-05,UW_31,19.589,66.452,1,100,0,MDT,24,19.65,,284.58,,,,,,,,,,,,,,
Balch,JGOF_TT_053,Arabian Sea,"Balch et al., 2000",doi: 10.1016/S0967-0645(99)00145-9,1995-11-05,UW_32,19.413,66.751,1,100,0,MDT,24,8.88,,334.63,,,,,,,,,,,,,,
Balch,JGOF_TT_053,Arabian Sea,"Balch et al., 2000",doi: 10.1016/S0967-0645(99)00145-9,1995-11-05,UW_33,19.213,67.085,1,100,0,MDT,24,19.39,,245.24,,,,,,,,,,,,,,
Balch,JGOF_TT_053,Arabian Sea,"Balch et al., 2000",doi: 10.1016/S0967-0645(99)00145-9,1995-11-09,13,10.082,64.998,4,100,0,MDT,24,6.97,,290,,,,,,,,,,,,,,
Balch,JGOF_TT_053,Arabian Sea,"Balch et al., 2000",doi: 10.1016/S0967-0645(99)00145-9,1995-11-09,13,10.082,64.998,8,50,0.69,MDT,24,22.6,,390,,,,,,,,,,,,,,
Balch,JGOF_TT_053,Arabian Sea,"Balch et al., 2000",doi: 10.1016/S0967-0645(99)00145-9,1995-11-09,13,10.082,64.998,19,30,1.2,MDT,24,11.77,,300,,,,,,,,,,,,,,
Balch,JGOF_TT_053,Arabian Sea,"Balch et al., 2000",doi: 10.1016/S0967-0645(99)00145-9,1995-11-09,13,10.082,64.998,32,14,1.97,MDT,24,7.67,,310,,,,,,,,,,,,,,
Balch,JGOF_TT_053,Arabian Sea,"Balch et al., 2000",doi: 10.1016/S0967-0645(99)00145-9,1995-11-09,13,10.082,64.998,43,7,2.66,MDT,24,6.92,,330,,,,,,,,,,,,,,
Balch,JGOF_TT_053,Arabian Sea,"Balch et al., 2000",doi: 10.1016/S0967-0645(99)00145-9,1995-11-09,13,10.082,64.998,60,3,3.51,MDT,24,8.13,,280,,,,,,,,,,,,,,
Balch,JGOF_TT_053,Arabian Sea,"Balch et al., 2000",doi: 10.1016/S0967-0645(99)00145-9,1995-11-09,13,10.082,64.998,73,1,4.61,MDT,24,11.76,,400,,,,,,,,,,,,,,
Balch,JGOF_TT_053,Arabian Sea,"Balch et al., 2000",doi: 10.1016/S0967-0645(99)00145-9,1995-11-09,13,10.082,64.998,90,0.1,6.91,MDT,24,7.36,,600,,,,,,,,,,,,,,
Balch,JGOF_TT_053,Arabian Sea,"Balch et al., 2000",doi: 10.1016/S0967-0645(99)00145-9,1995-11-11,14,10.078,64.959,2,100,0,MDT,24,8.15,,430,,,,,,,,,,,,,,
Balch,JGOF_TT_053,Arabian Sea,"Balch et al., 2000",doi: 10.1016/S0967-0645(99)00145-9,1995-11-11,14,10.078,64.959,7,50,0.69,MDT,24,41.65,,200,,,,,,,,,,,,,,
Balch,JGOF_TT_053,Arabian Sea,"Balch et al., 2000",doi: 10.1016/S0967-0645(99)00145-9,1995-11-11,14,10.078,64.959,15,30,1.2,MDT,24,6.58,,250,,,,,,,,,,,,,,
Balch,JGOF_TT_053,Arabian Sea,"Balch et al., 2000",doi: 10.1016/S0967-0645(99)00145-9,1995-11-11,14,10.078,64.959,25,14,1.97,MDT,24,6.7,,610,,,,,,,,,,,,,,
Balch,JGOF_TT_053,Arabian Sea,"Balch et al., 2000",doi: 10.1016/S0967-0645(99)00145-9,1995-11-11,14,10.078,64.959,35,7,2.66,MDT,24,6.44,,2070,,,,,,,,,,,,,,
Balch,JGOF_TT_053,Arabian Sea,"Balch et al., 2000",doi: 10.1016/S0967-0645(99)00145-9,1995-11-11,14,10.078,64.959,46,3,3.51,MDT,24,84.58,,1510,,,,,,,,,,,,,,
Balch,JGOF_TT_053,Arabian Sea,"Balch et al., 2000",doi: 10.1016/S0967-0645(99)00145-9,1995-11-11,14,10.078,64.959,58,1,4.61,MDT,24,7.26,,480,,,,,,,,,,,,,,
Balch,JGOF_TT_053,Arabian Sea,"Balch et al., 2000",doi: 10.1016/S0967-0645(99)00145-9,1995-11-11,14,10.078,64.959,67,0.1,6.91,MDT,24,3.52,,310,,,,,,,,,,,,,,
Balch,JGOF_TT_053,Arabian Sea,"Balch et al., 2000",doi: 10.1016/S0967-0645(99)00145-9,1995-11-12,15,14.45,64.999,4,100,0,MDT,24,1.32,,350,,,,,,,,,,,,,,
Balch,JGOF_TT_053,Arabian Sea,"Balch et al., 2000",doi: 10.1016/S0967-0645(99)00145-9,1995-11-12,15,14.45,64.999,6,50,0.69,MDT,24,7.79,,400,,,,,,,,,,,,,,
Balch,JGOF_TT_053,Arabian Sea,"Balch et al., 2000",doi: 10.1016/S0967-0645(99)00145-9,1995-11-12,15,14.45,64.999,11,30,1.2,MDT,24,28,,400,,,,,,,,,,,,,,
Balch,JGOF_TT_053,Arabian Sea,"Balch et al., 2000",doi: 10.1016/S0967-0645(99)00145-9,1995-11-12,15,14.45,64.999,21,14,1.97,MDT,24,13.63,,500,,,,,,,,,,,,,,
Balch,JGOF_TT_053,Arabian Sea,"Balch et al., 2000",doi: 10.1016/S0967-0645(99)00145-9,1995-11-12,15,14.45,64.999,37,7,2.66,MDT,24,4.71,,580,,,,,,,,,,,,,,
Balch,JGOF_TT_053,Arabian Sea,"Balch et al., 2000",doi: 10.1016/S0967-0645(99)00145-9,1995-11-12,15,14.45,64.999,58,3,3.51,MDT,24,4.28,,370,,,,,,,,,,,,,,
Balch,JGOF_TT_053,Arabian Sea,"Balch et al., 2000",doi: 10.1016/S0967-0645(99)00145-9,1995-11-12,15,14.45,64.999,77,1,4.61,MDT,24,21.77,,340,,,,,,,,,,,,,,
Balch,JGOF_TT_053,Arabian Sea,"Balch et al., 2000",doi: 10.1016/S0967-0645(99)00145-9,1995-11-12,15,14.45,64.999,88,0.1,6.91,MDT,24,7.84,,240,,,,,,,,,,,,,,
Balch,JGOF_TT_053,Arabian Sea,"Balch et al., 2000",doi: 10.1016/S0967-0645(99)00145-9,1995-11-13,16,15.249,63.499,4,100,0,MDT,24,33.37,,960,,,,,,,,,,,,,,
Balch,JGOF_TT_053,Arabian Sea,"Balch et al., 2000",doi: 10.1016/S0967-0645(99)00145-9,1995-11-13,16,15.249,63.499,8,50,0.69,MDT,24,6.61,,1500,,,,,,,,,,,,,,
Balch,JGOF_TT_053,Arabian Sea,"Balch et al., 2000",doi: 10.1016/S0967-0645(99)00145-9,1995-11-13,16,15.249,63.499,19,30,1.2,MDT,24,29.53,,1430,,,,,,,,,,,,,,
Balch,JGOF_TT_053,Arabian Sea,"Balch et al., 2000",doi: 10.1016/S0967-0645(99)00145-9,1995-11-13,16,15.249,63.499,32,14,1.97,MDT,24,25.21,,1220,,,,,,,,,,,,,,
Balch,JGOF_TT_053,Arabian Sea,"Balch et al., 2000",doi: 10.1016/S0967-0645(99)00145-9,1995-11-13,16,15.249,63.499,43,7,2.66,MDT,24,22.09,,810,,,,,,,,,,,,,,
Balch,JGOF_TT_053,Arabian Sea,"Balch et al., 2000",doi: 10.1016/S0967-0645(99)00145-9,1995-11-13,16,15.249,63.499,60,3,3.51,MDT,24,23,,850,,,,,,,,,,,,,,
Balch,JGOF_TT_053,Arabian Sea,"Balch et al., 2000",doi: 10.1016/S0967-0645(99)00145-9,1995-11-13,16,15.249,63.499,76,1,4.61,MDT,24,0.22,,170,,,,,,,,,,,,,,
Balch,JGOF_TT_053,Arabian Sea,"Balch et al., 2000",doi: 10.1016/S0967-0645(99)00145-9,1995-11-13,16,15.249,63.499,90,0.1,6.91,MDT,24,12.95,,250,,,,,,,,,,,,,,
Balch,JGOF_TT_053,Arabian Sea,"Balch et al., 2000",doi: 10.1016/S0967-0645(99)00145-9,1995-11-13,UW_34,14.635,64.669,1,100,0,MDT,24,97.19,,1587.23,,,,,,,,,,,,,,
Balch,JGOF_TT_053,Arabian Sea,"Balch et al., 2000",doi: 10.1016/S0967-0645(99)00145-9,1995-11-13,UW_35,14.801,64.36,1,100,0,MDT,24,41.84,,709.16,,,,,,,,,,,,,,
Balch,JGOF_TT_053,Arabian Sea,"Balch et al., 2000",doi: 10.1016/S0967-0645(99)00145-9,1995-11-13,UW_36,14.963,64.04,1,100,0,MDT,24,38.47,,383.14,,,,,,,,,,,,,,
Balch,JGOF_TT_053,Arabian Sea,"Balch et al., 2000",doi: 10.1016/S0967-0645(99)00145-9,1995-11-14,17,16.034,61.999,4,100,0,MDT,24,39.93,,1290,,,,,,,,,,,,,,
Balch,JGOF_TT_053,Arabian Sea,"Balch et al., 2000",doi: 10.1016/S0967-0645(99)00145-9,1995-11-14,17,16.034,61.999,6,50,0.69,MDT,24,24.18,,1380,,,,,,,,,,,,,,
Balch,JGOF_TT_053,Arabian Sea,"Balch et al., 2000",doi: 10.1016/S0967-0645(99)00145-9,1995-11-14,17,16.034,61.999,12,30,1.2,MDT,24,10.33,,1420,,,,,,,,,,,,,,
Balch,JGOF_TT_053,Arabian Sea,"Balch et al., 2000",doi: 10.1016/S0967-0645(99)00145-9,1995-11-14,17,16.034,61.999,20,14,1.97,MDT,24,24.86,,1440,,,,,,,,,,,,,,
Balch,JGOF_TT_053,Arabian Sea,"Balch et al., 2000",doi: 10.1016/S0967-0645(99)00145-9,1995-11-14,17,16.034,61.999,28,7,2.66,MDT,24,3.48,,1060,,,,,,,,,,,,,,
Balch,JGOF_TT_053,Arabian Sea,"Balch et al., 2000",doi: 10.1016/S0967-0645(99)00145-9,1995-11-14,17,16.034,61.999,38,3,3.51,MDT,24,16.06,,830,,,,,,,,,,,,,,
Balch,JGOF_TT_053,Arabian Sea,"Balch et al., 2000",doi: 10.1016/S0967-0645(99)00145-9,1995-11-14,17,16.034,61.999,50,1,4.61,MDT,24,4.52,,480,,,,,,,,,,,,,,
Balch,JGOF_TT_053,Arabian Sea,"Balch et al., 2000",doi: 10.1016/S0967-0645(99)00145-9,1995-11-14,17,16.034,61.999,58,0.1,6.91,MDT,24,13.13,,390,,,,,,,,,,,,,,
Balch,JGOF_TT_053,Arabian Sea,"Balch et al., 2000",doi: 10.1016/S0967-0645(99)00145-9,1995-11-14,UW_37,15.386,63.196,1,100,0,MDT,24,33.56,,1011.76,,,,,,,,,,,,,,
Balch,JGOF_TT_053,Arabian Sea,"Balch et al., 2000",doi: 10.1016/S0967-0645(99)00145-9,1995-11-14,UW_38,15.577,62.866,1,100,0,MDT,24,25.06,,1079.55,,,,,,,,,,,,,,
Balch,JGOF_TT_053,Arabian Sea,"Balch et al., 2000",doi: 10.1016/S0967-0645(99)00145-9,1995-11-14,UW_39,15.759,62.553,1,100,0,MDT,24,57.78,,1590.82,,,,,,,,,,,,,,
Balch,JGOF_TT_053,Arabian Sea,"Balch et al., 2000",doi: 10.1016/S0967-0645(99)00145-9,1995-11-14,UW_40,15.923,62.222,1,100,0,MDT,24,30.92,,1310.87,,,,,,,,,,,,,,
Balch,JGOF_TT_053,Arabian Sea,"Balch et al., 2000",doi: 10.1016/S0967-0645(99)00145-9,1995-11-15,18,17.177,59.814,4,100,0,MDT,24,16.71,,2120,,,,,,,,,,,,,,
Balch,JGOF_TT_053,Arabian Sea,"Balch et al., 2000",doi: 10.1016/S0967-0645(99)00145-9,1995-11-15,18,17.177,59.814,6,50,0.69,MDT,24,19.6,,3110,,,,,,,,,,,,,,
Balch,JGOF_TT_053,Arabian Sea,"Balch et al., 2000",doi: 10.1016/S0967-0645(99)00145-9,1995-11-15,18,17.177,59.814,9,30,1.2,MDT,24,28.46,,2420,,,,,,,,,,,,,,
Balch,JGOF_TT_053,Arabian Sea,"Balch et al., 2000",doi: 10.1016/S0967-0645(99)00145-9,1995-11-15,18,17.177,59.814,13,14,1.97,MDT,24,42.12,,1950,,,,,,,,,,,,,,
Balch,JGOF_TT_053,Arabian Sea,"Balch et al., 2000",doi: 10.1016/S0967-0645(99)00145-9,1995-11-15,18,17.177,59.814,20,7,2.66,MDT,24,43.81,,1730,,,,,,,,,,,,,,
Balch,JGOF_TT_053,Arabian Sea,"Balch et al., 2000",doi: 10.1016/S0967-0645(99)00145-9,1995-11-15,18,17.177,59.814,28,3,3.51,MDT,24,21.46,,1370,,,,,,,,,,,,,,
Balch,JGOF_TT_053,Arabian Sea,"Balch et al., 2000",doi: 10.1016/S0967-0645(99)00145-9,1995-11-15,18,17.177,59.814,37,1,4.61,MDT,24,18.48,,890,,,,,,,,,,,,,,
Balch,JGOF_TT_053,Arabian Sea,"Balch et al., 2000",doi: 10.1016/S0967-0645(99)00145-9,1995-11-15,18,17.177,59.814,46,0.1,6.91,MDT,24,10.28,,390,,,,,,,,,,,,,,
Balch,JGOF_TT_053,Arabian Sea,"Balch et al., 2000",doi: 10.1016/S0967-0645(99)00145-9,1995-11-15,UW_41,16.151,61.724,1,100,0,MDT,24,25.06,,652.23,,,,,,,,,,,,,,
Balch,JGOF_TT_053,Arabian Sea,"Balch et al., 2000",doi: 10.1016/S0967-0645(99)00145-9,1995-11-15,UW_42,16.34,61.424,1,100,0,MDT,24,18.13,,507.55,,,,,,,,,,,,,,
Balch,JGOF_TT_053,Arabian Sea,"Balch et al., 2000",doi: 10.1016/S0967-0645(99)00145-9,1995-11-15,UW_43,16.503,61.13,1,100,0,MDT,24,23.42,,480.8,,,,,,,,,,,,,,
Balch,JGOF_TT_053,Arabian Sea,"Balch et al., 2000",doi: 10.1016/S0967-0645(99)00145-9,1995-11-15,UW_44,16.67,60.85,1,100,0,MDT,24,20.4,,529.93,,,,,,,,,,,,,,
Balch,JGOF_TT_053,Arabian Sea,"Balch et al., 2000",doi: 10.1016/S0967-0645(99)00145-9,1995-11-15,UW_45,16.853,60.42,1,100,0,MDT,24,36.67,,904.08,,,,,,,,,,,,,,
Balch,JGOF_TT_053,Arabian Sea,"Balch et al., 2000",doi: 10.1016/S0967-0645(99)00145-9,1995-11-15,UW_46,17.022,60.086,1,100,0,MDT,24,15.45,,2293.1,,,,,,,,,,,,,,
Balch,JGOF_TT_053,Arabian Sea,"Balch et al., 2000",doi: 10.1016/S0967-0645(99)00145-9,1995-11-16,UW_47,17.265,59.47,1,100,0,MDT,24,95.47,,3051.36,,,,,,,,,,,,,,
Balch,JGOF_TT_053,Arabian Sea,"Balch et al., 2000",doi: 10.1016/S0967-0645(99)00145-9,1995-11-16,UW_48,17.46,59.145,1,100,0,MDT,24,42.44,,933.93,,,,,,,,,,,,,,
Balch,JGOF_TT_053,Arabian Sea,"Balch et al., 2000",doi: 10.1016/S0967-0645(99)00145-9,1995-11-16,UW_49,17.655,58.823,1,100,0,MDT,24,43.42,,744.7,,,,,,,,,,,,,,
Balch,JGOF_TT_053,Arabian Sea,"Balch et al., 2000",doi: 10.1016/S0967-0645(99)00145-9,1995-11-16,UW_50,17.866,58.517,1,100,0,MDT,24,34.69,,778.96,,,,,,,,,,,,,,
Balch,JGOF_TT_053,Arabian Sea,"Balch et al., 2000",doi: 10.1016/S0967-0645(99)00145-9,1995-11-17,19,18.137,57.999,2,100,0,MDT,24,33.44,,1430,,,,,,,,,,,,,,
Balch,JGOF_TT_053,Arabian Sea,"Balch et al., 2000",doi: 10.1016/S0967-0645(99)00145-9,1995-11-17,19,18.137,57.999,7,50,0.69,MDT,24,48.87,,1790,,,,,,,,,,,,,,
Balch,JGOF_TT_053,Arabian Sea,"Balch et al., 2000",doi: 10.1016/S0967-0645(99)00145-9,1995-11-17,19,18.137,57.999,14,30,1.2,MDT,24,47.25,,1240,,,,,,,,,,,,,,
Balch,JGOF_TT_053,Arabian Sea,"Balch et al., 2000",doi: 10.1016/S0967-0645(99)00145-9,1995-11-17,19,18.137,57.999,21,14,1.97,MDT,24,38.23,,1070,,,,,,,,,,,,,,
Balch,JGOF_TT_053,Arabian Sea,"Balch et al., 2000",doi: 10.1016/S0967-0645(99)00145-9,1995-11-17,19,18.137,57.999,28,7,2.66,MDT,24,71.77,,1290,,,,,,,,,,,,,,
Balch,JGOF_TT_053,Arabian Sea,"Balch et al., 2000",doi: 10.1016/S0967-0645(99)00145-9,1995-11-17,19,18.137,57.999,39,3,3.51,MDT,24,34.09,,1240,,,,,,,,,,,,,,
Balch,JGOF_TT_053,Arabian Sea,"Balch et al., 2000",doi: 10.1016/S0967-0645(99)00145-9,1995-11-17,19,18.137,57.999,50,1,4.61,MDT,24,22.28,,330,,,,,,,,,,,,,,
Balch,JGOF_TT_053,Arabian Sea,"Balch et al., 2000",doi: 10.1016/S0967-0645(99)00145-9,1995-11-17,19,18.137,57.999,60,0.1,6.91,MDT,24,19.43,,190,,,,,,,,,,,,,,
Balch,JGOF_TT_053,Arabian Sea,"Balch et al., 2000",doi: 10.1016/S0967-0645(99)00145-9,1995-11-17,20,18.501,57.301,3,100,0,MDT,24,30.09,,1520,,,,,,,,,,,,,,
Balch,JGOF_TT_053,Arabian Sea,"Balch et al., 2000",doi: 10.1016/S0967-0645(99)00145-9,1995-11-17,20,18.501,57.301,4,50,0.69,MDT,24,21.06,,1760,,,,,,,,,,,,,,
Balch,JGOF_TT_053,Arabian Sea,"Balch et al., 2000",doi: 10.1016/S0967-0645(99)00145-9,1995-11-17,20,18.501,57.301,9,30,1.2,MDT,24,31.12,,1430,,,,,,,,,,,,,,
Balch,JGOF_TT_053,Arabian Sea,"Balch et al., 2000",doi: 10.1016/S0967-0645(99)00145-9,1995-11-17,20,18.501,57.301,15,14,1.97,MDT,24,31.11,,1540,,,,,,,,,,,,,,
Balch,JGOF_TT_053,Arabian Sea,"Balch et al., 2000",doi: 10.1016/S0967-0645(99)00145-9,1995-11-17,20,18.501,57.301,23,7,2.66,MDT,24,25.5,,1360,,,,,,,,,,,,,,
Balch,JGOF_TT_053,Arabian Sea,"Balch et al., 2000",doi: 10.1016/S0967-0645(99)00145-9,1995-11-17,20,18.501,57.301,33,3,3.51,MDT,24,37.84,,1130,,,,,,,,,,,,,,
Balch,JGOF_TT_053,Arabian Sea,"Balch et al., 2000",doi: 10.1016/S0967-0645(99)00145-9,1995-11-17,20,18.501,57.301,44,1,4.61,MDT,24,10.64,,530,,,,,,,,,,,,,,
Balch,JGOF_TT_053,Arabian Sea,"Balch et al., 2000",doi: 10.1016/S0967-0645(99)00145-9,1995-11-17,20,18.501,57.301,50,0.1,6.91,MDT,24,10.88,,290,,,,,,,,,,,,,,
Balch,JGOF_TT_053,Arabian Sea,"Balch et al., 2000",doi: 10.1016/S0967-0645(99)00145-9,1995-11-17,UW_51,18.045,58.196,1,100,0,MDT,24,55.09,,1053.92,,,,,,,,,,,,,,
Balch,JGOF_TT_053,Arabian Sea,"Balch et al., 2000",doi: 10.1016/S0967-0645(99)00145-9,1995-11-17,UW_52,18.781,59.717,1,100,0,MDT,24,47.97,,875.76,,,,,,,,,,,,,,
Balch,JGOF_TT_053,Arabian Sea,"Balch et al., 2000",doi: 10.1016/S0967-0645(99)00145-9,1995-11-18,UW_53,18.077,57.153,1,100,0,MDT,24,35.98,,857.2,,,,,,,,,,,,,,
Balch,JGOF_TT_053,Arabian Sea,"Balch et al., 2000",doi: 10.1016/S0967-0645(99)00145-9,1995-11-18,UW_54,17.719,57.013,1,100,0,MDT,24,68.42,,926.78,,,,,,,,,,,,,,
Balch,JGOF_TT_053,Arabian Sea,"Balch et al., 2000",doi: 10.1016/S0967-0645(99)00145-9,1995-11-18,UW_55,17.344,56.856,1,100,0,MDT,24,58.86,,1416.56,,,,,,,,,,,,,,
Balch,JGOF_TT_053,Arabian Sea,"Balch et al., 2000",doi: 10.1016/S0967-0645(99)00145-9,1995-11-18,UW_56,16.997,56.702,1,100,0,MDT,24,64.85,,1187.64,,,,,,,,,,,,,,
Balch,JGOF_TT_053,Arabian Sea,"Balch et al., 2000",doi: 10.1016/S0967-0645(99)00145-9,1995-11-19,21,16.416,56.497,2,100,0,MDT,24,40.61,,920,,,,,,,,,,,,,,
Balch,JGOF_TT_053,Arabian Sea,"Balch et al., 2000",doi: 10.1016/S0967-0645(99)00145-9,1995-11-19,21,16.416,56.497,7,50,0.69,MDT,24,26,,910,,,,,,,,,,,,,,
Balch,JGOF_TT_053,Arabian Sea,"Balch et al., 2000",doi: 10.1016/S0967-0645(99)00145-9,1995-11-19,21,16.416,56.497,13,30,1.2,MDT,24,23.33,,770,,,,,,,,,,,,,,
Balch,JGOF_TT_053,Arabian Sea,"Balch et al., 2000",doi: 10.1016/S0967-0645(99)00145-9,1995-11-19,21,16.416,56.497,22,14,1.97,MDT,24,16.79,,970,,,,,,,,,,,,,,
Balch,JGOF_TT_053,Arabian Sea,"Balch et al., 2000",doi: 10.1016/S0967-0645(99)00145-9,1995-11-19,21,16.416,56.497,29,7,2.66,MDT,24,63.81,,1790,,,,,,,,,,,,,,
Balch,JGOF_TT_053,Arabian Sea,"Balch et al., 2000",doi: 10.1016/S0967-0645(99)00145-9,1995-11-19,21,16.416,56.497,40,3,3.51,MDT,24,67.13,,1310,,,,,,,,,,,,,,
Balch,JGOF_TT_053,Arabian Sea,"Balch et al., 2000",doi: 10.1016/S0967-0645(99)00145-9,1995-11-19,21,16.416,56.497,51,1,4.61,MDT,24,20.63,,330,,,,,,,,,,,,,,
Balch,JGOF_TT_053,Arabian Sea,"Balch et al., 2000",doi: 10.1016/S0967-0645(99)00145-9,1995-11-19,21,16.416,56.497,60,0.1,6.91,MDT,24,3.18,,100,,,,,,,,,,,,,,
Balch,JGOF_TT_053,Arabian Sea,"Balch et al., 2000",doi: 10.1016/S0967-0645(99)00145-9,1995-11-19,22,16.918,57.265,4,100,0,MDT,24,36.92,,910,,,,,,,,,,,,,,
Balch,JGOF_TT_053,Arabian Sea,"Balch et al., 2000",doi: 10.1016/S0967-0645(99)00145-9,1995-11-19,22,16.918,57.265,6,50,0.69,MDT,24,26.81,,930,,,,,,,,,,,,,,
Balch,JGOF_TT_053,Arabian Sea,"Balch et al., 2000",doi: 10.1016/S0967-0645(99)00145-9,1995-11-19,22,16.918,57.265,11,30,1.2,MDT,24,14.07,,920,,,,,,,,,,,,,,
Balch,JGOF_TT_053,Arabian Sea,"Balch et al., 2000",doi: 10.1016/S0967-0645(99)00145-9,1995-11-19,22,16.918,57.265,18,14,1.97,MDT,24,34.13,,810,,,,,,,,,,,,,,
Balch,JGOF_TT_053,Arabian Sea,"Balch et al., 2000",doi: 10.1016/S0967-0645(99)00145-9,1995-11-19,22,16.918,57.265,27,7,2.66,MDT,24,9.64,,810,,,,,,,,,,,,,,
Balch,JGOF_TT_053,Arabian Sea,"Balch et al., 2000",doi: 10.1016/S0967-0645(99)00145-9,1995-11-19,UW_57,16.647,56.587,1,100,0,MDT,24,52.65,,1050.58,,,,,,,,,,,,,,
Balch,JGOF_TT_053,Arabian Sea,"Balch et al., 2000",doi: 10.1016/S0967-0645(99)00145-9,1995-11-19,UW_58,16.623,56.8,1,100,0,MDT,24,66.42,,649.61,,,,,,,,,,,,,,
Balch,JGOF_TT_053,Arabian Sea,"Balch et al., 2000",doi: 10.1016/S0967-0645(99)00145-9,1995-11-20,UW_59,17.185,57.538,1,100,0,MDT,24,36.43,,794.17,,,,,,,,,,,,,,
Balch,JGOF_TT_053,Arabian Sea,"Balch et al., 2000",doi: 10.1016/S0967-0645(99)00145-9,1995-11-20,UW_60,17.357,57.887,1,100,0,MDT,24,33.08,,676.41,,,,,,,,,,,,,,
Balch,JGOF_TT_053,Arabian Sea,"Balch et al., 2000",doi: 10.1016/S0967-0645(99)00145-9,1995-11-20,UW_61,17.523,58.237,1,100,0,MDT,24,38.97,,980.4,,,,,,,,,,,,,,
Balch,JGOF_TT_053,Arabian Sea,"Balch et al., 2000",doi: 10.1016/S0967-0645(99)00145-9,1995-11-21,23,17.792,58.67,4,100,0,MDT,24,11.22,,700,,,,,,,,,,,,,,
Balch,JGOF_TT_053,Arabian Sea,"Balch et al., 2000",doi: 10.1016/S0967-0645(99)00145-9,1995-11-21,23,17.792,58.67,7,50,0.69,MDT,24,18.38,,800,,,,,,,,,,,,,,
Balch,JGOF_TT_053,Arabian Sea,"Balch et al., 2000",doi: 10.1016/S0967-0645(99)00145-9,1995-11-21,23,17.792,58.67,15,30,1.2,MDT,24,4.43,,840,,,,,,,,,,,,,,
Balch,JGOF_TT_053,Arabian Sea,"Balch et al., 2000",doi: 10.1016/S0967-0645(99)00145-9,1995-11-21,23,17.792,58.67,26,14,1.97,MDT,24,12.37,,700,,,,,,,,,,,,,,
Balch,JGOF_TT_053,Arabian Sea,"Balch et al., 2000",doi: 10.1016/S0967-0645(99)00145-9,1995-11-21,23,17.792,58.67,48,3,3.51,MDT,24,11.68,,630,,,,,,,,,,,,,,
Balch,JGOF_TT_053,Arabian Sea,"Balch et al., 2000",doi: 10.1016/S0967-0645(99)00145-9,1995-11-21,23,17.792,58.67,71,0.1,6.91,MDT,24,50.83,,130,,,,,,,,,,,,,,
Balch,JGOF_TT_053,Arabian Sea,"Balch et al., 2000",doi: 10.1016/S0967-0645(99)00145-9,1995-11-21,24,18.41,59.134,3,100,0,MDT,24,37.58,,1090,,,,,,,,,,,,,,
Balch,JGOF_TT_053,Arabian Sea,"Balch et al., 2000",doi: 10.1016/S0967-0645(99)00145-9,1995-11-21,24,18.41,59.134,5,50,0.69,MDT,24,69.48,,1400,,,,,,,,,,,,,,
Balch,JGOF_TT_053,Arabian Sea,"Balch et al., 2000",doi: 10.1016/S0967-0645(99)00145-9,1995-11-21,24,18.41,59.134,10,30,1.2,MDT,24,48.52,,1420,,,,,,,,,,,,,,
Balch,JGOF_TT_053,Arabian Sea,"Balch et al., 2000",doi: 10.1016/S0967-0645(99)00145-9,1995-11-21,24,18.41,59.134,15,14,1.97,MDT,24,35.69,,1570,,,,,,,,,,,,,,
Balch,JGOF_TT_053,Arabian Sea,"Balch et al., 2000",doi: 10.1016/S0967-0645(99)00145-9,1995-11-21,24,18.41,59.134,23,7,2.66,MDT,24,26.2,,1270,,,,,,,,,,,,,,
Balch,JGOF_TT_053,Arabian Sea,"Balch et al., 2000",doi: 10.1016/S0967-0645(99)00145-9,1995-11-21,24,18.41,59.134,31,3,3.51,MDT,24,39.5,,900,,,,,,,,,,,,,,
Balch,JGOF_TT_053,Arabian Sea,"Balch et al., 2000",doi: 10.1016/S0967-0645(99)00145-9,1995-11-21,24,18.41,59.134,45,1,4.61,MDT,24,14.36,,640,,,,,,,,,,,,,,
Balch,JGOF_TT_053,Arabian Sea,"Balch et al., 2000",doi: 10.1016/S0967-0645(99)00145-9,1995-11-21,24,18.41,59.134,54,0.1,6.91,MDT,24,8.79,,180,,,,,,,,,,,,,,
Balch,JGOF_TT_053,Arabian Sea,"Balch et al., 2000",doi: 10.1016/S0967-0645(99)00145-9,1995-11-21,UW_62,18.108,58.785,1,100,0,MDT,24,19.35,,563.29,,,,,,,,,,,,,,
Balch,JGOF_TT_053,Arabian Sea,"Balch et al., 2000",doi: 10.1016/S0967-0645(99)00145-9,1995-11-22,UW_63,18.318,59.609,1,100,0,MDT,24,153.42,,3024.75,,,,,,,,,,,,,,
Balch,JGOF_TT_053,Arabian Sea,"Balch et al., 2000",doi: 10.1016/S0967-0645(99)00145-9,1995-11-22,UW_64,18.291,59.975,1,100,0,MDT,24,69.07,,4034.48,,,,,,,,,,,,,,
Balch,JGOF_TT_053,Arabian Sea,"Balch et al., 2000",doi: 10.1016/S0967-0645(99)00145-9,1995-11-23,25,18.271,60.322,4,100,0,MDT,24,98.73,,6480,,,,,,,,,,,,,,
Balch,JGOF_TT_053,Arabian Sea,"Balch et al., 2000",doi: 10.1016/S0967-0645(99)00145-9,1995-11-23,25,18.271,60.322,6,50,0.69,MDT,24,105.57,,6670,,,,,,,,,,,,,,
Balch,JGOF_TT_053,Arabian Sea,"Balch et al., 2000",doi: 10.1016/S0967-0645(99)00145-9,1995-11-23,25,18.271,60.322,11,30,1.2,MDT,24,159.86,,7460,,,,,,,,,,,,,,
Balch,JGOF_TT_053,Arabian Sea,"Balch et al., 2000",doi: 10.1016/S0967-0645(99)00145-9,1995-11-23,25,18.271,60.322,18,14,1.97,MDT,24,93.97,,5380,,,,,,,,,,,,,,
Balch,JGOF_TT_053,Arabian Sea,"Balch et al., 2000",doi: 10.1016/S0967-0645(99)00145-9,1995-11-23,25,18.271,60.322,33,3,3.51,MDT,24,1.36,,80,,,,,,,,,,,,,,
Balch,JGOF_TT_053,Arabian Sea,"Balch et al., 2000",doi: 10.1016/S0967-0645(99)00145-9,1995-11-23,25,18.271,60.322,42,1,4.61,MDT,24,0.69,,80,,,,,,,,,,,,,,
Balch,JGOF_TT_053,Arabian Sea,"Balch et al., 2000",doi: 10.1016/S0967-0645(99)00145-9,1995-11-23,26,19.282,60.32,3,100,0,MDT,24,17.13,,1930,,,,,,,,,,,,,,
Balch,JGOF_TT_053,Arabian Sea,"Balch et al., 2000",doi: 10.1016/S0967-0645(99)00145-9,1995-11-23,26,19.282,60.32,4,50,0.69,MDT,24,57.33,,2230,,,,,,,,,,,,,,
Balch,JGOF_TT_053,Arabian Sea,"Balch et al., 2000",doi: 10.1016/S0967-0645(99)00145-9,1995-11-23,26,19.282,60.32,8,30,1.2,MDT,24,31.43,,1820,,,,,,,,,,,,,,
Balch,JGOF_TT_053,Arabian Sea,"Balch et al., 2000",doi: 10.1016/S0967-0645(99)00145-9,1995-11-23,26,19.282,60.32,13,14,1.97,MDT,24,29.81,,1870,,,,,,,,,,,,,,
Balch,JGOF_TT_053,Arabian Sea,"Balch et al., 2000",doi: 10.1016/S0967-0645(99)00145-9,1995-11-23,26,19.282,60.32,19,7,2.66,MDT,24,25.72,,1940,,,,,,,,,,,,,,
Balch,JGOF_TT_053,Arabian Sea,"Balch et al., 2000",doi: 10.1016/S0967-0645(99)00145-9,1995-11-23,26,19.282,60.32,27,3,3.51,MDT,24,30.46,,1170,,,,,,,,,,,,,,
Balch,JGOF_TT_053,Arabian Sea,"Balch et al., 2000",doi: 10.1016/S0967-0645(99)00145-9,1995-11-23,26,19.282,60.32,39,1,4.61,MDT,24,20.7,,830,,,,,,,,,,,,,,
Balch,JGOF_TT_053,Arabian Sea,"Balch et al., 2000",doi: 10.1016/S0967-0645(99)00145-9,1995-11-23,26,19.282,60.32,49,0.1,6.91,MDT,24,6.9,,170,,,,,,,,,,,,,,
Balch,JGOF_TT_053,Arabian Sea,"Balch et al., 2000",doi: 10.1016/S0967-0645(99)00145-9,1995-11-23,UW_65,18.364,60.31,1,100,0,MDT,24,44.49,,2395.4,,,,,,,,,,,,,,
Balch,JGOF_TT_053,Arabian Sea,"Balch et al., 2000",doi: 10.1016/S0967-0645(99)00145-9,1995-11-23,UW_66,18.727,60.331,1,100,0,MDT,24,56.11,,2267.06,,,,,,,,,,,,,,
Balch,MV1011,Southern Ocean - Atlantic,"Balch et al., 2016",doi: 10.1002/2016GB005414,2011-01-14,601,-51.793,-56.112,14.63,36.5,1.01,MDT,24,16.21,7.01,918.02,97.7,932.54,,0.84,14.19,1.7,1.05,,,,,,8.6,34
Balch,MV1011,Southern Ocean - Atlantic,"Balch et al., 2016",doi: 10.1002/2016GB005414,2011-01-14,601,-51.793,-56.112,21.52,21.1,1.56,MDT,24,74.29,33.95,1110.72,51.35,1099.89,,0.88,14.39,1.6,1.05,,,,,,8.6,34
Balch,MV1011,Southern Ocean - Atlantic,"Balch et al., 2016",doi: 10.1002/2016GB005414,2011-01-14,601,-51.793,-56.112,29.29,11.7,2.15,MDT,24,1789.74,974.75,907.43,27.77,1066.49,,0.72,14.44,1.3,1.07,,,,,,8.6,34
Balch,MV1011,Southern Ocean - Atlantic,"Balch et al., 2016",doi: 10.1002/2016GB005414,2011-01-14,601,-51.793,-56.112,46.06,3.55,3.34,MDT,24,16.1,7.66,245.28,31.35,913.38,,0.7,14.81,1.6,1.1,,,,,,8.2,34
Balch,MV1011,Southern Ocean - Atlantic,"Balch et al., 2016",doi: 10.1002/2016GB005414,2011-01-14,601,-51.793,-56.112,53.15,1.93,3.95,MDT,24,195.4,225.54,225.79,37.69,883.85,,0.75,16.22,2.1,1.27,,,,,,7,34
Balch,MV1011,Southern Ocean - Atlantic,"Balch et al., 2016",doi: 10.1002/2016GB005414,2011-01-15,801,-50.204,-56.324,11.14,36.5,1.01,MDT,24,103.42,35.85,3892.15,291.23,1618.04,,3.51,11.09,0.2,0.64,,,,,,9,33.9
Balch,MV1011,Southern Ocean - Atlantic,"Balch et al., 2016",doi: 10.1002/2016GB005414,2011-01-15,801,-50.204,-56.324,16.75,21.1,1.56,MDT,24,72.29,19.82,3683.39,84.09,1364.09,,3.52,11.24,0.1,0.63,,,,,,9,33.9
Balch,MV1011,Southern Ocean - Atlantic,"Balch et al., 2016",doi: 10.1002/2016GB005414,2011-01-15,801,-50.204,-56.324,36.86,11.7,2.15,MDT,24,9.83,3.25,990.73,99.95,908.95,,1.9,13.74,1.2,0.97,,,,,,8.1,34
Balch,MV1011,Southern Ocean - Atlantic,"Balch et al., 2016",doi: 10.1002/2016GB005414,2011-01-15,801,-50.204,-56.324,65.77,1.93,3.95,MDT,24,1.47,0.68,5.65,0.81,428.18,,0.07,20.65,4.6,1.47,,,,,,5.9,34
Balch,MV1011,Southern Ocean - Atlantic,"Balch et al., 2016",doi: 10.1002/2016GB005414,2011-01-16,1201,-47.756,-60.094,12.27,36.5,1.01,MDT,24,152.08,54.77,2892.74,145.89,1586.54,,2.03,4.95,0.5,0.47,,,,,,11.7,33.7
Balch,MV1011,Southern Ocean - Atlantic,"Balch et al., 2016",doi: 10.1002/2016GB005414,2011-01-16,1201,-47.756,-60.094,18.85,21.1,1.56,MDT,24,254.64,53.41,2310.66,70.38,2005.32,,1.94,6.73,0.3,0.55,,,,,,11.2,33.8
Balch,MV1011,Southern Ocean - Atlantic,"Balch et al., 2016",doi: 10.1002/2016GB005414,2011-01-16,1201,-47.756,-60.094,25.67,11.7,2.15,MDT,24,116.83,11.1,1319.82,95.65,1679.44,,1.19,10.88,0.7,0.92,,,,,,9.4,33.9
Balch,MV1011,Southern Ocean - Atlantic,"Balch et al., 2016",doi: 10.1002/2016GB005414,2011-01-16,1201,-47.756,-60.094,41.48,3.55,3.34,MDT,24,5.74,2.12,151.74,29.68,353.85,,0.11,13.43,2.2,1.2,,,,,,7.3,33.9
Balch,MV1011,Southern Ocean - Atlantic,"Balch et al., 2016",doi: 10.1002/2016GB005414,2011-01-16,1201,-47.756,-60.094,50,1.93,3.95,MDT,24,2.4,0.91,86.46,11.24,177.99,,0.1,14.35,3.1,1.3,,,,,,6.8,33.9
Balch,MV1011,Southern Ocean - Atlantic,"Balch et al., 2016",doi: 10.1002/2016GB005414,2011-01-17,1601,-46.262,-59.832,11.77,36.5,1.01,MDT,24,154.86,3.88,5804.12,542.57,2403.61,,2.78,6.51,0,0.54,,,,,,11.8,33.8
Balch,MV1011,Southern Ocean - Atlantic,"Balch et al., 2016",doi: 10.1002/2016GB005414,2011-01-17,1601,-46.262,-59.832,17.62,21.1,1.56,MDT,24,130.91,15.16,5836.61,831.88,2467.46,,2.86,6.72,0.1,0.56,,,,,,11.8,33.8
Balch,MV1011,Southern Ocean - Atlantic,"Balch et al., 2016",doi: 10.1002/2016GB005414,2011-01-17,1601,-46.262,-59.832,22.62,11.7,2.15,MDT,24,133.8,21.97,5027.19,514.45,2214.39,,2.58,7.25,0.2,0.59,,,,,,11.5,33.9
Balch,MV1011,Southern Ocean - Atlantic,"Balch et al., 2016",doi: 10.1002/2016GB005414,2011-01-17,1601,-46.262,-59.832,36.07,3.55,3.34,MDT,24,7.2,3.59,280.33,31.91,765.15,,0.26,13.17,1.8,1.17,,,,,,7.8,34
Balch,MV1011,Southern Ocean - Atlantic,"Balch et al., 2016",doi: 10.1002/2016GB005414,2011-01-17,1601,-46.262,-59.832,42.4,1.93,3.95,MDT,24,1.45,2.05,97.31,29.67,464.4,,0.19,14.07,2.2,1.19,,,,,,7.5,34
Balch,MV1011,Southern Ocean - Atlantic,"Balch et al., 2016",doi: 10.1002/2016GB005414,2011-01-17,1601,-46.262,-59.832,62.35,0.28,5.88,MDT,24,0.87,0.93,26.57,10.71,384.28,,0.09,17.97,3.9,1.41,,,,,,6,34
Balch,MV1011,Southern Ocean - Atlantic,"Balch et al., 2016",doi: 10.1002/2016GB005414,2011-01-18,1801,-46.29,-57.161,16.48,36.5,1.01,MDT,24,17.66,2.22,1549.84,92.25,225.3,,0.45,9.79,0.2,0.76,,,,,,13.2,34.1
Balch,MV1011,Southern Ocean - Atlantic,"Balch et al., 2016",doi: 10.1002/2016GB005414,2011-01-18,1801,-46.29,-57.161,23.85,21.1,1.56,MDT,24,15.6,4.44,1348.36,97.19,358.7,,0.5,9.94,0,0.76,,,,,,13.2,34.1
Balch,MV1011,Southern Ocean - Atlantic,"Balch et al., 2016",doi: 10.1002/2016GB005414,2011-01-18,1801,-46.29,-57.161,32.34,11.7,2.15,MDT,24,14.81,1.49,1097.16,52.49,317.69,,0.45,10.77,0.3,0.81,,,,,,12.7,34
Balch,MV1011,Southern Ocean - Atlantic,"Balch et al., 2016",doi: 10.1002/2016GB005414,2011-01-18,1801,-46.29,-57.161,51.07,3.55,3.34,MDT,24,7.06,2.17,470.83,43.63,481.89,,0.49,15.78,3.1,1.36,,,,,,7.8,34.1
Balch,MV1011,Southern Ocean - Atlantic,"Balch et al., 2016",doi: 10.1002/2016GB005414,2011-01-18,1801,-46.29,-57.161,60.06,1.93,3.95,MDT,24,2.22,0.79,141.09,19.41,494.21,,0.31,20.18,5.6,1.58,,,,,,6,34
Balch,MV1011,Southern Ocean - Atlantic,"Balch et al., 2016",doi: 10.1002/2016GB005414,2011-01-19,2201,-46.334,-52.279,10.44,36.5,1.01,MDT,24,8.51,2.7,451.51,12.25,246.3,,0.31,0.06,0.3,0.17,,,,,,16.7,35.1
Balch,MV1011,Southern Ocean - Atlantic,"Balch et al., 2016",doi: 10.1002/2016GB005414,2011-01-19,2201,-46.334,-52.279,15.03,21.1,1.56,MDT,24,0.51,0.56,339.6,75.96,203.46,,0.27,0.08,0.2,0.17,,,,,,16.7,35.1
Balch,MV1011,Southern Ocean - Atlantic,"Balch et al., 2016",doi: 10.1002/2016GB005414,2011-01-19,2201,-46.334,-52.279,20.76,11.7,2.15,MDT,24,8.28,0.39,262.72,10.14,196.77,,0.35,0.02,0.2,0.16,,,,,,16.7,35.1
Balch,MV1011,Southern Ocean - Atlantic,"Balch et al., 2016",doi: 10.1002/2016GB005414,2011-01-19,2201,-46.334,-52.279,32.39,3.55,3.34,MDT,24,3.15,1.22,122.6,13.03,218.82,,0.33,0.02,0.3,0.16,,,,,,16.6,35.1
Balch,MV1011,Southern Ocean - Atlantic,"Balch et al., 2016",doi: 10.1002/2016GB005414,2011-01-19,2201,-46.334,-52.279,38.82,1.93,3.95,MDT,24,3.4,1.56,102.38,4.14,634.29,,0.75,,0,0.17,,,,,,15.4,35.2
Balch,MV1011,Southern Ocean - Atlantic,"Balch et al., 2016",doi: 10.1002/2016GB005414,2011-01-20,2501,-45.674,-48.947,12.94,36.5,1.01,MDT,24,18.39,2.9,1304.87,135.58,35.86,,0.73,0,0.2,0.23,,,,,,16.1,35.1
Balch,MV1011,Southern Ocean - Atlantic,"Balch et al., 2016",doi: 10.1002/2016GB005414,2011-01-20,2501,-45.674,-48.947,17.72,21.1,1.56,MDT,24,8.09,1.68,925.93,160.24,218.04,,0.66,0.14,0.3,0.27,,,,,,16.1,35.1
Balch,MV1011,Southern Ocean - Atlantic,"Balch et al., 2016",doi: 10.1002/2016GB005414,2011-01-20,2501,-45.674,-48.947,25.19,11.7,2.15,MDT,24,7.85,3.47,731.27,103.96,169.74,,0.37,0.04,0.2,0.15,,,,,,16.1,35.2
Balch,MV1011,Southern Ocean - Atlantic,"Balch et al., 2016",doi: 10.1002/2016GB005414,2011-01-20,2501,-45.674,-48.947,35.06,3.55,3.34,MDT,24,10.23,0.61,364.92,33.43,173.08,,0.62,1.19,0.7,0.24,,,,,,15.6,35.5
Balch,MV1011,Southern Ocean - Atlantic,"Balch et al., 2016",doi: 10.1002/2016GB005414,2011-01-20,2501,-45.674,-48.947,43.58,1.93,3.95,MDT,24,4.39,1.86,59.72,15.04,162.67,,0.25,1.66,0.8,0.28,,,,,,15.5,35.5
Balch,MV1011,Southern Ocean - Atlantic,"Balch et al., 2016",doi: 10.1002/2016GB005414,2011-01-21,2801,-43.65,-47.643,17.51,36.5,1.01,MDT,24,6.01,0.59,534.06,22.87,35.65,,0.05,1.45,0.6,0.36,,,,,,16.2,34.5
Balch,MV1011,Southern Ocean - Atlantic,"Balch et al., 2016",doi: 10.1002/2016GB005414,2011-01-21,2801,-43.65,-47.643,37.78,11.7,2.15,MDT,24,1.46,0.29,345.28,38.38,23.8,,0.13,4.72,0.8,0.56,,,,,,11.8,34.5
Balch,MV1011,Southern Ocean - Atlantic,"Balch et al., 2016",doi: 10.1002/2016GB005414,2011-01-21,2801,-43.65,-47.643,44.57,3.55,3.34,MDT,24,0.68,0.35,94.56,10.18,45.26,,0.14,4.84,0.8,0.64,,,,,,11.7,34.5
Balch,MV1011,Southern Ocean - Atlantic,"Balch et al., 2016",doi: 10.1002/2016GB005414,2011-01-21,2801,-43.65,-47.643,65.82,1.93,3.95,MDT,24,0.06,0.81,13.15,5.62,35.75,,0.01,9.81,2.3,0.85,,,,,,10.2,34.5
Balch,MV1011,Southern Ocean - Atlantic,"Balch et al., 2016",doi: 10.1002/2016GB005414,2011-01-21,2901,-43.003,-47.232,3.8,55,0.6,MDT,24,5.25,1.29,495.94,16.53,68.4,,0.09,,,,,,,,,,
Balch,MV1011,Southern Ocean - Atlantic,"Balch et al., 2016",doi: 10.1002/2016GB005414,2011-01-22,3201,-40.954,-45.999,12.8,36.5,1.01,MDT,24,5.19,0.04,274.83,11.54,67.58,,0.05,0.14,1.1,0.11,,,,,,20,35.6
Balch,MV1011,Southern Ocean - Atlantic,"Balch et al., 2016",doi: 10.1002/2016GB005414,2011-01-22,3201,-40.954,-45.999,17.34,21.1,1.56,MDT,24,3.98,0.8,257.64,47.31,143.5,,0.12,0.25,1.2,0.1,,,,,,19.9,35.6
Balch,MV1011,Southern Ocean - Atlantic,"Balch et al., 2016",doi: 10.1002/2016GB005414,2011-01-22,3201,-40.954,-45.999,24.64,11.7,2.15,MDT,24,4.03,1.52,192.75,41.83,35.65,,0.11,0.11,1,0.1,,,,,,19.8,35.6
Balch,MV1011,Southern Ocean - Atlantic,"Balch et al., 2016",doi: 10.1002/2016GB005414,2011-01-22,3201,-40.954,-45.999,38.36,3.55,3.34,MDT,24,2.5,1.14,110.8,9.63,,,0.11,0.09,0.5,0.09,,,,,,19.2,35.7
Balch,MV1011,Southern Ocean - Atlantic,"Balch et al., 2016",doi: 10.1002/2016GB005414,2011-01-22,3201,-40.954,-45.999,45.04,1.93,3.95,MDT,24,0.47,0.69,40.39,3.1,60.15,,0.19,0.09,0.4,0.1,,,,,,19.2,35.7
Balch,MV1011,Southern Ocean - Atlantic,"Balch et al., 2016",doi: 10.1002/2016GB005414,2011-01-22,3201,-40.954,-45.999,70.69,0.28,5.88,MDT,24,1.66,0.44,107.65,35.77,78.78,,0.55,0.41,0.6,0.2,,,,,,16.8,35.4
Balch,MV1011,Southern Ocean - Atlantic,"Balch et al., 2016",doi: 10.1002/2016GB005414,2011-01-23,3501,-38.929,-44.763,12.13,36.5,1.01,MDT,24,4.22,1.22,453.77,19.03,130.45,,0.08,0.03,0.4,0.13,,,,,,20.3,34.9
Balch,MV1011,Southern Ocean - Atlantic,"Balch et al., 2016",doi: 10.1002/2016GB005414,2011-01-23,3501,-38.929,-44.763,19.21,21.1,1.56,MDT,24,6.27,1.41,351.69,20.74,76.37,,0.03,0.1,0.3,0.13,,,,,,19.9,34.8
Balch,MV1011,Southern Ocean - Atlantic,"Balch et al., 2016",doi: 10.1002/2016GB005414,2011-01-23,3501,-38.929,-44.763,42.32,11.7,2.15,MDT,24,11.35,3.76,388.52,26.67,45.67,,0.1,0.01,0,0.25,,,,,,14.8,34.6
Balch,MV1011,Southern Ocean - Atlantic,"Balch et al., 2016",doi: 10.1002/2016GB005414,2011-01-23,3501,-38.929,-44.763,49.21,3.55,3.34,MDT,24,5.51,3.28,367.56,20.25,140.84,,0.15,1.95,0.2,0.4,,,,,,14.2,34.6
Balch,MV1011,Southern Ocean - Atlantic,"Balch et al., 2016",doi: 10.1002/2016GB005414,2011-01-23,3501,-38.929,-44.763,72.89,1.93,3.95,MDT,24,2.56,0.36,62.23,4.9,35.97,,0.12,15.02,2.8,1.11,,,,,,9.3,34.4
Balch,MV1011,Southern Ocean - Atlantic,"Balch et al., 2016",doi: 10.1002/2016GB005414,2011-01-23,3501,-38.929,-44.763,100.63,0.28,5.88,MDT,24,0.35,0.44,43.63,3.31,,,0.02,18.38,4.2,1.3,,,,,,7.9,34.3
Balch,MV1011,Southern Ocean - Atlantic,"Balch et al., 2016",doi: 10.1002/2016GB005414,2011-01-24,3802,-36.52,-43.383,21.47,36.5,1.01,MDT,24,2.28,0.57,244.23,6.92,60.15,,0.07,0.09,1.2,0.05,,,,,,21.5,36.1
Balch,MV1011,Southern Ocean - Atlantic,"Balch et al., 2016",doi: 10.1002/2016GB005414,2011-01-24,3802,-36.52,-43.383,32.76,21.1,1.56,MDT,24,1.88,0.74,255.7,61.86,103.1,,0.08,0.13,1.2,0.04,,,,,,21.5,36.1
Balch,MV1011,Southern Ocean - Atlantic,"Balch et al., 2016",doi: 10.1002/2016GB005414,2011-01-24,3802,-36.52,-43.383,44.73,11.7,2.15,MDT,24,2.67,0.43,238.58,20.24,122.63,,0.05,0.08,1.2,0.03,,,,,,21.3,36.1
Balch,MV1011,Southern Ocean - Atlantic,"Balch et al., 2016",doi: 10.1002/2016GB005414,2011-01-24,3802,-36.52,-43.383,69.77,3.55,3.34,MDT,24,1.63,0.36,161.22,8.58,177.74,,0.11,0.07,0.8,0.05,,,,,,20.1,36.3
Balch,MV1011,Southern Ocean - Atlantic,"Balch et al., 2016",doi: 10.1002/2016GB005414,2011-01-24,3802,-36.52,-43.383,81.63,1.93,3.95,MDT,24,0.25,2.12,116.36,13.37,192.51,,0.24,0.14,0.9,0.07,,,,,,19.8,36.3
Balch,MV1011,Southern Ocean - Atlantic,"Balch et al., 2016",doi: 10.1002/2016GB005414,2011-01-25,4201,-39.367,-42.31,12.87,36.5,1.01,MDT,24,8.32,0.12,208.98,11.88,46.23,,0.05,0.04,1.2,0.11,,,,,,19.2,35.7
Balch,MV1011,Southern Ocean - Atlantic,"Balch et al., 2016",doi: 10.1002/2016GB005414,2011-01-25,4201,-39.367,-42.31,21.45,21.1,1.56,MDT,24,5.55,0.21,188.51,10.68,24.99,,0.09,0.02,1,0.1,,,,,,18.9,35.7
Balch,MV1011,Southern Ocean - Atlantic,"Balch et al., 2016",doi: 10.1002/2016GB005414,2011-01-25,4201,-39.367,-42.31,29.3,11.7,2.15,MDT,24,4.87,2.18,109.86,13.71,101.27,,0.09,0.02,1.1,0.11,,,,,,18.6,35.7
Balch,MV1011,Southern Ocean - Atlantic,"Balch et al., 2016",doi: 10.1002/2016GB005414,2011-01-25,4201,-39.367,-42.31,46.52,3.55,3.34,MDT,24,5.13,1.52,82.59,11.84,62.17,,0.13,0,1.1,0.09,,,,,,17.6,35.7
Balch,MV1011,Southern Ocean - Atlantic,"Balch et al., 2016",doi: 10.1002/2016GB005414,2011-01-25,4201,-39.367,-42.31,56.88,1.93,3.95,MDT,24,3.52,0.4,116.95,14.91,103.1,,0.23,0.43,1.3,0.12,,,,,,16.5,35.7
Balch,MV1011,Southern Ocean - Atlantic,"Balch et al., 2016",doi: 10.1002/2016GB005414,2011-01-26,4601,-42.212,-41.213,9.71,36.5,1.01,MDT,24,5.75,1.97,359.09,10.59,36.07,,0.09,0.15,0.3,0.19,,,,,,18.5,34.9
Balch,MV1011,Southern Ocean - Atlantic,"Balch et al., 2016",doi: 10.1002/2016GB005414,2011-01-26,4601,-42.212,-41.213,17.05,21.1,1.56,MDT,24,3.17,0.19,280.47,29.3,45.53,,0.19,0.22,0.2,0.19,,,,,,18.2,34.9
Balch,MV1011,Southern Ocean - Atlantic,"Balch et al., 2016",doi: 10.1002/2016GB005414,2011-01-26,4601,-42.212,-41.213,23.06,11.7,2.15,MDT,24,6.4,0.91,260.77,19.56,73.61,,0.26,0.11,0.1,0.18,,,,,,18.1,34.9
Balch,MV1011,Southern Ocean - Atlantic,"Balch et al., 2016",doi: 10.1002/2016GB005414,2011-01-26,4601,-42.212,-41.213,36.26,3.55,3.34,MDT,24,5.53,0.68,225.71,28.54,61.04,,0.47,0.07,0.2,0.2,,,,,,16.7,34.8
Balch,MV1011,Southern Ocean - Atlantic,"Balch et al., 2016",doi: 10.1002/2016GB005414,2011-01-26,4601,-42.212,-41.213,41.91,1.93,3.95,MDT,24,2.14,0.18,93.95,12.92,108.62,,0.31,0.12,0.2,0.22,,,,,,15.6,34.8
Balch,MV1011,Southern Ocean - Atlantic,"Balch et al., 2016",doi: 10.1002/2016GB005414,2011-01-27,4901,-44.345,-40.343,12.45,36.5,1.01,MDT,24,59.07,22.77,524.46,93.3,36.07,,0.13,4.51,0.2,0.49,,,,,,14.7,34.6
Balch,MV1011,Southern Ocean - Atlantic,"Balch et al., 2016",doi: 10.1002/2016GB005414,2011-01-27,4901,-44.345,-40.343,18.59,21.1,1.56,MDT,24,73.13,10.55,435.12,52.03,426.68,,0.18,4.55,0.1,0.5,,,,,,14.7,34.6
Balch,MV1011,Southern Ocean - Atlantic,"Balch et al., 2016",doi: 10.1002/2016GB005414,2011-01-27,4901,-44.345,-40.343,27.49,11.7,2.15,MDT,24,42.17,11.25,253.9,67.32,114.7,,0.29,4.55,0,0.49,,,,,,14.7,34.6
Balch,MV1011,Southern Ocean - Atlantic,"Balch et al., 2016",doi: 10.1002/2016GB005414,2011-01-27,4901,-44.345,-40.343,42.24,3.55,3.34,MDT,24,27.83,10.13,143.52,46.62,140.41,,0.36,4.15,0.1,0.5,,,,,,13,34.6
Balch,MV1011,Southern Ocean - Atlantic,"Balch et al., 2016",doi: 10.1002/2016GB005414,2011-01-27,4901,-44.345,-40.343,48.25,1.93,3.95,MDT,24,5.35,2.66,55.8,17.63,110.14,,0.32,4.29,0.1,0.5,,,,,,12.5,34.7
Balch,MV1011,Southern Ocean - Atlantic,"Balch et al., 2016",doi: 10.1002/2016GB005414,2011-01-27,4901,-44.345,-40.343,73.62,0.28,5.88,MDT,24,1.12,1.03,22.99,8.13,223.67,,0.39,8.58,0.3,0.84,,,,,,10.8,34.5
Balch,MV1011,Southern Ocean - Atlantic,"Balch et al., 2016",doi: 10.1002/2016GB005414,2011-01-28,5401,-47.97,-39.249,13.84,36.5,1.01,MDT,24,106.8,11.39,627.13,135.57,603.5,,0.28,2.78,0.2,0.44,,,,,,13.5,34.7
Balch,MV1011,Southern Ocean - Atlantic,"Balch et al., 2016",doi: 10.1002/2016GB005414,2011-01-28,5401,-47.97,-39.249,19.88,21.1,1.56,MDT,24,96.17,20.69,518.59,31.24,670.82,,0.26,2.79,0.3,0.41,,,,,,13.5,34.7
Balch,MV1011,Southern Ocean - Atlantic,"Balch et al., 2016",doi: 10.1002/2016GB005414,2011-01-28,5401,-47.97,-39.249,28.3,11.7,2.15,MDT,24,77.05,19.24,441.69,19.92,373.06,,0.34,2.78,0.5,0.41,,,,,,13.4,34.7
Balch,MV1011,Southern Ocean - Atlantic,"Balch et al., 2016",doi: 10.1002/2016GB005414,2011-01-28,5401,-47.97,-39.249,43.97,3.55,3.34,MDT,24,46.52,2.73,277.47,27.83,568.11,,0.23,2.74,0.8,0.42,,,,,,13.4,34.8
Balch,MV1011,Southern Ocean - Atlantic,"Balch et al., 2016",doi: 10.1002/2016GB005414,2011-01-28,5401,-47.97,-39.249,52.07,1.93,3.95,MDT,24,17.17,16.32,109.95,7.7,337.88,,0.22,2.87,0.8,0.45,,,,,,13.4,34.8
Balch,MV1011,Southern Ocean - Atlantic,"Balch et al., 2016",doi: 10.1002/2016GB005414,2011-01-28,5401,-47.97,-39.249,76.28,0.28,5.88,MDT,24,0.71,0.9,15.56,4.71,252.7,,0.12,4.79,1.9,0.62,,,,,,12.6,34.8
Balch,MV1011,Southern Ocean - Atlantic,"Balch et al., 2016",doi: 10.1002/2016GB005414,2011-01-29,5901,-51.363,-37.845,10.92,36.5,1.01,MDT,24,18.8,4.54,995.29,93.76,482.03,,0.71,17.52,1.7,1.22,,,,,,5.9,33.8
Balch,MV1011,Southern Ocean - Atlantic,"Balch et al., 2016",doi: 10.1002/2016GB005414,2011-01-29,5901,-51.363,-37.845,16.52,21.1,1.56,MDT,24,14.01,1.93,710.72,25.9,488.3,,0.71,17.63,2.1,1.24,,,,,,5.9,33.8
Balch,MV1011,Southern Ocean - Atlantic,"Balch et al., 2016",doi: 10.1002/2016GB005414,2011-01-29,5901,-51.363,-37.845,23.27,11.7,2.15,MDT,24,12.13,3.19,571.14,10.88,392.14,,0.7,17.67,2.1,1.23,,,,,,5.9,33.8
Balch,MV1011,Southern Ocean - Atlantic,"Balch et al., 2016",doi: 10.1002/2016GB005414,2011-01-29,5901,-51.363,-37.845,34.88,3.55,3.34,MDT,24,4.3,1.57,248.44,28.05,709.82,,0.67,17.65,2.1,1.24,,,,,,5.9,33.8
Balch,MV1011,Southern Ocean - Atlantic,"Balch et al., 2016",doi: 10.1002/2016GB005414,2011-01-29,5901,-51.363,-37.845,60.82,0.28,5.88,MDT,24,1.39,0.61,19.21,6.02,397.28,,0.44,18.09,2.5,1.32,,,,,,5.5,33.8
Balch,MV1011,Southern Ocean - Atlantic,"Balch et al., 2016",doi: 10.1002/2016GB005414,2011-01-30,6201,-53.521,-36.379,9.28,36.5,1.01,MDT,24,9.09,0.71,3878.94,318.89,122.51,,2.26,19.3,8,1.39,,,,,,4.1,33.7
Balch,MV1011,Southern Ocean - Atlantic,"Balch et al., 2016",doi: 10.1002/2016GB005414,2011-01-30,6201,-53.521,-36.379,14.74,21.1,1.56,MDT,24,7.25,0.73,2739.52,94.68,137.5,,2.25,19.43,7.8,1.41,,,,,,4.1,33.7
Balch,MV1011,Southern Ocean - Atlantic,"Balch et al., 2016",doi: 10.1002/2016GB005414,2011-01-30,6201,-53.521,-36.379,20.37,11.7,2.15,MDT,24,7.65,4.7,2067.03,317.89,163.15,,2.37,19.48,7.9,1.42,,,,,,4.1,33.7
Balch,MV1011,Southern Ocean - Atlantic,"Balch et al., 2016",doi: 10.1002/2016GB005414,2011-01-30,6201,-53.521,-36.379,33.21,3.55,3.34,MDT,24,2.27,0.66,951,76.02,113.68,,2.45,19.51,7.8,1.39,,,,,,4.1,33.7
Balch,MV1011,Southern Ocean - Atlantic,"Balch et al., 2016",doi: 10.1002/2016GB005414,2011-01-30,6201,-53.521,-36.379,38.95,1.93,3.95,MDT,24,1.4,1.08,367.91,75.12,142.06,,2.62,19.95,7.7,1.43,,,,,,4.1,33.8
Balch,MV1011,Southern Ocean - Atlantic,"Balch et al., 2016",doi: 10.1002/2016GB005414,2011-01-30,6201,-53.521,-36.379,57.63,0.28,5.88,MDT,24,0.78,0.61,31.46,5.35,90.07,,0.84,21.1,10.1,1.57,,,,,,3.8,33.8
Balch,MV1011,Southern Ocean - Atlantic,"Balch et al., 2016",doi: 10.1002/2016GB005414,2011-01-31,6501,-55.675,-35.142,9.6,36.5,1.01,MDT,24,7.48,0.46,647.27,36.68,194.27,,1.11,20.56,19.3,1.41,,,,,,3.4,33.8
Balch,MV1011,Southern Ocean - Atlantic,"Balch et al., 2016",doi: 10.1002/2016GB005414,2011-01-31,6501,-55.675,-35.142,16.94,21.1,1.56,MDT,24,8.76,2.6,503.26,64.95,207.39,,1.12,20.71,19.5,1.44,,,,,,3.4,33.8
Balch,MV1011,Southern Ocean - Atlantic,"Balch et al., 2016",doi: 10.1002/2016GB005414,2011-01-31,6501,-55.675,-35.142,23.01,11.7,2.15,MDT,24,8.24,0.35,380.72,85.13,182.97,,1.14,20.85,19.3,1.42,,,,,,3.4,33.8
Balch,MV1011,Southern Ocean - Atlantic,"Balch et al., 2016",doi: 10.1002/2016GB005414,2011-01-31,6501,-55.675,-35.142,36.07,3.55,3.34,MDT,24,5.9,2.83,246.47,8.59,168.48,,1.1,20.85,19.3,1.42,,,,,,3.4,33.8
Balch,MV1011,Southern Ocean - Atlantic,"Balch et al., 2016",doi: 10.1002/2016GB005414,2011-02-01,7001,-59.251,-33.15,15.83,36.5,1.01,MDT,24,0.22,0.89,160.11,2.72,24.68,,0.13,22.32,78.5,1.74,,,,,,1.1,34
Balch,MV1011,Southern Ocean - Atlantic,"Balch et al., 2016",doi: 10.1002/2016GB005414,2011-02-01,7001,-59.251,-33.15,25.6,21.1,1.56,MDT,24,0.82,0.6,144.38,4.28,53.98,,0.17,22.73,78.9,1.76,,,,,,1.1,34
Balch,MV1011,Southern Ocean - Atlantic,"Balch et al., 2016",doi: 10.1002/2016GB005414,2011-02-01,7001,-59.251,-33.15,37.1,11.7,2.15,MDT,24,0.65,0.28,125.14,13.01,35.34,,0.14,22.84,79.2,1.77,,,,,,1.1,34
Balch,MV1011,Southern Ocean - Atlantic,"Balch et al., 2016",doi: 10.1002/2016GB005414,2011-02-02,7301,-59.094,-30.411,17.28,36.5,1.01,MDT,24,0.86,1.19,306.86,16.96,55.21,,0.18,22.5,77.8,1.76,,,,,,1.2,34
Balch,MV1011,Southern Ocean - Atlantic,"Balch et al., 2016",doi: 10.1002/2016GB005414,2011-02-03,7701,-57.28,-25.983,17.51,36.5,1.01,MDT,24,3.34,1.02,1191.58,238.3,219.17,,0.9,20.7,68.8,1.55,,,,,,1.4,33.9
Balch,MV1011,Southern Ocean - Atlantic,"Balch et al., 2016",doi: 10.1002/2016GB005414,2011-02-03,7701,-57.28,-25.983,25.81,21.1,1.56,MDT,24,4.32,1.31,1074.53,206.66,224.13,,1.05,20.9,69.1,1.57,,,,,,1.3,33.9
Balch,MV1011,Southern Ocean - Atlantic,"Balch et al., 2016",doi: 10.1002/2016GB005414,2011-02-03,7701,-57.28,-25.983,36.75,11.7,2.15,MDT,24,2.35,0.95,1009.14,87.04,135.03,,0.97,20.96,69.9,1.57,,,,,,1.3,33.9
Balch,MV1011,Southern Ocean - Atlantic,"Balch et al., 2016",doi: 10.1002/2016GB005414,2011-02-03,7701,-57.28,-25.983,55.86,3.55,3.34,MDT,24,1.26,0.45,228.95,16.61,93.53,,0.37,21.35,75,1.68,,,,,,0.7,34
Balch,MV1011,Southern Ocean - Atlantic,"Balch et al., 2016",doi: 10.1002/2016GB005414,2011-02-04,8001,-55.937,-22.832,16.39,36.5,1.01,MDT,24,25.81,3.29,437.19,5.31,308.62,,0.43,23.46,36.6,1.64,,,,,,2.9,33.8
Balch,MV1011,Southern Ocean - Atlantic,"Balch et al., 2016",doi: 10.1002/2016GB005414,2011-02-04,8001,-55.937,-22.832,25.51,21.1,1.56,MDT,24,25.64,5.08,400.49,28.18,319.32,,0.5,23.69,36.7,1.64,,,,,,2.8,33.8
Balch,MV1011,Southern Ocean - Atlantic,"Balch et al., 2016",doi: 10.1002/2016GB005414,2011-02-04,8001,-55.937,-22.832,34.83,11.7,2.15,MDT,24,18.31,4.63,332.36,22.01,376.87,,0.57,23.85,35.5,1.65,,,,,,2.8,33.8
Balch,MV1011,Southern Ocean - Atlantic,"Balch et al., 2016",doi: 10.1002/2016GB005414,2011-02-04,8001,-55.937,-22.832,53.29,3.55,3.34,MDT,24,12.13,2.81,221.97,26.33,307.75,,0.67,23.95,34.6,1.67,,,,,,2.7,33.8
Balch,MV1011,Southern Ocean - Atlantic,"Balch et al., 2016",doi: 10.1002/2016GB005414,2011-02-04,8001,-55.937,-22.832,63.59,1.93,3.95,MDT,24,8.26,1.43,113.68,17.57,394.61,,0.74,24.67,35.4,1.68,,,,,,2.6,33.8
Balch,MV1011,Southern Ocean - Atlantic,"Balch et al., 2016",doi: 10.1002/2016GB005414,2011-02-05,8501,-53.648,-17.753,12.79,36.5,1.01,MDT,24,12.6,3.22,1283.68,19.87,123.76,,1.11,19.14,0.7,1.33,,,,,,4.1,33.9
Balch,MV1011,Southern Ocean - Atlantic,"Balch et al., 2016",doi: 10.1002/2016GB005414,2011-02-05,8501,-53.648,-17.753,19.02,21.1,1.56,MDT,24,7.56,1.27,1157.84,112.23,67.58,,1.26,19.41,0.8,1.33,,,,,,4,33.9
Balch,MV1011,Southern Ocean - Atlantic,"Balch et al., 2016",doi: 10.1002/2016GB005414,2011-02-05,8501,-53.648,-17.753,26.96,11.7,2.15,MDT,24,6.36,2.1,1004.35,94.63,94.86,,1.88,19.49,0.7,1.34,,,,,,4,33.9
Balch,MV1011,Southern Ocean - Atlantic,"Balch et al., 2016",doi: 10.1002/2016GB005414,2011-02-05,8501,-53.648,-17.753,40.48,3.55,3.34,MDT,24,5.55,1.61,702.67,130.65,140.93,,2.15,19.58,0.6,1.34,,,,,,4,33.9
Balch,MV1011,Southern Ocean - Atlantic,"Balch et al., 2016",doi: 10.1002/2016GB005414,2011-02-06,8801,-52.283,-14.808,11.78,36.5,1.01,MDT,24,3.72,4.31,1495.76,813.91,142.42,,1.81,18.18,1.8,1.29,,,,,,4.7,33.8
Balch,MV1011,Southern Ocean - Atlantic,"Balch et al., 2016",doi: 10.1002/2016GB005414,2011-02-06,8801,-52.283,-14.808,17.86,21.1,1.56,MDT,24,3.8,2.58,1056.62,498.77,163.12,,1.7,18.42,1.9,1.28,,,,,,4.7,33.8
Balch,MV1011,Southern Ocean - Atlantic,"Balch et al., 2016",doi: 10.1002/2016GB005414,2011-02-06,8801,-52.283,-14.808,25.74,11.7,2.15,MDT,24,2.13,0.94,738.83,69.4,182.57,,1.96,18.53,1.7,1.33,,,,,,4.7,33.8
Balch,MV1011,Southern Ocean - Atlantic,"Balch et al., 2016",doi: 10.1002/2016GB005414,2011-02-06,8801,-52.283,-14.808,46.83,1.93,3.95,MDT,24,0.1,16.26,45.22,9.33,214.45,,1.98,19.72,8.6,1.48,,,,,,4.2,33.9
Balch,MV1011,Southern Ocean - Atlantic,"Balch et al., 2016",doi: 10.1002/2016GB005414,2011-02-06,8901,-51.859,-13.87,150,0.28,5.88,MDT,24,4.76,131.89,1445.03,220.58,118.16,,0.17,31.33,34.8,2.21,,,,,,1.7,34.1
Balch,MV1011,Southern Ocean - Atlantic,"Balch et al., 2016",doi: 10.1002/2016GB005414,2011-02-07,9201,-50.4,-10.8,10.65,36.5,1.01,MDT,24,7.65,1.91,763.61,68.74,280.99,,0.57,17.53,1.4,1.27,,,,,,5.9,33.8
Balch,MV1011,Southern Ocean - Atlantic,"Balch et al., 2016",doi: 10.1002/2016GB005414,2011-02-07,9201,-50.4,-10.8,16.09,21.1,1.56,MDT,24,5.61,1.3,637.51,94.29,253.71,,0.59,17.82,1.3,1.27,,,,,,5.9,33.8
Balch,MV1011,Southern Ocean - Atlantic,"Balch et al., 2016",doi: 10.1002/2016GB005414,2011-02-07,9201,-50.4,-10.8,22.21,11.7,2.15,MDT,24,4.63,0.88,552.29,62.44,141.28,,0.61,17.96,1.3,1.28,,,,,,5.9,33.8
Balch,MV1011,Southern Ocean - Atlantic,"Balch et al., 2016",doi: 10.1002/2016GB005414,2011-02-07,9201,-50.4,-10.8,33.15,3.55,3.34,MDT,24,2.7,0.4,466.3,28.36,235.64,,0.83,18.34,1.4,1.3,,,,,,5.5,33.8
Balch,MV1011,Southern Ocean - Atlantic,"Balch et al., 2016",doi: 10.1002/2016GB005414,2011-02-07,9201,-50.4,-10.8,38.95,1.93,3.95,MDT,24,1.1,0.56,246.43,35.81,205.03,,0.94,18.59,1.5,1.33,,,,,,5.3,33.8
Balch,MV1011,Southern Ocean - Atlantic,"Balch et al., 2016",doi: 10.1002/2016GB005414,2011-02-08,9601,-48.571,-7.513,8.34,36.5,1.01,MDT,24,1.45,1.25,1720.6,341.69,235.2,,3.99,16.49,2.5,0.99,,,,,,5.9,33.9
Balch,MV1011,Southern Ocean - Atlantic,"Balch et al., 2016",doi: 10.1002/2016GB005414,2011-02-08,9601,-48.571,-7.513,12.97,21.1,1.56,MDT,24,2.27,0.38,1268.01,146.35,253.22,,3.93,16.6,2.3,1.04,,,,,,5.9,33.9
Balch,MV1011,Southern Ocean - Atlantic,"Balch et al., 2016",doi: 10.1002/2016GB005414,2011-02-08,9601,-48.571,-7.513,17.96,11.7,2.15,MDT,24,2.14,0.19,948.89,77.52,181.96,,4.11,16.71,2.4,1.05,,,,,,5.9,33.9
Balch,MV1011,Southern Ocean - Atlantic,"Balch et al., 2016",doi: 10.1002/2016GB005414,2011-02-08,9601,-48.571,-7.513,28.67,3.55,3.34,MDT,24,1.14,0.09,650.74,61.5,205.15,,4.31,17.75,4.4,1.23,,,,,,5.4,33.9
Balch,MV1011,Southern Ocean - Atlantic,"Balch et al., 2016",doi: 10.1002/2016GB005414,2011-02-08,9601,-48.571,-7.513,33.12,1.93,3.95,MDT,24,1.2,0.58,272.67,25.06,155.43,,4.29,19.32,8.6,1.49,,,,,,4.9,33.9
Balch,MV1011,Southern Ocean - Atlantic,"Balch et al., 2016",doi: 10.1002/2016GB005414,2011-02-08,9601,-48.571,-7.513,50.25,0.28,5.88,MDT,24,0.9,0.47,34.82,6.18,136.53,,1.55,21.35,15.7,1.63,,,,,,4.2,33.9
Balch,MV1011,Southern Ocean - Atlantic,"Balch et al., 2016",doi: 10.1002/2016GB005414,2011-02-09,10101,-46.306,-3.213,13.07,36.5,1.01,MDT,24,4.01,0.97,630.81,13.51,89.99,,0.46,12.47,0.6,0.95,,,,,,11.1,34
Balch,MV1011,Southern Ocean - Atlantic,"Balch et al., 2016",doi: 10.1002/2016GB005414,2011-02-09,10101,-46.306,-3.213,20.99,21.1,1.56,MDT,24,4.59,1.87,421.33,50.69,26.63,,0.43,12.29,0.5,0.94,,,,,,11,34
Balch,MV1011,Southern Ocean - Atlantic,"Balch et al., 2016",doi: 10.1002/2016GB005414,2011-02-09,10101,-46.306,-3.213,28.94,11.7,2.15,MDT,24,2.85,1.06,270.52,12.35,,,0.39,12.21,0.4,0.96,,,,,,10.8,34
Balch,MV1011,Southern Ocean - Atlantic,"Balch et al., 2016",doi: 10.1002/2016GB005414,2011-02-09,10101,-46.306,-3.213,45.93,3.55,3.34,MDT,24,2.77,0.83,182.5,34.12,46.88,,0.44,13.25,1,1.08,,,,,,9.9,34.1
Balch,MV1011,Southern Ocean - Atlantic,"Balch et al., 2016",doi: 10.1002/2016GB005414,2011-02-09,10101,-46.306,-3.213,54.51,1.93,3.95,MDT,24,1.47,0.41,84.76,9.35,40.97,,0.39,14.48,2,1.19,,,,,,8.9,34.1
Balch,MV1011,Southern Ocean - Atlantic,"Balch et al., 2016",doi: 10.1002/2016GB005414,2011-02-09,10101,-46.306,-3.213,81.44,0.28,5.88,MDT,24,0.75,2.01,24.61,5.39,77.57,,0.26,18.18,4.6,1.41,,,,,,6.6,34.2
Balch,MV1011,Southern Ocean - Atlantic,"Balch et al., 2016",doi: 10.1002/2016GB005414,2011-02-10,10401,-44.904,-0.681,13.81,36.5,1.01,MDT,24,4.77,1.71,259.99,89.38,297.48,,0.17,15,1.3,1.15,,,,,,11.1,33.9
Balch,MV1011,Southern Ocean - Atlantic,"Balch et al., 2016",doi: 10.1002/2016GB005414,2011-02-10,10401,-44.904,-0.681,21.53,21.1,1.56,MDT,24,5.27,0.53,452.84,22.02,247.59,,0.26,14.91,1.3,1.14,,,,,,10.6,33.9
Balch,MV1011,Southern Ocean - Atlantic,"Balch et al., 2016",doi: 10.1002/2016GB005414,2011-02-10,10401,-44.904,-0.681,29.06,11.7,2.15,MDT,24,6.81,1.68,430.25,78.89,76.56,,0.41,14.93,1.2,1.14,,,,,,9.4,34
Balch,MV1011,Southern Ocean - Atlantic,"Balch et al., 2016",doi: 10.1002/2016GB005414,2011-02-10,10401,-44.904,-0.681,45.62,3.55,3.34,MDT,24,2.29,0.88,194.15,22.32,37.56,,0.35,15.02,1.2,1.17,,,,,,9.2,34
Balch,MV1011,Southern Ocean - Atlantic,"Balch et al., 2016",doi: 10.1002/2016GB005414,2011-02-10,10401,-44.904,-0.681,53.45,1.93,3.95,MDT,24,4.1,3.03,116.46,12.33,31.34,,0.39,15.43,1.5,1.21,,,,,,8.8,34
Balch,MV1011,Southern Ocean - Atlantic,"Balch et al., 2016",doi: 10.1002/2016GB005414,2011-02-10,10401,-44.904,-0.681,78.56,0.28,5.88,MDT,24,1.17,1.09,55.57,13.86,34.74,,0.12,20.7,5.8,1.49,,,,,,6.2,34.2
Balch,MV1011,Southern Ocean - Atlantic,"Balch et al., 2016",doi: 10.1002/2016GB005414,2011-02-11,10901,-42.632,3.335,10.62,36.5,1.01,MDT,24,3.01,0.98,445.84,65.8,53.23,,0.39,5.29,0.8,0.56,,,,,,15.1,34.4
Balch,MV1011,Southern Ocean - Atlantic,"Balch et al., 2016",doi: 10.1002/2016GB005414,2011-02-11,10901,-42.632,3.335,16.65,21.1,1.56,MDT,24,1.96,0.34,357.97,16.65,23.87,,0.43,5.08,0.6,0.53,,,,,,15,34.4
Balch,MV1011,Southern Ocean - Atlantic,"Balch et al., 2016",doi: 10.1002/2016GB005414,2011-02-11,10901,-42.632,3.335,23.8,11.7,2.15,MDT,24,4.87,3.16,288.99,78.1,60.15,,0.61,5.13,0.8,0.55,,,,,,14.5,34.5
Balch,MV1011,Southern Ocean - Atlantic,"Balch et al., 2016",doi: 10.1002/2016GB005414,2011-02-11,10901,-42.632,3.335,43.64,1.93,3.95,MDT,24,0.36,1.26,54.71,6.82,80.19,,0.48,5.03,0.7,0.56,,,,,,13.9,34.5
Balch,MV1011,Southern Ocean - Atlantic,"Balch et al., 2016",doi: 10.1002/2016GB005414,2011-02-12,11301,-40.78,6.441,17.53,21.1,1.56,MDT,24,3.77,0.47,564.19,35.02,66.78,,0.41,3.06,0.7,0.43,,,,,,15.7,34.6
Balch,MV1011,Southern Ocean - Atlantic,"Balch et al., 2016",doi: 10.1002/2016GB005414,2011-02-12,11301,-40.78,6.441,24.85,11.7,2.15,MDT,24,4.47,1.34,392.49,59.29,60.68,,0.44,3.53,0.6,0.46,,,,,,15.3,34.6
Balch,MV1011,Southern Ocean - Atlantic,"Balch et al., 2016",doi: 10.1002/2016GB005414,2011-02-12,11301,-40.78,6.441,38.51,3.55,3.34,MDT,24,4.84,0.37,270.88,34.03,59.97,,0.42,5.01,1.1,0.58,,,,,,13.9,34.6
Balch,MV1011,Southern Ocean - Atlantic,"Balch et al., 2016",doi: 10.1002/2016GB005414,2011-02-12,11301,-40.78,6.441,46.28,1.93,3.95,MDT,24,0.31,0.73,121.44,25.25,36.18,,0.36,5.58,1.3,0.63,,,,,,13,34.6
Balch,MV1011,Southern Ocean - Atlantic,"Balch et al., 2016",doi: 10.1002/2016GB005414,2011-02-12,11401,-40.319,7.221,3.8,55,0.6,MDT,24,4.96,0.42,684.26,47.23,96.87,,0.54,,,,,,,,,,
Balch,MV1011,Southern Ocean - Atlantic,"Balch et al., 2016",doi: 10.1002/2016GB005414,2011-02-12,11701,-38.965,9.487,10.88,36.5,1.01,MDT,24,5.49,1.73,490.87,102.1,94.86,,0.32,0.02,0.7,0.2,,,,,,18.8,35
Balch,MV1011,Southern Ocean - Atlantic,"Balch et al., 2016",doi: 10.1002/2016GB005414,2011-02-12,11701,-38.965,9.487,15.51,21.1,1.56,MDT,24,2.52,0.45,325.61,54.97,45.8,,0.32,0.01,0.6,0.19,,,,,,18.8,35
Balch,MV1011,Southern Ocean - Atlantic,"Balch et al., 2016",doi: 10.1002/2016GB005414,2011-02-12,11701,-38.965,9.487,22.72,11.7,2.15,MDT,24,4.91,3.37,379.63,124.21,146.16,,0.35,0.01,0.4,0.18,,,,,,18.7,35
Balch,MV1011,Southern Ocean - Atlantic,"Balch et al., 2016",doi: 10.1002/2016GB005414,2011-02-12,11701,-38.965,9.487,35.4,3.55,3.34,MDT,24,4.91,2.2,349.92,38.35,74.73,,0.56,1.9,0.5,0.35,,,,,,15.9,34.7
Balch,MV1011,Southern Ocean - Atlantic,"Balch et al., 2016",doi: 10.1002/2016GB005414,2011-02-12,11701,-38.965,9.487,41.19,1.93,3.95,MDT,24,2.35,0.93,145.99,28.1,61.6,,0.42,2.56,0.7,0.4,,,,,,15.3,34.7
Balch,RR1202,Southern Ocean - Indian,"Balch et al., 2016",doi: 10.1002/2016GB005414,2012-02-21,501,-37.089,39.477,13.452,36.5,1.01,MDT,24,9.72,3.24,206.48,13.85,35.97,,,,,,,,,,,,
Balch,RR1202,Southern Ocean - Indian,"Balch et al., 2016",doi: 10.1002/2016GB005414,2012-02-21,501,-37.089,39.477,20.296,21.1,1.56,MDT,24,5.16,1.34,130.19,7.62,,,,,,,,,,,,,
Balch,RR1202,Southern Ocean - Indian,"Balch et al., 2016",doi: 10.1002/2016GB005414,2012-02-21,501,-37.089,39.477,28.558,11.7,2.15,MDT,24,3.57,1.31,129.54,30.15,19.53,,,,,,,,,,,,
Balch,RR1202,Southern Ocean - Indian,"Balch et al., 2016",doi: 10.1002/2016GB005414,2012-02-21,501,-37.089,39.477,44.764,3.55,3.34,MDT,24,2.76,1.64,69.83,12.26,28.61,,,,,,,,,,,,
Balch,RR1202,Southern Ocean - Indian,"Balch et al., 2016",doi: 10.1002/2016GB005414,2012-02-21,501,-37.089,39.477,52.121,1.93,3.95,MDT,24,5.8,4.04,55.92,5.44,,,,,,,,,,,,,
Balch,RR1202,Southern Ocean - Indian,"Balch et al., 2016",doi: 10.1002/2016GB005414,2012-02-21,501,-37.089,39.477,78.028,0.28,5.88,MDT,24,4.03,5.24,29.76,4.61,19.14,,,,,,,,,,,,
Balch,RR1202,Southern Ocean - Indian,"Balch et al., 2016",doi: 10.1002/2016GB005414,2012-02-22,701,-37.909,40.464,10.967,36.5,1.01,MDT,24,9.75,9.02,165.63,15.8,,,,,,,,,,,,,
Balch,RR1202,Southern Ocean - Indian,"Balch et al., 2016",doi: 10.1002/2016GB005414,2012-02-22,701,-37.909,40.464,25.286,11.7,2.15,MDT,24,2.19,1.32,122.34,9.63,,,,,,,,,,,,,
Balch,RR1202,Southern Ocean - Indian,"Balch et al., 2016",doi: 10.1002/2016GB005414,2012-02-22,701,-37.909,40.464,38.051,3.55,3.34,MDT,24,3.17,5.32,69.27,18.07,19.07,,,,,,,,,,,,
Balch,RR1202,Southern Ocean - Indian,"Balch et al., 2016",doi: 10.1002/2016GB005414,2012-02-22,701,-37.909,40.464,44.572,1.93,3.95,MDT,24,9.56,5.27,131.48,23.41,18.99,,,,,,,,,,,,
Balch,RR1202,Southern Ocean - Indian,"Balch et al., 2016",doi: 10.1002/2016GB005414,2012-02-23,1301,-40.355,43.497,16.661,36.5,1.01,MDT,24,3.95,0.87,100.75,6.93,42.09,,,,,,,,,,,,
Balch,RR1202,Southern Ocean - Indian,"Balch et al., 2016",doi: 10.1002/2016GB005414,2012-02-23,1301,-40.355,43.497,35.432,11.7,2.15,MDT,24,2.11,0.55,52.41,4.13,81.35,,,,,,,,,,,,
Balch,RR1202,Southern Ocean - Indian,"Balch et al., 2016",doi: 10.1002/2016GB005414,2012-02-23,1301,-40.355,43.497,55.991,3.55,3.34,MDT,24,1.06,0.68,36.72,3.3,36.11,,,,,,,,,,,,
Balch,RR1202,Southern Ocean - Indian,"Balch et al., 2016",doi: 10.1002/2016GB005414,2012-02-23,1301,-40.355,43.497,65.015,1.93,3.95,MDT,24,1.47,0.18,17.09,2.89,55.33,,,,,,,,,,,,
Balch,RR1202,Southern Ocean - Indian,"Balch et al., 2016",doi: 10.1002/2016GB005414,2012-02-24,1701,-42.031,45.556,23.267,36.5,1.01,MDT,24,3.61,2.77,451.91,165.55,,,,,,,,,,,,,
Balch,RR1202,Southern Ocean - Indian,"Balch et al., 2016",doi: 10.1002/2016GB005414,2012-02-24,1701,-42.031,45.556,36.399,21.1,1.56,MDT,24,1.85,0.25,203.95,21.89,18.84,,,,,,,,,,,,
Balch,RR1202,Southern Ocean - Indian,"Balch et al., 2016",doi: 10.1002/2016GB005414,2012-02-24,1701,-42.031,45.556,46.168,11.7,2.15,MDT,24,1.27,1.46,110.78,6.08,43.29,,,,,,,,,,,,
Balch,RR1202,Southern Ocean - Indian,"Balch et al., 2016",doi: 10.1002/2016GB005414,2012-02-24,1701,-42.031,45.556,61.811,3.55,3.34,MDT,24,0.28,1.15,43.55,4.04,19.37,,,,,,,,,,,,
Balch,RR1202,Southern Ocean - Indian,"Balch et al., 2016",doi: 10.1002/2016GB005414,2012-02-25,2201,-44.109,48.179,14.497,36.5,1.01,MDT,24,17.34,5.17,563.15,32.5,19.22,,,,,,,,,,,,
Balch,RR1202,Southern Ocean - Indian,"Balch et al., 2016",doi: 10.1002/2016GB005414,2012-02-25,2201,-44.109,48.179,21.005,21.1,1.56,MDT,24,18.45,4.96,393.39,53.94,121.97,,,,,,,,,,,,
Balch,RR1202,Southern Ocean - Indian,"Balch et al., 2016",doi: 10.1002/2016GB005414,2012-02-25,2201,-44.109,48.179,23.953,11.7,2.15,MDT,24,14.83,2.16,369.8,13.28,148.49,,,,,,,,,,,,
Balch,RR1202,Southern Ocean - Indian,"Balch et al., 2016",doi: 10.1002/2016GB005414,2012-02-25,2201,-44.109,48.179,40.52,3.55,3.34,MDT,24,19.64,6.43,276.52,14.64,292.93,,,,,,,,,,,,
Balch,RR1202,Southern Ocean - Indian,"Balch et al., 2016",doi: 10.1002/2016GB005414,2012-02-25,2201,-44.109,48.179,44.337,1.93,3.95,MDT,24,0.74,3.24,134.53,13.46,360.69,,,,,,,,,,,,
Balch,RR1202,Southern Ocean - Indian,"Balch et al., 2016",doi: 10.1002/2016GB005414,2012-02-26,2601,-45.708,50.257,14.427,36.5,1.01,MDT,24,10.42,0.43,1929.01,364.85,,,,,,,,,,,,,
Balch,RR1202,Southern Ocean - Indian,"Balch et al., 2016",doi: 10.1002/2016GB005414,2012-02-26,2601,-45.708,50.257,21.985,21.1,1.56,MDT,24,0.53,0.23,1655.97,94.03,41.93,,,,,,,,,,,,
Balch,RR1202,Southern Ocean - Indian,"Balch et al., 2016",doi: 10.1002/2016GB005414,2012-02-26,2601,-45.708,50.257,31.349,11.7,2.15,MDT,24,1.76,0.91,1040.43,130.45,36.55,,,,,,,,,,,,
Balch,RR1202,Southern Ocean - Indian,"Balch et al., 2016",doi: 10.1002/2016GB005414,2012-02-26,2601,-45.708,50.257,83.027,0.28,5.88,MDT,24,2.42,4.49,24.08,2.55,42.94,,,,,,,,,,,,
Balch,RR1202,Southern Ocean - Indian,"Balch et al., 2016",doi: 10.1002/2016GB005414,2012-02-27,2901,-46.06,52.646,13.182,36.5,1.01,MDT,24,12.05,15.03,342.18,73.29,59.7,,,,,,,,,,,,
Balch,RR1202,Southern Ocean - Indian,"Balch et al., 2016",doi: 10.1002/2016GB005414,2012-02-27,2901,-46.06,52.646,18.657,21.1,1.56,MDT,24,4.8,2.17,326.87,54.45,105.91,,,,,,,,,,,,
Balch,RR1202,Southern Ocean - Indian,"Balch et al., 2016",doi: 10.1002/2016GB005414,2012-02-27,2901,-46.06,52.646,26.825,11.7,2.15,MDT,24,15.48,5.57,293.7,35.34,180.95,,,,,,,,,,,,
Balch,RR1202,Southern Ocean - Indian,"Balch et al., 2016",doi: 10.1002/2016GB005414,2012-02-27,2901,-46.06,52.646,41.304,3.55,3.34,MDT,24,12.88,4.69,189.62,15.13,215.88,,,,,,,,,,,,
Balch,RR1202,Southern Ocean - Indian,"Balch et al., 2016",doi: 10.1002/2016GB005414,2012-02-27,2901,-46.06,52.646,46.456,1.93,3.95,MDT,24,3.77,1.15,39.42,2.83,211.28,,,,,,,,,,,,
Balch,RR1202,Southern Ocean - Indian,"Balch et al., 2016",doi: 10.1002/2016GB005414,2012-02-27,2901,-46.06,52.646,70.175,0.28,5.88,MDT,24,1.91,0.74,20.15,3.92,198.54,,,,,,,,,,,,
Balch,RR1202,Southern Ocean - Indian,"Balch et al., 2016",doi: 10.1002/2016GB005414,2012-02-28,3501,-46.739,57.485,15.836,36.5,1.01,MDT,24,7.54,10.22,226.95,46.01,18.84,,,,,,,,,,,,
Balch,RR1202,Southern Ocean - Indian,"Balch et al., 2016",doi: 10.1002/2016GB005414,2012-02-28,3501,-46.739,57.485,33.817,11.7,2.15,MDT,24,1.88,1.26,170.01,6.39,19.37,,,,,,,,,,,,
Balch,RR1202,Southern Ocean - Indian,"Balch et al., 2016",doi: 10.1002/2016GB005414,2012-02-28,3501,-46.739,57.485,53.722,3.55,3.34,MDT,24,0.72,1.82,107.71,22.68,18.77,,,,,,,,,,,,
Balch,RR1202,Southern Ocean - Indian,"Balch et al., 2016",doi: 10.1002/2016GB005414,2012-02-28,3501,-46.739,57.485,66.099,1.93,3.95,MDT,24,0.89,0.73,53.09,8.6,,,,,,,,,,,,,
Balch,RR1202,Southern Ocean - Indian,"Balch et al., 2016",doi: 10.1002/2016GB005414,2012-02-28,3501,-46.739,57.485,98.694,0.28,5.88,MDT,24,0.95,1.37,27.83,3.76,,,,,,,,,,,,,
Balch,RR1202,Southern Ocean - Indian,"Balch et al., 2016",doi: 10.1002/2016GB005414,2012-02-29,3801,-47.037,59.933,22.682,36.5,1.01,MDT,24,4.44,0.96,221.38,72.38,18.99,,,,,,,,,,,,
Balch,RR1202,Southern Ocean - Indian,"Balch et al., 2016",doi: 10.1002/2016GB005414,2012-02-29,3801,-47.037,59.933,34.269,21.1,1.56,MDT,24,3.86,0.53,222.26,14.68,19.14,,,,,,,,,,,,
Balch,RR1202,Southern Ocean - Indian,"Balch et al., 2016",doi: 10.1002/2016GB005414,2012-02-29,3801,-47.037,59.933,71.471,3.55,3.34,MDT,24,2.19,1.33,120.53,20.76,36.11,,,,,,,,,,,,
Balch,RR1202,Southern Ocean - Indian,"Balch et al., 2016",doi: 10.1002/2016GB005414,2012-02-29,3801,-47.037,59.933,88.013,1.93,3.95,MDT,24,3.16,1.04,58.78,5.68,99.42,,,,,,,,,,,,
Balch,RR1202,Southern Ocean - Indian,"Balch et al., 2016",doi: 10.1002/2016GB005414,2012-02-29,3801,-47.037,59.933,130.232,0.28,5.88,MDT,24,1.34,0.93,7.38,0.64,63.41,,,,,,,,,,,,
Balch,RR1202,Southern Ocean - Indian,"Balch et al., 2016",doi: 10.1002/2016GB005414,2012-03-01,4301,-47.52,64.045,20.38,36.5,1.01,MDT,24,0.95,1.05,220.11,14.94,63.67,,,,,,,,,,,,
Balch,RR1202,Southern Ocean - Indian,"Balch et al., 2016",doi: 10.1002/2016GB005414,2012-03-01,4301,-47.52,64.045,29.275,21.1,1.56,MDT,24,0.96,0.65,203.17,28.24,28.61,,,,,,,,,,,,
Balch,RR1202,Southern Ocean - Indian,"Balch et al., 2016",doi: 10.1002/2016GB005414,2012-03-01,4301,-47.52,64.045,62.624,3.55,3.34,MDT,24,1.52,2.98,87.14,15.51,28.38,,,,,,,,,,,,
Balch,RR1202,Southern Ocean - Indian,"Balch et al., 2016",doi: 10.1002/2016GB005414,2012-03-01,4301,-47.52,64.045,72.786,1.93,3.95,MDT,24,0.29,0.39,26.62,8.47,20.3,,,,,,,,,,,,
Balch,RR1202,Southern Ocean - Indian,"Balch et al., 2016",doi: 10.1002/2016GB005414,2012-03-01,4301,-47.52,64.045,110.09,0.28,5.88,MDT,24,0.43,1.28,10.6,1.09,36.55,,,,,,,,,,,,
Balch,RR1202,Southern Ocean - Indian,"Balch et al., 2016",doi: 10.1002/2016GB005414,2012-03-02,4701,-47.898,67.377,19.565,36.5,1.01,MDT,24,6.6,2.28,300.11,28.17,80.03,,,,,,,,,,,,
Balch,RR1202,Southern Ocean - Indian,"Balch et al., 2016",doi: 10.1002/2016GB005414,2012-03-02,4701,-47.898,67.377,31.231,21.1,1.56,MDT,24,1.02,1.52,226.13,25.15,76.89,,,,,,,,,,,,
Balch,RR1202,Southern Ocean - Indian,"Balch et al., 2016",doi: 10.1002/2016GB005414,2012-03-02,4701,-47.898,67.377,65.965,3.55,3.34,MDT,24,1.45,1.25,169.28,8.83,,,,,,,,,,,,,
Balch,RR1202,Southern Ocean - Indian,"Balch et al., 2016",doi: 10.1002/2016GB005414,2012-03-02,4701,-47.898,67.377,75.866,1.93,3.95,MDT,24,3.09,4.53,46.5,2.99,143.05,,,,,,,,,,,,
Balch,RR1202,Southern Ocean - Indian,"Balch et al., 2016",doi: 10.1002/2016GB005414,2012-03-02,5301,-49.301,71.316,15.074,36.5,1.01,MDT,24,7,4.11,380.07,60.83,101.83,,,,,,,,,,,,
Balch,RR1202,Southern Ocean - Indian,"Balch et al., 2016",doi: 10.1002/2016GB005414,2012-03-02,5301,-49.301,71.316,21.214,21.1,1.56,MDT,24,7.47,7.78,373.45,31.01,80.68,,,,,,,,,,,,
Balch,RR1202,Southern Ocean - Indian,"Balch et al., 2016",doi: 10.1002/2016GB005414,2012-03-02,5301,-49.301,71.316,30.399,11.7,2.15,MDT,24,4.95,5.13,267.45,51.86,101.01,,,,,,,,,,,,
Balch,RR1202,Southern Ocean - Indian,"Balch et al., 2016",doi: 10.1002/2016GB005414,2012-03-02,5301,-49.301,71.316,54.615,1.93,3.95,MDT,24,4.8,4.31,58.39,10.03,116.74,,,,,,,,,,,,
Balch,RR1202,Southern Ocean - Indian,"Balch et al., 2016",doi: 10.1002/2016GB005414,2012-03-03,5701,-51.411,72.602,18.158,36.5,1.01,MDT,24,2.97,4.42,463.01,17.02,106.88,,,,,,,,,,,,
Balch,RR1202,Southern Ocean - Indian,"Balch et al., 2016",doi: 10.1002/2016GB005414,2012-03-03,5701,-51.411,72.602,38.661,11.7,2.15,MDT,24,4.72,1.74,308.54,72.56,180.95,,,,,,,,,,,,
Balch,RR1202,Southern Ocean - Indian,"Balch et al., 2016",doi: 10.1002/2016GB005414,2012-03-03,5701,-51.411,72.602,58.849,3.55,3.34,MDT,24,0.4,0.91,217.12,12.62,173.1,,,,,,,,,,,,
Balch,RR1202,Southern Ocean - Indian,"Balch et al., 2016",doi: 10.1002/2016GB005414,2012-03-03,5701,-51.411,72.602,70.405,1.93,3.95,MDT,24,1.17,4.16,53.6,6.92,200.03,,,,,,,,,,,,
Balch,RR1202,Southern Ocean - Indian,"Balch et al., 2016",doi: 10.1002/2016GB005414,2012-03-03,5701,-51.411,72.602,103.502,0.28,5.88,MDT,24,2.85,0.09,7.97,0.56,184.25,,,,,,,,,,,,
Balch,RR1202,Southern Ocean - Indian,"Balch et al., 2016",doi: 10.1002/2016GB005414,2012-03-04,6301,-54.4,74.556,19.482,36.5,1.01,MDT,24,1.73,0.84,149.47,27.74,80.36,,,,,,,,,,,,
Balch,RR1202,Southern Ocean - Indian,"Balch et al., 2016",doi: 10.1002/2016GB005414,2012-03-04,6301,-54.4,74.556,28.658,21.1,1.56,MDT,24,4.03,0.28,144.23,7.05,82.48,,,,,,,,,,,,
Balch,RR1202,Southern Ocean - Indian,"Balch et al., 2016",doi: 10.1002/2016GB005414,2012-03-04,6301,-54.4,74.556,40.128,11.7,2.15,MDT,24,6.06,1.35,121.82,46.38,198.11,,,,,,,,,,,,
Balch,RR1202,Southern Ocean - Indian,"Balch et al., 2016",doi: 10.1002/2016GB005414,2012-03-04,6301,-54.4,74.556,62.555,3.55,3.34,MDT,24,1.63,3.18,79.32,0.61,67.05,,,,,,,,,,,,
Balch,RR1202,Southern Ocean - Indian,"Balch et al., 2016",doi: 10.1002/2016GB005414,2012-03-04,6301,-54.4,74.556,76.365,1.93,3.95,MDT,24,0.05,0.94,17.2,2.27,125.48,,,,,,,,,,,,
Balch,RR1202,Southern Ocean - Indian,"Balch et al., 2016",doi: 10.1002/2016GB005414,2012-03-05,6701,-56.505,75.994,17.896,36.5,1.01,MDT,24,4.7,0.59,120.25,12.8,42.94,,,,,,,,,,,,
Balch,RR1202,Southern Ocean - Indian,"Balch et al., 2016",doi: 10.1002/2016GB005414,2012-03-05,6701,-56.505,75.994,108.238,0.28,5.88,MDT,24,0.19,0.86,5.2,0.94,81.01,,,,,,,,,,,,
Balch,RR1202,Southern Ocean - Indian,"Balch et al., 2016",doi: 10.1002/2016GB005414,2012-03-06,7301,-59.713,77.745,16.52,36.5,1.01,MDT,24,0.91,0.44,198.44,9.28,28.61,,,,,,,,,,,,
Balch,RR1202,Southern Ocean - Indian,"Balch et al., 2016",doi: 10.1002/2016GB005414,2012-03-06,7301,-59.713,77.745,25.003,21.1,1.56,MDT,24,3.08,2.95,166.22,5.35,48.81,,,,,,,,,,,,
Balch,RR1202,Southern Ocean - Indian,"Balch et al., 2016",doi: 10.1002/2016GB005414,2012-03-06,7301,-59.713,77.745,34.257,11.7,2.15,MDT,24,1.68,1.47,98.39,14.23,47.66,,,,,,,,,,,,
Balch,RR1202,Southern Ocean - Indian,"Balch et al., 2016",doi: 10.1002/2016GB005414,2012-03-06,7301,-59.713,77.745,53.402,3.55,3.34,MDT,24,0.4,1.54,91.32,7.82,19.53,,,,,,,,,,,,
Balch,RR1202,Southern Ocean - Indian,"Balch et al., 2016",doi: 10.1002/2016GB005414,2012-03-06,7301,-59.713,77.745,95.275,0.28,5.88,MDT,24,1.1,2.93,7.88,0.76,42.59,,,,,,,,,,,,
Balch,RR1202,Southern Ocean - Indian,"Balch et al., 2016",doi: 10.1002/2016GB005414,2012-03-07,7701,-58.747,80.886,3.226,36.5,1.01,MDT,24,1.81,1.37,148.1,5.57,19.3,,,,,,,,,,,,
Balch,RR1202,Southern Ocean - Indian,"Balch et al., 2016",doi: 10.1002/2016GB005414,2012-03-07,7701,-58.747,80.886,29.641,21.1,1.56,MDT,24,0.4,2.08,115.56,4.02,49.62,,,,,,,,,,,,
Balch,RR1202,Southern Ocean - Indian,"Balch et al., 2016",doi: 10.1002/2016GB005414,2012-03-07,7701,-58.747,80.886,39.822,11.7,2.15,MDT,24,0.66,0.79,103.84,8.77,19.3,,,,,,,,,,,,
Balch,RR1202,Southern Ocean - Indian,"Balch et al., 2016",doi: 10.1002/2016GB005414,2012-03-07,7701,-58.747,80.886,73.793,1.93,3.95,MDT,24,0.07,0.51,14.34,3.14,42.26,,,,,,,,,,,,
Balch,RR1202,Southern Ocean - Indian,"Balch et al., 2016",doi: 10.1002/2016GB005414,2012-03-07,7701,-58.747,80.886,108.673,0.28,5.88,MDT,24,0.72,0.96,5.64,1.07,42.26,,,,,,,,,,,,
Balch,RR1202,Southern Ocean - Indian,"Balch et al., 2016",doi: 10.1002/2016GB005414,2012-03-09,8301,-56.23,85.131,13.791,36.5,1.01,MDT,24,8.98,3.5,270.34,15.34,28.38,,,,,,,,,,,,
Balch,RR1202,Southern Ocean - Indian,"Balch et al., 2016",doi: 10.1002/2016GB005414,2012-03-09,8301,-56.23,85.131,25.825,21.1,1.56,MDT,24,3.7,1.81,220.39,28.73,73.57,,,,,,,,,,,,
Balch,RR1202,Southern Ocean - Indian,"Balch et al., 2016",doi: 10.1002/2016GB005414,2012-03-09,8301,-56.23,85.131,34.793,11.7,2.15,MDT,24,5.23,0.8,157.19,19.1,58.97,,,,,,,,,,,,
Balch,RR1202,Southern Ocean - Indian,"Balch et al., 2016",doi: 10.1002/2016GB005414,2012-03-09,8301,-56.23,85.131,57.678,3.55,3.34,MDT,24,2.58,0.8,93.29,15.53,88.15,,,,,,,,,,,,
Balch,RR1202,Southern Ocean - Indian,"Balch et al., 2016",doi: 10.1002/2016GB005414,2012-03-09,8301,-56.23,85.131,64.6,1.93,3.95,MDT,24,1.08,0.51,36.94,6.7,72.96,,,,,,,,,,,,
Balch,RR1202,Southern Ocean - Indian,"Balch et al., 2016",doi: 10.1002/2016GB005414,2012-03-09,8301,-56.23,85.131,91.78,0.28,5.88,MDT,24,0.32,0.29,7.45,1.07,138.23,,,,,,,,,,,,
Balch,RR1202,Southern Ocean - Indian,"Balch et al., 2016",doi: 10.1002/2016GB005414,2012-03-10,8701,-54.245,88.14,17.409,36.5,1.01,MDT,24,9.51,0.21,236.86,20.24,65.27,,,,,,,,,,,,
Balch,RR1202,Southern Ocean - Indian,"Balch et al., 2016",doi: 10.1002/2016GB005414,2012-03-10,8701,-54.245,88.14,28.638,21.1,1.56,MDT,24,6.83,2.41,181.99,6.67,178.1,,,,,,,,,,,,
Balch,RR1202,Southern Ocean - Indian,"Balch et al., 2016",doi: 10.1002/2016GB005414,2012-03-10,8701,-54.245,88.14,40.656,11.7,2.15,MDT,24,3.95,0.7,124.98,14.14,269.73,,,,,,,,,,,,
Balch,RR1202,Southern Ocean - Indian,"Balch et al., 2016",doi: 10.1002/2016GB005414,2012-03-10,8701,-54.245,88.14,61.25,3.55,3.34,MDT,24,3.5,1.06,71.94,13.65,171.28,,,,,,,,,,,,
Balch,RR1202,Southern Ocean - Indian,"Balch et al., 2016",doi: 10.1002/2016GB005414,2012-03-10,8701,-54.245,88.14,72.649,1.93,3.95,MDT,24,0.92,1.4,24.17,2.07,188.29,,,,,,,,,,,,
Balch,RR1202,Southern Ocean - Indian,"Balch et al., 2016",doi: 10.1002/2016GB005414,2012-03-10,8701,-54.245,88.14,107.298,0.28,5.88,MDT,24,0.31,0.23,4.06,1.12,234.73,,,,,,,,,,,,
Balch,RR1202,Southern Ocean - Indian,"Balch et al., 2016",doi: 10.1002/2016GB005414,2012-03-10,8901,-52.769,90.217,20.493,36.5,1.01,MDT,24,16.89,3.42,373.45,19.31,151.6,,,,,,,,,,,,
Balch,RR1202,Southern Ocean - Indian,"Balch et al., 2016",doi: 10.1002/2016GB005414,2012-03-10,8901,-52.769,90.217,32.317,21.1,1.56,MDT,24,12.66,2.18,343.23,19.21,141.91,,,,,,,,,,,,
Balch,RR1202,Southern Ocean - Indian,"Balch et al., 2016",doi: 10.1002/2016GB005414,2012-03-10,8901,-52.769,90.217,42.176,11.7,2.15,MDT,24,10.88,3.19,218.74,28.36,155.12,,,,,,,,,,,,
Balch,RR1202,Southern Ocean - Indian,"Balch et al., 2016",doi: 10.1002/2016GB005414,2012-03-10,8901,-52.769,90.217,64.193,3.55,3.34,MDT,24,9.16,1.58,177.29,17.19,86.74,,,,,,,,,,,,
Balch,RR1202,Southern Ocean - Indian,"Balch et al., 2016",doi: 10.1002/2016GB005414,2012-03-10,8901,-52.769,90.217,77.257,1.93,3.95,MDT,24,3.68,0.38,75.31,1.65,97.75,,,,,,,,,,,,
Balch,RR1202,Southern Ocean - Indian,"Balch et al., 2016",doi: 10.1002/2016GB005414,2012-03-10,8901,-52.769,90.217,115.286,0.28,5.88,MDT,24,0.25,0.3,9.39,1.34,194.15,,,,,,,,,,,,
Balch,RR1202,Southern Ocean - Indian,"Balch et al., 2016",doi: 10.1002/2016GB005414,2012-03-11,9301,-49.814,94.135,19.659,36.5,1.01,MDT,24,7.37,1.34,216.02,22.47,120.06,,,,,,,,,,,,
Balch,RR1202,Southern Ocean - Indian,"Balch et al., 2016",doi: 10.1002/2016GB005414,2012-03-11,9301,-49.814,94.135,30.589,21.1,1.56,MDT,24,7.74,1.85,194.28,6.87,68.12,,,,,,,,,,,,
Balch,RR1202,Southern Ocean - Indian,"Balch et al., 2016",doi: 10.1002/2016GB005414,2012-03-11,9301,-49.814,94.135,41.608,11.7,2.15,MDT,24,5.93,0.93,136.26,17.06,104.4,,,,,,,,,,,,
Balch,RR1202,Southern Ocean - Indian,"Balch et al., 2016",doi: 10.1002/2016GB005414,2012-03-11,9301,-49.814,94.135,65.117,3.55,3.34,MDT,24,3.06,0.07,80.1,7.42,113.34,,,,,,,,,,,,
Balch,RR1202,Southern Ocean - Indian,"Balch et al., 2016",doi: 10.1002/2016GB005414,2012-03-11,9301,-49.814,94.135,75.792,1.93,3.95,MDT,24,3.18,0.62,29.94,3.5,,,,,,,,,,,,,
Balch,RR1202,Southern Ocean - Indian,"Balch et al., 2016",doi: 10.1002/2016GB005414,2012-03-11,9301,-49.814,94.135,114.328,0.28,5.88,MDT,24,0.2,0.47,6.57,0.69,112.44,,,,,,,,,,,,
Balch,RR1202,Southern Ocean - Indian,"Balch et al., 2016",doi: 10.1002/2016GB005414,2012-03-12,9601,-47.589,96.937,18.567,36.5,1.01,MDT,24,12.04,1.64,244.53,6.26,35.54,,,,,,,,,,,,
Balch,RR1202,Southern Ocean - Indian,"Balch et al., 2016",doi: 10.1002/2016GB005414,2012-03-12,9601,-47.589,96.937,30.841,21.1,1.56,MDT,24,12.36,1.2,169.24,25.18,93.66,,,,,,,,,,,,
Balch,RR1202,Southern Ocean - Indian,"Balch et al., 2016",doi: 10.1002/2016GB005414,2012-03-12,9601,-47.589,96.937,43.168,11.7,2.15,MDT,24,6.92,0.52,86.42,11.9,166.74,,,,,,,,,,,,
Balch,RR1202,Southern Ocean - Indian,"Balch et al., 2016",doi: 10.1002/2016GB005414,2012-03-12,9601,-47.589,96.937,66.646,3.55,3.34,MDT,24,3.51,1.73,58,6.34,179.44,,,,,,,,,,,,
Balch,RR1202,Southern Ocean - Indian,"Balch et al., 2016",doi: 10.1002/2016GB005414,2012-03-12,9601,-47.589,96.937,79.87,1.93,3.95,MDT,24,5.47,6.56,13.92,3.06,199.57,,,,,,,,,,,,
Balch,RR1202,Southern Ocean - Indian,"Balch et al., 2016",doi: 10.1002/2016GB005414,2012-03-12,9601,-47.589,96.937,117.123,0.28,5.88,MDT,24,0.21,0.05,3.64,0.73,189.53,,,,,,,,,,,,
Balch,RR1202,Southern Ocean - Indian,"Balch et al., 2016",doi: 10.1002/2016GB005414,2012-03-13,10001,-44.616,100.499,19.788,36.5,1.01,MDT,24,8.97,2.03,276.84,15.93,36.26,,,,,,,,,,,,
Balch,RR1202,Southern Ocean - Indian,"Balch et al., 2016",doi: 10.1002/2016GB005414,2012-03-13,10001,-44.616,100.499,31.237,21.1,1.56,MDT,24,6.15,1.95,190.18,7.65,196.17,,,,,,,,,,,,
Balch,RR1202,Southern Ocean - Indian,"Balch et al., 2016",doi: 10.1002/2016GB005414,2012-03-13,10001,-44.616,100.499,41.278,11.7,2.15,MDT,24,6.38,2,172.54,7.07,83.46,,,,,,,,,,,,
Balch,RR1202,Southern Ocean - Indian,"Balch et al., 2016",doi: 10.1002/2016GB005414,2012-03-13,10001,-44.616,100.499,64.443,3.55,3.34,MDT,24,2.99,1.36,81.56,10.84,117.74,,,,,,,,,,,,
Balch,RR1202,Southern Ocean - Indian,"Balch et al., 2016",doi: 10.1002/2016GB005414,2012-03-13,10001,-44.616,100.499,76.647,1.93,3.95,MDT,24,1.86,0.55,38.65,1.7,123.27,,,,,,,,,,,,
Balch,RR1202,Southern Ocean - Indian,"Balch et al., 2016",doi: 10.1002/2016GB005414,2012-03-14,10201,-43.135,102.19,20.273,36.5,1.01,MDT,24,14.01,1.69,441.09,18.2,19.22,,,,,,,,,,,,
Balch,RR1202,Southern Ocean - Indian,"Balch et al., 2016",doi: 10.1002/2016GB005414,2012-03-14,10201,-43.135,102.19,30.455,21.1,1.56,MDT,24,12.51,4.97,406.56,29.82,86.4,,,,,,,,,,,,
Balch,RR1202,Southern Ocean - Indian,"Balch et al., 2016",doi: 10.1002/2016GB005414,2012-03-14,10201,-43.135,102.19,41.247,11.7,2.15,MDT,24,9.3,2.66,223.25,27.16,108.2,,,,,,,,,,,,
Balch,RR1202,Southern Ocean - Indian,"Balch et al., 2016",doi: 10.1002/2016GB005414,2012-03-14,10201,-43.135,102.19,64.872,3.55,3.34,MDT,24,10.47,1.57,152.68,23.72,85.73,,,,,,,,,,,,
Balch,RR1202,Southern Ocean - Indian,"Balch et al., 2016",doi: 10.1002/2016GB005414,2012-03-14,10201,-43.135,102.19,78.005,1.93,3.95,MDT,24,4.52,1.06,44.56,1.4,132.28,,,,,,,,,,,,
Balch,RR1202,Southern Ocean - Indian,"Balch et al., 2016",doi: 10.1002/2016GB005414,2012-03-15,10601,-40.127,105.385,16.419,36.5,1.01,MDT,24,11.93,0.4,427.4,31.52,,,,,,,,,,,,,
Balch,RR1202,Southern Ocean - Indian,"Balch et al., 2016",doi: 10.1002/2016GB005414,2012-03-15,10601,-40.127,105.385,26.583,21.1,1.56,MDT,24,12.19,4.55,399.78,5.58,92.85,,,,,,,,,,,,
Balch,RR1202,Southern Ocean - Indian,"Balch et al., 2016",doi: 10.1002/2016GB005414,2012-03-15,10601,-40.127,105.385,36.876,11.7,2.15,MDT,24,2.13,1.67,347.33,12.78,138.56,,,,,,,,,,,,
Balch,RR1202,Southern Ocean - Indian,"Balch et al., 2016",doi: 10.1002/2016GB005414,2012-03-15,10601,-40.127,105.385,56.632,3.55,3.34,MDT,24,5.91,1.59,126.32,9.58,95.67,,,,,,,,,,,,
Balch,RR1202,Southern Ocean - Indian,"Balch et al., 2016",doi: 10.1002/2016GB005414,2012-03-15,10601,-40.127,105.385,69.013,1.93,3.95,MDT,24,1.9,0.35,50.77,6.81,150.99,,,,,,,,,,,,
Balch,RR1202,Southern Ocean - Indian,"Balch et al., 2016",doi: 10.1002/2016GB005414,2012-03-15,10601,-40.127,105.385,103.76,0.28,5.88,MDT,24,0.74,0.2,11.61,0.79,102.25,,,,,,,,,,,,
Balch,RR1202,Southern Ocean - Indian,"Balch et al., 2016",doi: 10.1002/2016GB005414,2012-03-16,10901,-37.855,107.62,25.419,36.5,1.01,MDT,24,0.96,0.37,98.42,3.29,59.45,,,,,,,,,,,,
Balch,RR1202,Southern Ocean - Indian,"Balch et al., 2016",doi: 10.1002/2016GB005414,2012-03-16,10901,-37.855,107.62,37.848,21.1,1.56,MDT,24,2.11,0.56,90.3,6.83,72.08,,,,,,,,,,,,
Balch,RR1202,Southern Ocean - Indian,"Balch et al., 2016",doi: 10.1002/2016GB005414,2012-03-16,10901,-37.855,107.62,53.073,11.7,2.15,MDT,24,0.73,0.43,48.18,11.39,84.48,,,,,,,,,,,,
Balch,RR1202,Southern Ocean - Indian,"Balch et al., 2016",doi: 10.1002/2016GB005414,2012-03-16,10901,-37.855,107.62,82.47,3.55,3.34,MDT,24,1.06,0.16,52.82,6.65,48.42,,,,,,,,,,,,
Balch,RR1202,Southern Ocean - Indian,"Balch et al., 2016",doi: 10.1002/2016GB005414,2012-03-16,10901,-37.855,107.62,96.798,1.93,3.95,MDT,24,1.33,0.68,30.63,14.86,58.04,,,,,,,,,,,,
Balch,RR1202,Southern Ocean - Indian,"Balch et al., 2016",doi: 10.1002/2016GB005414,2012-03-16,10901,-37.855,107.62,142.908,0.28,5.88,MDT,24,0.44,0.19,5.31,1.82,48.22,,,,,,,,,,,,
Balch,RR1202,Southern Ocean - Indian,"Balch et al., 2016",doi: 10.1002/2016GB005414,2012-03-17,112B01,-40.263,109.627,14.109,36.5,1.01,MDT,24,20.77,3.28,770.16,90.19,48.81,,,,,,,,,,,,
Balch,RR1202,Southern Ocean - Indian,"Balch et al., 2016",doi: 10.1002/2016GB005414,2012-03-17,112B01,-40.263,109.627,20.731,21.1,1.56,MDT,24,18.12,4.77,667.85,31.59,165.63,,,,,,,,,,,,
Balch,RR1202,Southern Ocean - Indian,"Balch et al., 2016",doi: 10.1002/2016GB005414,2012-03-17,112B01,-40.263,109.627,29.109,11.7,2.15,MDT,24,12.38,4.52,474.58,72.71,168.39,,,,,,,,,,,,
Balch,RR1202,Southern Ocean - Indian,"Balch et al., 2016",doi: 10.1002/2016GB005414,2012-03-17,112B01,-40.263,109.627,43.178,3.55,3.34,MDT,24,1.72,3.63,145.68,27.65,206.76,,,,,,,,,,,,
Balch,RR1202,Southern Ocean - Indian,"Balch et al., 2016",doi: 10.1002/2016GB005414,2012-03-17,112B01,-40.263,109.627,50.745,1.93,3.95,MDT,24,3.15,0.16,48.11,19.2,172.32,,,,,,,,,,,,
Balch,RR1202,Southern Ocean - Indian,"Balch et al., 2016",doi: 10.1002/2016GB005414,2012-03-18,11501,-42.667,111.761,18.675,36.5,1.01,MDT,24,16.99,9.53,517.92,8.64,42.94,,,,,,,,,,,,
Balch,RR1202,Southern Ocean - Indian,"Balch et al., 2016",doi: 10.1002/2016GB005414,2012-03-18,11501,-42.667,111.761,30.391,21.1,1.56,MDT,24,18.89,3.27,377.46,19.84,85.17,,,,,,,,,,,,
Balch,RR1202,Southern Ocean - Indian,"Balch et al., 2016",doi: 10.1002/2016GB005414,2012-03-18,11501,-42.667,111.761,42.238,11.7,2.15,MDT,24,16.83,6.92,250.93,10.67,92.09,,,,,,,,,,,,
Balch,RR1202,Southern Ocean - Indian,"Balch et al., 2016",doi: 10.1002/2016GB005414,2012-03-18,11501,-42.667,111.761,66.541,3.55,3.34,MDT,24,3.11,1.85,95.75,6.53,266.65,,,,,,,,,,,,
Balch,RR1202,Southern Ocean - Indian,"Balch et al., 2016",doi: 10.1002/2016GB005414,2012-03-18,11501,-42.667,111.761,76.891,1.93,3.95,MDT,24,0.52,0.01,33.6,4.82,278.34,,,,,,,,,,,,
Balch,RR1202,Southern Ocean - Indian,"Balch et al., 2016",doi: 10.1002/2016GB005414,2012-03-19,11901,-42.082,113.4,17.078,36.5,1.01,MDT,24,20.78,5.22,345.6,109.38,153.48,,,,,,,,,,,,
Balch,RR1202,Southern Ocean - Indian,"Balch et al., 2016",doi: 10.1002/2016GB005414,2012-03-19,11901,-42.082,113.4,25.563,21.1,1.56,MDT,24,9.77,4,289.96,13.25,282.25,,,,,,,,,,,,
Balch,RR1202,Southern Ocean - Indian,"Balch et al., 2016",doi: 10.1002/2016GB005414,2012-03-19,11901,-42.082,113.4,34.854,11.7,2.15,MDT,24,21.95,6.07,274.22,3.74,200.82,,,,,,,,,,,,
Balch,RR1202,Southern Ocean - Indian,"Balch et al., 2016",doi: 10.1002/2016GB005414,2012-03-19,11901,-42.082,113.4,52.376,3.55,3.34,MDT,24,14.97,2.15,173.71,14.02,266.44,,,,,,,,,,,,
Balch,RR1202,Southern Ocean - Indian,"Balch et al., 2016",doi: 10.1002/2016GB005414,2012-03-19,11901,-42.082,113.4,60.55,1.93,3.95,MDT,24,3.79,0.94,33.43,18.71,254.34,,,,,,,,,,,,
Balch,SAMW 2020,Sub-Antarctic Southern Ocean,"Balch et al., 2025",doi: 10.1029/2024GB008457,2020-01-27,1,-38.5833,24.0011,3.1,73.6,0.31,MDT,24,9.03,1.37,249.6,6.59,28.96,,0.15,0.03,1.2,0.08,2040.7,2334.8,1787.2,246.4,,21.2,35.6
Balch,SAMW 2020,Sub-Antarctic Southern Ocean,"Balch et al., 2025",doi: 10.1029/2024GB008457,2020-01-27,1,-38.5833,24.0011,10.72,42.2,0.86,MDT,24,2.25,1.04,122.84,12.93,28.73,,0.13,0,1.4,0.08,2040.5,2331.4,1791.7,241.4,,21.2,35.6
Balch,SAMW 2020,Sub-Antarctic Southern Ocean,"Balch et al., 2025",doi: 10.1029/2024GB008457,2020-01-27,1,-38.5833,24.0011,15.19,23.4,1.45,MDT,24,6.87,2.59,221.39,4.73,30.35,,0.19,,,,2044.2,2332.1,1804.8,231.1,,21.2,35.6
Balch,SAMW 2020,Sub-Antarctic Southern Ocean,"Balch et al., 2025",doi: 10.1029/2024GB008457,2020-01-27,1,-38.5833,24.0011,23.26,7.1,2.65,MDT,24,4.17,3.24,25.96,3.87,48.27,,0.18,0,1,0.09,2040.5,2331.7,1802.4,229.6,,21.2,35.6
Balch,SAMW 2020,Sub-Antarctic Southern Ocean,"Balch et al., 2025",doi: 10.1029/2024GB008457,2020-01-27,1,-38.5833,24.0011,33.1,3.86,3.25,MDT,24,2.89,0.96,16.43,0.68,31.79,,0.18,0,1,0.07,2038.4,2332.4,1802.2,227.5,,21.2,35.6
Balch,SAMW 2020,Sub-Antarctic Southern Ocean,"Balch et al., 2025",doi: 10.1029/2024GB008457,2020-01-27,1,-38.5833,24.0011,79.54,0.56,5.18,MDT,24,6.97,3.85,60.5,15.94,132.95,,,,,,2065.1,2329.6,1850.6,204.1,,19.5,35.6
Balch,SAMW 2020,Sub-Antarctic Southern Ocean,"Balch et al., 2025",doi: 10.1029/2024GB008457,2020-01-28,3,-38.7667,27.7184,9.91,73.6,0.31,MDT,24,18.15,0.82,323.93,36.28,47.33,,0.2,,,,,,,,,18.1,35.3
Balch,SAMW 2020,Sub-Antarctic Southern Ocean,"Balch et al., 2025",doi: 10.1029/2024GB008457,2020-01-28,3,-38.7667,27.7184,15.55,42.2,0.86,MDT,24,5.03,0.59,119.73,9.37,,,0.17,,,,,,,,,18.1,35.3
Balch,SAMW 2020,Sub-Antarctic Southern Ocean,"Balch et al., 2025",doi: 10.1029/2024GB008457,2020-01-28,3,-38.7667,27.7184,20.13,23.4,1.45,MDT,24,11.36,0.96,218.45,16.61,,,0.18,,,,,,,,,18.2,35.3
Balch,SAMW 2020,Sub-Antarctic Southern Ocean,"Balch et al., 2025",doi: 10.1029/2024GB008457,2020-01-28,3,-38.7667,27.7184,31.07,7.1,2.65,MDT,24,4.65,0.95,92.95,21.25,80.88,,0.45,,,,,,,,,15.9,35.2
Balch,SAMW 2020,Sub-Antarctic Southern Ocean,"Balch et al., 2025",doi: 10.1029/2024GB008457,2020-01-28,4,-38.8106,30.149,11.82,73.6,0.31,MDT,24,6.17,4.18,524.5,24.3,,,0.37,,,,,,,,,19.7,35.6
Balch,SAMW 2020,Sub-Antarctic Southern Ocean,"Balch et al., 2025",doi: 10.1029/2024GB008457,2020-01-28,4,-38.8106,30.149,19.06,42.2,0.86,MDT,24,5.09,1.92,369.2,48.95,,,0.35,,,,,,,,,19.7,35.6
Balch,SAMW 2020,Sub-Antarctic Southern Ocean,"Balch et al., 2025",doi: 10.1029/2024GB008457,2020-01-28,4,-38.8106,30.149,28.5,23.4,1.45,MDT,24,1.89,1.55,252.59,66.57,,,0.37,,,,,,,,,19.7,35.6
Balch,SAMW 2020,Sub-Antarctic Southern Ocean,"Balch et al., 2025",doi: 10.1029/2024GB008457,2020-01-30,5,-39.1883,33.2991,6.91,73.6,0.31,MDT,24,22.52,8.56,1423.21,68.6,99.09,,1.29,,,,,,,,,16.3,34.8
Balch,SAMW 2020,Sub-Antarctic Southern Ocean,"Balch et al., 2025",doi: 10.1029/2024GB008457,2020-01-30,5,-39.1883,33.2991,9.12,42.2,0.86,MDT,24,19.02,9.43,1283.07,176.81,127.18,,1.26,,,,,,,,,16.3,34.8
Balch,SAMW 2020,Sub-Antarctic Southern Ocean,"Balch et al., 2025",doi: 10.1029/2024GB008457,2020-01-30,5,-39.1883,33.2991,15.1,23.4,1.45,MDT,24,21.71,7.28,1026.75,193.82,,,1.23,,,,,,,,,16.3,34.8
Balch,SAMW 2020,Sub-Antarctic Southern Ocean,"Balch et al., 2025",doi: 10.1029/2024GB008457,2020-01-30,5,-39.1883,33.2991,20.79,7.1,2.65,MDT,24,4.74,2.92,529.45,96.78,,,1.16,,,,,,,,,16.3,34.8
Balch,SAMW 2020,Sub-Antarctic Southern Ocean,"Balch et al., 2025",doi: 10.1029/2024GB008457,2020-01-30,5,-39.1883,33.2991,30.42,3.86,3.25,MDT,24,6.96,4.79,208.96,71.47,74.19,,1.22,,,,,,,,,16.3,34.8
Balch,SAMW 2020,Sub-Antarctic Southern Ocean,"Balch et al., 2025",doi: 10.1029/2024GB008457,2020-01-30,5,-39.1883,33.2991,38.69,0.56,5.18,MDT,24,0.64,1.31,33.51,6.29,45.6,,0.54,,,,,,,,,15.2,34.8
Balch,SAMW 2020,Sub-Antarctic Southern Ocean,"Balch et al., 2025",doi: 10.1029/2024GB008457,2020-02-01,7,-39.4751,34.1997,13,73.6,0.31,MDT,24,27.04,4.87,520.86,77.72,126.8,,0.16,,,,,,,,,18.1,35.1
Balch,SAMW 2020,Sub-Antarctic Southern Ocean,"Balch et al., 2025",doi: 10.1029/2024GB008457,2020-02-01,7,-39.4751,34.1997,18.92,42.2,0.86,MDT,24,18.52,0.95,253.87,24.45,193.52,,0.25,,,,,,,,,18.1,35.1
Balch,SAMW 2020,Sub-Antarctic Southern Ocean,"Balch et al., 2025",doi: 10.1029/2024GB008457,2020-02-01,7,-39.4751,34.1997,27.59,23.4,1.45,MDT,24,16.12,3.89,330.59,40.39,146.98,,0.28,,,,,,,,,18,35.1
Balch,SAMW 2020,Sub-Antarctic Southern Ocean,"Balch et al., 2025",doi: 10.1029/2024GB008457,2020-02-01,7,-39.4751,34.1997,42.28,7.1,2.65,MDT,24,5.02,1.01,75.82,14.65,158.14,,0.4,,,,,,,,,17.9,35.1
Balch,SAMW 2020,Sub-Antarctic Southern Ocean,"Balch et al., 2025",doi: 10.1029/2024GB008457,2020-02-01,7,-39.4751,34.1997,70.17,0.56,5.18,MDT,24,0.37,0.57,20.01,5.06,73.34,,0.07,,,,,,,,,13.3,35
Balch,SAMW 2020,Sub-Antarctic Southern Ocean,"Balch et al., 2025",doi: 10.1029/2024GB008457,2020-02-02,8,-40.4995,34.2006,9.6,73.6,0.31,MDT,24,38.87,6.85,436.58,41.21,178.97,,0.47,,,,,,,,,17,35.2
Balch,SAMW 2020,Sub-Antarctic Southern Ocean,"Balch et al., 2025",doi: 10.1029/2024GB008457,2020-02-02,8,-40.4995,34.2006,14.28,42.2,0.86,MDT,24,31.17,4.21,369.32,51.47,213.79,,,,,,,,,,,17,35.2
Balch,SAMW 2020,Sub-Antarctic Southern Ocean,"Balch et al., 2025",doi: 10.1029/2024GB008457,2020-02-02,8,-40.4995,34.2006,18.67,23.4,1.45,MDT,24,35.44,1.37,314.67,22.65,142.81,,0.36,,,,,,,,,17,35.2
Balch,SAMW 2020,Sub-Antarctic Southern Ocean,"Balch et al., 2025",doi: 10.1029/2024GB008457,2020-02-02,8,-40.4995,34.2006,30.16,7.1,2.65,MDT,24,4.02,15.55,165.79,77.47,152.13,,0.52,,,,,,,,,16.9,35.2
Balch,SAMW 2020,Sub-Antarctic Southern Ocean,"Balch et al., 2025",doi: 10.1029/2024GB008457,2020-02-02,8,-40.4995,34.2006,40.23,3.86,3.25,MDT,24,20.94,2.24,245.87,7.45,154.69,,0.61,,,,,,,,,16.8,35.2
Balch,SAMW 2020,Sub-Antarctic Southern Ocean,"Balch et al., 2025",doi: 10.1029/2024GB008457,2020-02-02,8,-40.4995,34.2006,51.29,0.56,5.18,MDT,24,4.07,0.83,60.78,10.52,219.74,,0.48,,,,,,,,,16.7,35.2
Balch,SAMW 2020,Sub-Antarctic Southern Ocean,"Balch et al., 2025",doi: 10.1029/2024GB008457,2020-02-02,12,-38.501,34.1995,12,73.6,0.31,MDT,24,1.82,0.41,87.47,15.91,75.72,,0.08,,,,,,,,,21.2,35.6
Balch,SAMW 2020,Sub-Antarctic Southern Ocean,"Balch et al., 2025",doi: 10.1029/2024GB008457,2020-02-02,12,-38.501,34.1995,19.52,42.2,0.86,MDT,24,0.86,0.16,78.91,3.91,,,0.1,,,,,,,,,21.2,35.6
Balch,SAMW 2020,Sub-Antarctic Southern Ocean,"Balch et al., 2025",doi: 10.1029/2024GB008457,2020-02-02,12,-38.501,34.1995,42.29,7.1,2.65,MDT,24,0.17,0.76,16.25,0.93,45.8,,0.1,,,,,,,,,20.6,35.6
Balch,SAMW 2020,Sub-Antarctic Southern Ocean,"Balch et al., 2025",doi: 10.1029/2024GB008457,2020-02-02,12,-38.501,34.1995,54.87,3.86,3.25,MDT,24,0.75,0.18,21.75,2.23,58.89,,0.26,,,,,,,,,19.6,35.6
Balch,SAMW 2020,Sub-Antarctic Southern Ocean,"Balch et al., 2025",doi: 10.1029/2024GB008457,2020-02-02,12,-38.501,34.1995,74.41,0.56,5.18,MDT,24,1.13,0.34,18.57,2.55,54.2,,0.53,,,,,,,,,18.7,35.6
Balch,SAMW 2020,Sub-Antarctic Southern Ocean,"Balch et al., 2025",doi: 10.1029/2024GB008457,2020-02-04,17,-39.4745,32.9172,4.21,73.6,0.31,MDT,24,36.75,10.43,1845.95,359.94,69.8,,1.25,,,,,,,,,15.8,34.6
Balch,SAMW 2020,Sub-Antarctic Southern Ocean,"Balch et al., 2025",doi: 10.1029/2024GB008457,2020-02-04,17,-39.4745,32.9172,5.9,42.2,0.86,MDT,24,18.9,2.96,764.03,122.53,,,1.28,,,,,,,,,15.8,34.6
Balch,SAMW 2020,Sub-Antarctic Southern Ocean,"Balch et al., 2025",doi: 10.1029/2024GB008457,2020-02-04,17,-39.4745,32.9172,8.53,23.4,1.45,MDT,24,26.92,6.04,1185.36,199.15,43.66,,1.25,,,,,,,,,15.7,34.6
Balch,SAMW 2020,Sub-Antarctic Southern Ocean,"Balch et al., 2025",doi: 10.1029/2024GB008457,2020-02-04,17,-39.4745,32.9172,13.53,7.1,2.65,MDT,24,23.66,3.89,940.11,52.48,28.61,,1.21,,,,,,,,,15.3,34.6
Balch,SAMW 2020,Sub-Antarctic Southern Ocean,"Balch et al., 2025",doi: 10.1029/2024GB008457,2020-02-04,17,-39.4745,32.9172,17.26,3.86,3.25,MDT,24,8.46,5.8,536.96,45.05,29.2,,1.02,2.92,0,0.42,,,,,,14.6,34.6
Balch,SAMW 2020,Sub-Antarctic Southern Ocean,"Balch et al., 2025",doi: 10.1029/2024GB008457,2020-02-04,17,-39.4745,32.9172,23.26,0.56,5.18,MDT,24,3.14,2.13,251.11,18.96,,,0.8,3.01,0,0.44,,,,,,14.5,34.6
Balch,SAMW 2020,Sub-Antarctic Southern Ocean,"Balch et al., 2025",doi: 10.1029/2024GB008457,2020-02-05,18,-35.882,36.971,15.48,73.6,0.31,MDT,24,5.85,2.97,120.78,35.19,28.96,,0.11,,,,,,,,,21,35.5
Balch,SAMW 2020,Sub-Antarctic Southern Ocean,"Balch et al., 2025",doi: 10.1029/2024GB008457,2020-02-05,18,-35.882,36.971,23.76,42.2,0.86,MDT,24,5.48,1.77,67.07,14.94,,,0.11,,,,,,,,,20.9,35.5
Balch,SAMW 2020,Sub-Antarctic Southern Ocean,"Balch et al., 2025",doi: 10.1029/2024GB008457,2020-02-05,18,-35.882,36.971,32.47,23.4,1.45,MDT,24,6.09,4.89,129.52,16.09,44.6,,0.09,,,,,,,,,20.9,35.5
Balch,SAMW 2020,Sub-Antarctic Southern Ocean,"Balch et al., 2025",doi: 10.1029/2024GB008457,2020-02-05,18,-35.882,36.971,52.49,7.1,2.65,MDT,24,4.04,0.92,50.91,5.17,28.96,,0.16,,,,,,,,,20.6,35.6
Balch,SAMW 2020,Sub-Antarctic Southern Ocean,"Balch et al., 2025",doi: 10.1029/2024GB008457,2020-02-05,18,-35.882,36.971,62.52,3.86,3.25,MDT,24,2.97,0.19,18.31,3.51,54.87,,0.2,,,,2044.2,2332.8,1794.9,242,,20.3,35.6
Balch,SAMW 2020,Sub-Antarctic Southern Ocean,"Balch et al., 2025",doi: 10.1029/2024GB008457,2020-02-05,18,-35.882,36.971,94.83,0.56,5.18,MDT,24,1.33,0.65,120.35,3.7,35.97,,0.53,,,,,,,,,17.6,35.5
Balch,SAMW 2020,Sub-Antarctic Southern Ocean,"Balch et al., 2025",doi: 10.1029/2024GB008457,2020-02-07,20,-36.2005,37.6272,12.71,73.6,0.31,MDT,24,13.32,1.89,187.96,23.12,,,0.19,,,,,,,,,21.2,35.4
Balch,SAMW 2020,Sub-Antarctic Southern Ocean,"Balch et al., 2025",doi: 10.1029/2024GB008457,2020-02-07,20,-36.2005,37.6272,19.28,42.2,0.86,MDT,24,14.19,2.01,238.95,23.62,32.26,,0.13,,,,,,,,,21.2,35.4
Balch,SAMW 2020,Sub-Antarctic Southern Ocean,"Balch et al., 2025",doi: 10.1029/2024GB008457,2020-02-07,20,-36.2005,37.6272,25.87,23.4,1.45,MDT,24,12.42,2.29,187.94,31.67,44.6,,0.12,,,,,,,,,21,35.4
Balch,SAMW 2020,Sub-Antarctic Southern Ocean,"Balch et al., 2025",doi: 10.1029/2024GB008457,2020-02-07,20,-36.2005,37.6272,42.88,7.1,2.65,MDT,24,8.16,0.41,64.6,5.14,43.47,,0.16,,,,,,,,,20,35.4
Balch,SAMW 2020,Sub-Antarctic Southern Ocean,"Balch et al., 2025",doi: 10.1029/2024GB008457,2020-02-07,20,-36.2005,37.6272,56.56,3.86,3.25,MDT,24,12.17,2.02,216.01,35.99,68.82,,0.49,,,,,,,,,16.9,35.3
Balch,SAMW 2020,Sub-Antarctic Southern Ocean,"Balch et al., 2025",doi: 10.1029/2024GB008457,2020-02-08,23,-35.8822,37.6292,13.54,73.6,0.31,MDT,24,5.05,0.52,121.1,7.99,69.47,,0.16,,,,,,,,,21,35.4
Balch,SAMW 2020,Sub-Antarctic Southern Ocean,"Balch et al., 2025",doi: 10.1029/2024GB008457,2020-02-08,23,-35.8822,37.6292,20.4,42.2,0.86,MDT,24,2.29,3.13,138.07,5.14,,,0.16,0,1,0.09,2039.3,2320,1798.3,233.3,,21,35.4
Balch,SAMW 2020,Sub-Antarctic Southern Ocean,"Balch et al., 2025",doi: 10.1029/2024GB008457,2020-02-08,23,-35.8822,37.6292,27.25,23.4,1.45,MDT,24,4.44,2.86,97.29,14.24,81.69,,0.15,,,,,,,,,21,35.4
Balch,SAMW 2020,Sub-Antarctic Southern Ocean,"Balch et al., 2025",doi: 10.1029/2024GB008457,2020-02-08,23,-35.8822,37.6292,48.58,7.1,2.65,MDT,24,3,2.5,61.42,1.66,42.77,,0.32,,,,,,,,,17.3,35.2
Balch,SAMW 2020,Sub-Antarctic Southern Ocean,"Balch et al., 2025",doi: 10.1029/2024GB008457,2020-02-08,23,-35.8822,37.6292,60.47,3.86,3.25,MDT,24,1.86,0.87,85.09,26.57,44.79,,0.7,,,,,,,,,15.6,35.2
Balch,SAMW 2020,Sub-Antarctic Southern Ocean,"Balch et al., 2025",doi: 10.1029/2024GB008457,2020-02-16,28,-41.4999,31.401,8.29,73.6,0.31,MDT,24,28.19,6.8,641.38,31.04,110.33,,0.62,,,,,,,,,16.5,34.8
Balch,SAMW 2020,Sub-Antarctic Southern Ocean,"Balch et al., 2025",doi: 10.1029/2024GB008457,2020-02-16,28,-41.4999,31.401,11.1,42.2,0.86,MDT,24,20.71,4.89,732.9,26.61,116.6,,0.59,,,,,,,,,16.5,34.8
Balch,SAMW 2020,Sub-Antarctic Southern Ocean,"Balch et al., 2025",doi: 10.1029/2024GB008457,2020-02-16,28,-41.4999,31.401,15.66,23.4,1.45,MDT,24,9.14,1.77,323.97,29.49,78.96,,0.56,,,,,,,,,16.5,34.8
Balch,SAMW 2020,Sub-Antarctic Southern Ocean,"Balch et al., 2025",doi: 10.1029/2024GB008457,2020-02-16,28,-41.4999,31.401,23.5,7.1,2.65,MDT,24,6.31,0.25,218.41,58.06,122.04,,0.7,,,,,,,,,16.2,34.9
Balch,SAMW 2020,Sub-Antarctic Southern Ocean,"Balch et al., 2025",doi: 10.1029/2024GB008457,2020-02-16,28,-41.4999,31.401,32.86,3.86,3.25,MDT,24,3.87,5.37,69.23,2.21,103.53,,0.73,,,,,,,,,14.3,34.7
Balch,SAMW 2020,Sub-Antarctic Southern Ocean,"Balch et al., 2025",doi: 10.1029/2024GB008457,2020-02-19,39,-40.5001,32.6202,9.73,73.6,0.31,MDT,24,43.41,3.92,1466.23,121.1,54.64,,1.08,,,,,,,,,16.6,34.7
Balch,SAMW 2020,Sub-Antarctic Southern Ocean,"Balch et al., 2025",doi: 10.1029/2024GB008457,2020-02-19,39,-40.5001,32.6202,16.69,42.2,0.86,MDT,24,27.08,10.9,1007.78,8.79,129.65,,0.99,,,,,,,,,16.6,34.7
Balch,SAMW 2020,Sub-Antarctic Southern Ocean,"Balch et al., 2025",doi: 10.1029/2024GB008457,2020-02-19,39,-40.5001,32.6202,22.25,23.4,1.45,MDT,24,28.46,6.61,1018.19,44.16,108.18,,,,,,,,,,,16.6,34.7
Balch,SAMW 2020,Sub-Antarctic Southern Ocean,"Balch et al., 2025",doi: 10.1029/2024GB008457,2020-02-19,39,-40.5001,32.6202,35.24,7.1,2.65,MDT,24,2.8,1.33,131.23,24.68,65.54,,0.49,,,,,,,,,15.2,34.8
Balch,SAMW 2020,Sub-Antarctic Southern Ocean,"Balch et al., 2025",doi: 10.1029/2024GB008457,2020-02-19,39,-40.5001,32.6202,47.38,3.86,3.25,MDT,24,2.52,4.6,71.73,7.59,28.27,,,,,,,,,,,14,34.7
Balch,SAMW 2020,Sub-Antarctic Southern Ocean,"Balch et al., 2025",doi: 10.1029/2024GB008457,2020-02-20,50,-39.5005,33.6501,5.99,73.6,0.31,MDT,24,71.16,46.46,2097.21,970.82,85.48,,1.19,,,,,,,,,17.2,34.6
Balch,SAMW 2020,Sub-Antarctic Southern Ocean,"Balch et al., 2025",doi: 10.1029/2024GB008457,2020-02-20,50,-39.5005,33.6501,8.08,42.2,0.86,MDT,24,36.33,13.4,1269.44,82.58,,,1.19,,,,,,,,,17.2,34.6
Balch,SAMW 2020,Sub-Antarctic Southern Ocean,"Balch et al., 2025",doi: 10.1029/2024GB008457,2020-02-20,50,-39.5005,33.6501,12.51,23.4,1.45,MDT,24,44.19,21.75,1358.8,287.61,144.65,,1.16,,,,,,,,,17.2,34.6
Balch,SAMW 2020,Sub-Antarctic Southern Ocean,"Balch et al., 2025",doi: 10.1029/2024GB008457,2020-02-20,50,-39.5005,33.6501,17.9,7.1,2.65,MDT,24,27.5,2.88,999.52,127.06,78.59,,1.2,,,,,,,,,17.2,34.6
Balch,SAMW 2020,Sub-Antarctic Southern Ocean,"Balch et al., 2025",doi: 10.1029/2024GB008457,2020-02-20,50,-39.5005,33.6501,25.8,3.86,3.25,MDT,24,15.26,2.8,191.85,37.58,92.56,,1.04,,,,,,,,,17.1,34.6
Balch,SAMW 2020,Sub-Antarctic Southern Ocean,"Balch et al., 2025",doi: 10.1029/2024GB008457,2020-02-20,50,-39.5005,33.6501,33.01,0.56,5.18,MDT,24,3.02,2.58,118.2,9.98,52.61,,0.2,,,,,,,,,14.9,34.6
Balch,SAMW 2020,Sub-Antarctic Southern Ocean,"Balch et al., 2025",doi: 10.1029/2024GB008457,2020-02-22,56,-36.3,36.7518,13.81,73.6,0.31,MDT,24,13.62,2.45,202.67,29.92,28.61,,0.1,,,,,,,,,21.5,35.3
Balch,SAMW 2020,Sub-Antarctic Southern Ocean,"Balch et al., 2025",doi: 10.1029/2024GB008457,2020-02-22,56,-36.3,36.7518,22.73,42.2,0.86,MDT,24,6.77,0.54,84.85,9.63,,,0.1,,,,,,,,,21.5,35.4
Balch,SAMW 2020,Sub-Antarctic Southern Ocean,"Balch et al., 2025",doi: 10.1029/2024GB008457,2020-02-22,56,-36.3,36.7518,29.98,23.4,1.45,MDT,24,8.9,0.48,93.59,6.86,53.54,,0.11,,,,,,,,,21.3,35.4
Balch,SAMW 2020,Sub-Antarctic Southern Ocean,"Balch et al., 2025",doi: 10.1029/2024GB008457,2020-02-22,56,-36.3,36.7518,48.06,7.1,2.65,MDT,24,8.37,1.2,47.67,8.5,29.7,,0.17,,,,,,,,,20.9,35.4
Balch,SAMW 2020,Sub-Antarctic Southern Ocean,"Balch et al., 2025",doi: 10.1029/2024GB008457,2020-02-22,56,-36.3,36.7518,70.27,3.86,3.25,MDT,24,5.82,0.12,65.15,9.04,94.41,,0.4,,,,,,,,,16.3,35.2
Balch,SAMW 2020,Sub-Antarctic Southern Ocean,"Balch et al., 2025",doi: 10.1029/2024GB008457,2020-02-22,56,-36.3,36.7518,84.13,0.56,5.18,MDT,24,2.88,0.32,20.2,4.98,77.87,,0.59,,,,,,,,,15.4,35.2
Balch,SAMW 2020,Sub-Antarctic Southern Ocean,"Balch et al., 2025",doi: 10.1029/2024GB008457,2020-02-25,70,-36.3032,36.3831,16.92,73.6,0.31,MDT,24,25.94,6.21,366.41,70.86,63.41,,0.11,,,,,,,,,21.2,35.5
Balch,SAMW 2020,Sub-Antarctic Southern Ocean,"Balch et al., 2025",doi: 10.1029/2024GB008457,2020-02-25,70,-36.3032,36.3831,26.28,42.2,0.86,MDT,24,13.64,1.43,304.85,63.65,28.73,,0.12,,,,,,,,,21.1,35.5
Balch,SAMW 2020,Sub-Antarctic Southern Ocean,"Balch et al., 2025",doi: 10.1029/2024GB008457,2020-02-25,70,-36.3032,36.3831,35.71,23.4,1.45,MDT,24,6.49,4.53,262.19,15.88,64.72,,0.13,0,1.3,0.07,,,,,,21.1,35.5
Balch,SAMW 2020,Sub-Antarctic Southern Ocean,"Balch et al., 2025",doi: 10.1029/2024GB008457,2020-02-25,70,-36.3032,36.3831,61.27,7.1,2.65,MDT,24,6.83,1.87,182.34,13.03,61.23,,0.26,,,,,,,,,18.4,35.4
Balch,SAMW 2020,Sub-Antarctic Southern Ocean,"Balch et al., 2025",doi: 10.1029/2024GB008457,2020-02-25,70,-36.3032,36.3831,98.8,0.56,5.18,MDT,24,1.04,0.92,304.12,25.87,,,0.32,,,,,,,,,15.7,35.3
Balch,SAMW 2021,Sub-Antarctic Southern Ocean,"Balch et al., 2025",doi: 10.1029/2024GB008457,2021-01-08,5,-31.9995,-150.0002,33.19,73.6,0.31,MDT,24,6.28,0.57,62.54,4.06,19.3,,,0,0.6,0.02,2059.8,2325.8,1827.5,224.1,,20.6,35.5
Balch,SAMW 2021,Sub-Antarctic Southern Ocean,"Balch et al., 2025",doi: 10.1029/2024GB008457,2021-01-08,5,-31.9995,-150.0002,53.16,42.2,0.86,MDT,24,8.43,4.78,31.2,0.71,,,,0,0.6,0.01,2060.9,2327,1830.4,222.1,,19.1,35.5
Balch,SAMW 2021,Sub-Antarctic Southern Ocean,"Balch et al., 2025",doi: 10.1029/2024GB008457,2021-01-08,5,-31.9995,-150.0002,71.88,23.4,1.45,MDT,24,4.64,0.43,43.14,6.34,19.3,,,0,0.6,0,2055.6,2325.9,1828.7,217.8,,18.5,35.5
Balch,SAMW 2021,Sub-Antarctic Southern Ocean,"Balch et al., 2025",doi: 10.1029/2024GB008457,2021-01-08,5,-31.9995,-150.0002,110.91,7.1,2.65,MDT,24,8.07,12.27,28.55,7.18,19.61,,0.04,0,0.7,0,2065.4,2323.9,1849.8,205.6,,17.9,35.5
Balch,SAMW 2021,Sub-Antarctic Southern Ocean,"Balch et al., 2025",doi: 10.1029/2024GB008457,2021-01-08,5,-31.9995,-150.0002,152.15,3.86,3.25,MDT,24,10.48,12.45,36.34,6.5,19.14,,0.22,0,0.8,0.05,2072.2,2322.1,1865.5,195.8,,17.2,35.4
Balch,SAMW 2021,Sub-Antarctic Southern Ocean,"Balch et al., 2025",doi: 10.1029/2024GB008457,2021-01-08,5,-31.9995,-150.0002,193.3,0.56,5.18,MDT,24,2.06,0.51,30.45,6.49,19.45,,0.19,2.83,0.9,0.26,2094.7,2320.6,1905,177,,16.5,35.4
Balch,SAMW 2021,Sub-Antarctic Southern Ocean,"Balch et al., 2025",doi: 10.1029/2024GB008457,2021-01-09,9,-34.0002,-150.001,29.6,73.6,0.31,MDT,24,6.27,7.53,63.56,10.93,,,,,,,,,,,,19,35
Balch,SAMW 2021,Sub-Antarctic Southern Ocean,"Balch et al., 2025",doi: 10.1029/2024GB008457,2021-01-09,9,-34.0002,-150.001,46,42.2,0.86,MDT,24,4.28,1.14,55.99,9.64,19.22,,,,,,,,,,,17.3,35.1
Balch,SAMW 2021,Sub-Antarctic Southern Ocean,"Balch et al., 2025",doi: 10.1029/2024GB008457,2021-01-09,9,-34.0002,-150.001,98.15,7.1,2.65,MDT,24,3.42,1.24,24.63,4.12,,,0.1,,,,,,,,,15.9,35.1
Balch,SAMW 2021,Sub-Antarctic Southern Ocean,"Balch et al., 2025",doi: 10.1029/2024GB008457,2021-01-09,9,-34.0002,-150.001,137.39,3.86,3.25,MDT,24,5.35,1.52,50.31,11.55,58.5,,0.25,,,,,,,,,15.1,35
Balch,SAMW 2021,Sub-Antarctic Southern Ocean,"Balch et al., 2025",doi: 10.1029/2024GB008457,2021-01-09,9,-34.0002,-150.001,174.54,0.56,5.18,MDT,24,6.33,4.44,29.29,1.84,,,0.24,,,,,,,,,14.4,35
Balch,SAMW 2021,Sub-Antarctic Southern Ocean,"Balch et al., 2025",doi: 10.1029/2024GB008457,2021-01-10,15,-36.9985,-149.9997,21.85,73.6,0.31,MDT,24,4.9,1.38,48.66,11.18,,,,,,,,,,,,19.2,35
Balch,SAMW 2021,Sub-Antarctic Southern Ocean,"Balch et al., 2025",doi: 10.1029/2024GB008457,2021-01-10,15,-36.9985,-149.9997,31.97,42.2,0.86,MDT,24,6.42,0.15,65.09,6.3,,,0.2,,,,,,,,,18.5,34.9
Balch,SAMW 2021,Sub-Antarctic Southern Ocean,"Balch et al., 2025",doi: 10.1029/2024GB008457,2021-01-10,15,-36.9985,-149.9997,44.7,23.4,1.45,MDT,24,5.1,0.36,32.62,1.47,,,0.07,,,,,,,,,16.8,34.9
Balch,SAMW 2021,Sub-Antarctic Southern Ocean,"Balch et al., 2025",doi: 10.1029/2024GB008457,2021-01-10,15,-36.9985,-149.9997,69.61,7.1,2.65,MDT,24,15.98,19.73,11.64,7.22,,,0.05,,,,,,,,,15.2,35
Balch,SAMW 2021,Sub-Antarctic Southern Ocean,"Balch et al., 2025",doi: 10.1029/2024GB008457,2021-01-10,15,-36.9985,-149.9997,95.26,3.86,3.25,MDT,24,3.88,1.19,20.85,9.37,18.84,,0.25,,,,,,,,,14.6,34.9
Balch,SAMW 2021,Sub-Antarctic Southern Ocean,"Balch et al., 2025",doi: 10.1029/2024GB008457,2021-01-10,15,-36.9985,-149.9997,120.98,0.56,5.18,MDT,24,2.93,0.77,26.86,5.89,28.73,,0.27,,,,,,,,,13.9,34.8
Balch,SAMW 2021,Sub-Antarctic Southern Ocean,"Balch et al., 2025",doi: 10.1029/2024GB008457,2021-01-11,21,-39.999,-150.0008,25.66,73.6,0.31,MDT,24,4.29,0.82,85.72,16.59,20.21,,0.13,,,,,,,,,16.2,34.6
Balch,SAMW 2021,Sub-Antarctic Southern Ocean,"Balch et al., 2025",doi: 10.1029/2024GB008457,2021-01-11,21,-39.999,-150.0008,36.97,42.2,0.86,MDT,24,4.75,1.91,67.46,5.28,19.95,,0.13,,,,,,,,,15.4,34.7
Balch,SAMW 2021,Sub-Antarctic Southern Ocean,"Balch et al., 2025",doi: 10.1029/2024GB008457,2021-01-11,21,-39.999,-150.0008,50.57,23.4,1.45,MDT,24,3.3,1.14,74.27,20.37,,,0.02,,,,,,,,,14,34.7
Balch,SAMW 2021,Sub-Antarctic Southern Ocean,"Balch et al., 2025",doi: 10.1029/2024GB008457,2021-01-11,21,-39.999,-150.0008,80.47,7.1,2.65,MDT,24,4.4,1.17,59.44,12.59,,,0.02,,,,,,,,,12.9,34.6
Balch,SAMW 2021,Sub-Antarctic Southern Ocean,"Balch et al., 2025",doi: 10.1029/2024GB008457,2021-01-11,21,-39.999,-150.0008,94.12,3.86,3.25,MDT,24,3.97,0.87,24.45,9.51,,,,,,,,,,,,12.5,34.6
Balch,SAMW 2021,Sub-Antarctic Southern Ocean,"Balch et al., 2025",doi: 10.1029/2024GB008457,2021-01-11,21,-39.999,-150.0008,139.56,0.56,5.18,MDT,24,5.42,3.82,7.97,1.86,21.25,,0.02,,,,,,,,,10.9,34.6
Balch,SAMW 2021,Sub-Antarctic Southern Ocean,"Balch et al., 2025",doi: 10.1029/2024GB008457,2021-01-12,25,-42.0005,-150.0005,4.83,73.6,0.31,MDT,24,24.76,2.87,945.31,14.39,36.26,,0.18,,,,,,,,,16.4,34.4
Balch,SAMW 2021,Sub-Antarctic Southern Ocean,"Balch et al., 2025",doi: 10.1029/2024GB008457,2021-01-12,25,-42.0005,-150.0005,12.44,42.2,0.86,MDT,24,17.73,4.92,802.18,100.76,25.07,,0.19,,,,,,,,,16.3,34.4
Balch,SAMW 2021,Sub-Antarctic Southern Ocean,"Balch et al., 2025",doi: 10.1029/2024GB008457,2021-01-12,25,-42.0005,-150.0005,15.8,23.4,1.45,MDT,24,14.82,2.1,393.94,85.91,68.82,,0.19,,,,,,,,,16.1,34.4
Balch,SAMW 2021,Sub-Antarctic Southern Ocean,"Balch et al., 2025",doi: 10.1029/2024GB008457,2021-01-12,25,-42.0005,-150.0005,25.19,7.1,2.65,MDT,24,10.03,1.29,192.73,40.92,71.04,,0.19,,,,,,,,,16.1,34.4
Balch,SAMW 2021,Sub-Antarctic Southern Ocean,"Balch et al., 2025",doi: 10.1029/2024GB008457,2021-01-12,25,-42.0005,-150.0005,35.12,3.86,3.25,MDT,24,12.32,1.69,146.49,11.59,28.38,,0.38,,,,,,,,,14.2,34.5
Balch,SAMW 2021,Sub-Antarctic Southern Ocean,"Balch et al., 2025",doi: 10.1029/2024GB008457,2021-01-12,25,-42.0005,-150.0005,44.87,0.56,5.18,MDT,24,7.84,1.81,34.21,4.47,79.08,,0.26,,,,,,,,,13.8,34.5
Balch,SAMW 2021,Sub-Antarctic Southern Ocean,"Balch et al., 2025",doi: 10.1029/2024GB008457,2021-01-13,31,-44.9982,-149.9995,16.95,73.6,0.31,MDT,24,85.78,128.02,648.16,84.7,,,0.41,,,,,,,,,12.9,34.5
Balch,SAMW 2021,Sub-Antarctic Southern Ocean,"Balch et al., 2025",doi: 10.1029/2024GB008457,2021-01-13,31,-44.9982,-149.9995,24.65,42.2,0.86,MDT,24,7.62,3.64,279.45,43.79,120.61,,0.02,,,,,,,,,12.9,34.5
Balch,SAMW 2021,Sub-Antarctic Southern Ocean,"Balch et al., 2025",doi: 10.1029/2024GB008457,2021-01-13,31,-44.9982,-149.9995,35.65,23.4,1.45,MDT,24,23.4,25.49,204.01,59.6,,,0.02,,,,,,,,,12.4,34.5
Balch,SAMW 2021,Sub-Antarctic Southern Ocean,"Balch et al., 2025",doi: 10.1029/2024GB008457,2021-01-13,31,-44.9982,-149.9995,54.41,7.1,2.65,MDT,24,3.21,1.66,270.88,14.28,60.45,,0.19,,,,,,,,,9.3,34.5
Balch,SAMW 2021,Sub-Antarctic Southern Ocean,"Balch et al., 2025",doi: 10.1029/2024GB008457,2021-01-13,31,-44.9982,-149.9995,66.98,3.86,3.25,MDT,24,4.91,2.13,218.42,18.38,43.66,,0.21,,,,,,,,,9.2,34.5
Balch,SAMW 2021,Sub-Antarctic Southern Ocean,"Balch et al., 2025",doi: 10.1029/2024GB008457,2021-01-13,31,-44.9982,-149.9995,96.46,0.56,5.18,MDT,24,3.86,3.35,11.7,3.2,,,0.09,,,,,,,,,9.1,34.6
Balch,SAMW 2021,Sub-Antarctic Southern Ocean,"Balch et al., 2025",doi: 10.1029/2024GB008457,2021-01-14,35,-46.998,-149.999,13.72,73.6,0.31,MDT,24,2.61,4.7,797.39,37.1,122.96,,0.56,,,,,,,,,12.1,34.5
Balch,SAMW 2021,Sub-Antarctic Southern Ocean,"Balch et al., 2025",doi: 10.1029/2024GB008457,2021-01-14,35,-46.998,-149.999,22.49,42.2,0.86,MDT,24,13.51,2.9,426.13,39.23,62.87,,0.51,,,,,,,,,12.1,34.5
Balch,SAMW 2021,Sub-Antarctic Southern Ocean,"Balch et al., 2025",doi: 10.1029/2024GB008457,2021-01-14,35,-46.998,-149.999,28.53,23.4,1.45,MDT,24,9.94,3.35,250.26,11.06,90.38,,0.51,,,,,,,,,12.1,34.5
Balch,SAMW 2021,Sub-Antarctic Southern Ocean,"Balch et al., 2025",doi: 10.1029/2024GB008457,2021-01-14,35,-46.998,-149.999,43.88,7.1,2.65,MDT,24,6.97,1.54,83.4,17.2,67.85,,0.51,,,,,,,,,12,34.5
Balch,SAMW 2021,Sub-Antarctic Southern Ocean,"Balch et al., 2025",doi: 10.1029/2024GB008457,2021-01-14,35,-46.998,-149.999,57.88,3.86,3.25,MDT,24,5.11,1.64,53.05,11.89,,,0.63,,,,,,,,,10.8,34.6
Balch,SAMW 2021,Sub-Antarctic Southern Ocean,"Balch et al., 2025",doi: 10.1029/2024GB008457,2021-01-14,35,-46.998,-149.999,74.84,0.56,5.18,MDT,24,3.82,1.27,11.07,1.07,43.66,,0.56,,,,,,,,,9.5,34.6
Balch,SAMW 2021,Sub-Antarctic Southern Ocean,"Balch et al., 2025",doi: 10.1029/2024GB008457,2021-01-16,37,-47.667,-150.002,21.23,73.6,0.31,MDT,24,9.57,3.06,569.51,97.44,48.81,,0.47,,,,,,,,,12,34.5
Balch,SAMW 2021,Sub-Antarctic Southern Ocean,"Balch et al., 2025",doi: 10.1029/2024GB008457,2021-01-16,37,-47.667,-150.002,28.71,42.2,0.86,MDT,24,8.07,1.21,163.7,10.01,77.51,,,,,,,,,,,12,34.5
Balch,SAMW 2021,Sub-Antarctic Southern Ocean,"Balch et al., 2025",doi: 10.1029/2024GB008457,2021-01-16,37,-47.667,-150.002,44.39,23.4,1.45,MDT,24,7.23,2.69,133.56,24.59,53.12,,0.43,,,,,,,,,12,34.5
Balch,SAMW 2021,Sub-Antarctic Southern Ocean,"Balch et al., 2025",doi: 10.1029/2024GB008457,2021-01-16,37,-47.667,-150.002,60.45,7.1,2.65,MDT,24,8.27,1.57,47.6,6.22,37.48,,0.46,,,,,,,,,12,34.5
Balch,SAMW 2021,Sub-Antarctic Southern Ocean,"Balch et al., 2025",doi: 10.1029/2024GB008457,2021-01-16,37,-47.667,-150.002,150.42,0.56,5.18,MDT,24,4.75,0.71,9.15,1.73,,,,12.96,2.4,1.01,2125.2,2289.2,1965.2,145.3,,8.8,34.5
Balch,SAMW 2021,Sub-Antarctic Southern Ocean,"Balch et al., 2025",doi: 10.1029/2024GB008457,2021-01-17,43,-49.6658,-149.9987,12.49,73.6,0.31,MDT,24,51.73,3.84,1080.43,78.21,119.25,,0.71,,,,,,,,,11.2,34.5
Balch,SAMW 2021,Sub-Antarctic Southern Ocean,"Balch et al., 2025",doi: 10.1029/2024GB008457,2021-01-17,43,-49.6658,-149.9987,19.12,42.2,0.86,MDT,24,23.36,3.15,746.84,127.29,88.9,,0.76,,,,,,,,,11.2,34.5
Balch,SAMW 2021,Sub-Antarctic Southern Ocean,"Balch et al., 2025",doi: 10.1029/2024GB008457,2021-01-17,43,-49.6658,-149.9987,26.03,23.4,1.45,MDT,24,24.39,7.07,765.69,92.18,88.12,,0.96,,,,,,,,,11.1,34.5
Balch,SAMW 2021,Sub-Antarctic Southern Ocean,"Balch et al., 2025",doi: 10.1029/2024GB008457,2021-01-17,43,-49.6658,-149.9987,40.97,7.1,2.65,MDT,24,14.73,4.73,423.24,60.39,51.6,,0.88,,,,,,,,,11.1,34.5
Balch,SAMW 2021,Sub-Antarctic Southern Ocean,"Balch et al., 2025",doi: 10.1029/2024GB008457,2021-01-17,43,-49.6658,-149.9987,55.44,3.86,3.25,MDT,24,13.13,3.21,190.17,114.71,55.1,,0.8,,,,,,,,,11.1,34.5
Balch,SAMW 2021,Sub-Antarctic Southern Ocean,"Balch et al., 2025",doi: 10.1029/2024GB008457,2021-01-17,43,-49.6658,-149.9987,70.92,0.56,5.18,MDT,24,4.86,1.11,13.28,1.54,55.57,,0.47,,,,,,,,,10.6,34.6
Balch,SAMW 2021,Sub-Antarctic Southern Ocean,"Balch et al., 2025",doi: 10.1029/2024GB008457,2021-01-18,45,-53.0003,-149.998,14.83,73.6,0.31,MDT,24,15.39,3.16,931.59,14.15,54.2,,0.56,,,,,,,,,9.3,34.3
Balch,SAMW 2021,Sub-Antarctic Southern Ocean,"Balch et al., 2025",doi: 10.1029/2024GB008457,2021-01-18,45,-53.0003,-149.998,23.31,42.2,0.86,MDT,24,12.74,6.02,421.02,71.17,28.84,,0.56,,,,,,,,,9.3,34.3
Balch,SAMW 2021,Sub-Antarctic Southern Ocean,"Balch et al., 2025",doi: 10.1029/2024GB008457,2021-01-18,45,-53.0003,-149.998,30.82,23.4,1.45,MDT,24,12.98,5.35,493.03,36.35,58.97,,0.58,,,,,,,,,9.3,34.3
Balch,SAMW 2021,Sub-Antarctic Southern Ocean,"Balch et al., 2025",doi: 10.1029/2024GB008457,2021-01-18,45,-53.0003,-149.998,47.32,7.1,2.65,MDT,24,21.22,21.12,161.83,70.69,19.7,,0.66,,,,,,,,,9.1,34.3
Balch,SAMW 2021,Sub-Antarctic Southern Ocean,"Balch et al., 2025",doi: 10.1029/2024GB008457,2021-01-18,45,-53.0003,-149.998,65.37,3.86,3.25,MDT,24,10.91,3.76,121.54,1.35,47.84,,0.56,,,,,,,,,9,34.3
Balch,SAMW 2021,Sub-Antarctic Southern Ocean,"Balch et al., 2025",doi: 10.1029/2024GB008457,2021-01-18,45,-53.0003,-149.998,80.54,0.56,5.18,MDT,24,7.55,3.81,9.58,0.84,,,0.38,,,,,,,,,7.7,34.3
Balch,SAMW 2021,Sub-Antarctic Southern Ocean,"Balch et al., 2025",doi: 10.1029/2024GB008457,2021-01-19,51,-51.0002,-149.9995,15.55,73.6,0.31,MDT,24,29.2,2.04,584.54,115.77,,,0.58,,,,,,,,,10.5,34.6
Balch,SAMW 2021,Sub-Antarctic Southern Ocean,"Balch et al., 2025",doi: 10.1029/2024GB008457,2021-01-19,51,-51.0002,-149.9995,22.75,42.2,0.86,MDT,24,19.46,1.39,408.96,41.84,85.88,,0.53,,,,,,,,,10.4,34.6
Balch,SAMW 2021,Sub-Antarctic Southern Ocean,"Balch et al., 2025",doi: 10.1029/2024GB008457,2021-01-19,51,-51.0002,-149.9995,30.89,23.4,1.45,MDT,24,14.35,1.04,155.68,32.33,63.93,,0.6,,,,,,,,,10.4,34.6
Balch,SAMW 2021,Sub-Antarctic Southern Ocean,"Balch et al., 2025",doi: 10.1029/2024GB008457,2021-01-19,51,-51.0002,-149.9995,47.84,7.1,2.65,MDT,24,14.68,0.8,234.78,40.15,71.04,,0.56,,,,,,,,,10.3,34.6
Balch,SAMW 2021,Sub-Antarctic Southern Ocean,"Balch et al., 2025",doi: 10.1029/2024GB008457,2021-01-19,51,-51.0002,-149.9995,66.25,3.86,3.25,MDT,24,9.39,1.29,13.54,1.77,56.04,,0.39,,,,,,,,,10,34.6
Balch,SAMW 2021,Sub-Antarctic Southern Ocean,"Balch et al., 2025",doi: 10.1029/2024GB008457,2021-01-19,51,-51.0002,-149.9995,83.6,0.56,5.18,MDT,24,10.55,4.03,4.52,0.76,20.12,,0.13,,,,,,,,,9.6,34.6
Balch,SAMW 2021,Sub-Antarctic Southern Ocean,"Balch et al., 2025",doi: 10.1029/2024GB008457,2021-01-21,54,-55.9987,-149.9985,11.94,73.6,0.31,MDT,24,25.2,7.08,906.16,120.54,60.32,,1.58,,,,,,,,,4.1,34
Balch,SAMW 2021,Sub-Antarctic Southern Ocean,"Balch et al., 2025",doi: 10.1029/2024GB008457,2021-01-21,54,-55.9987,-149.9985,18.24,42.2,0.86,MDT,24,10.12,1.5,533.85,87.19,67.88,,2,,,,,,,,,3.9,34
Balch,SAMW 2021,Sub-Antarctic Southern Ocean,"Balch et al., 2025",doi: 10.1029/2024GB008457,2021-01-21,54,-55.9987,-149.9985,24.49,23.4,1.45,MDT,24,9.89,1.17,530.28,95.32,82.93,,2.5,,,,,,,,,3.8,34
Balch,SAMW 2021,Sub-Antarctic Southern Ocean,"Balch et al., 2025",doi: 10.1029/2024GB008457,2021-01-21,54,-55.9987,-149.9985,39.12,7.1,2.65,MDT,24,14.09,4.49,645.01,33.74,60.62,,1.39,,,,,,,,,3,33.9
Balch,SAMW 2021,Sub-Antarctic Southern Ocean,"Balch et al., 2025",doi: 10.1029/2024GB008457,2021-01-21,54,-55.9987,-149.9985,51.88,3.86,3.25,MDT,24,10.56,1.92,254.08,20.89,79.03,,0.72,,,,,,,,,2.9,34
Balch,SAMW 2021,Sub-Antarctic Southern Ocean,"Balch et al., 2025",doi: 10.1029/2024GB008457,2021-01-21,54,-55.9987,-149.9985,66.7,0.56,5.18,MDT,24,5.57,0.53,16.09,3.43,100.61,,0.86,,,,,,,,,2.6,34
Balch,SAMW 2021,Sub-Antarctic Southern Ocean,"Balch et al., 2025",doi: 10.1029/2024GB008457,2021-01-22,60,-53.9997,-149.999,19.07,73.6,0.31,MDT,24,15.9,5.91,589.75,91.38,29.45,,0.48,,,,,,,,,7.3,34
Balch,SAMW 2021,Sub-Antarctic Southern Ocean,"Balch et al., 2025",doi: 10.1029/2024GB008457,2021-01-22,60,-53.9997,-149.999,29.48,42.2,0.86,MDT,24,11.82,0.7,353.46,22.1,20.12,,0.55,,,,,,,,,7.1,34
Balch,SAMW 2021,Sub-Antarctic Southern Ocean,"Balch et al., 2025",doi: 10.1029/2024GB008457,2021-01-22,60,-53.9997,-149.999,40.75,23.4,1.45,MDT,24,13.39,1.47,442.81,81.97,19.45,,0.61,,,,,,,,,7,34
Balch,SAMW 2021,Sub-Antarctic Southern Ocean,"Balch et al., 2025",doi: 10.1029/2024GB008457,2021-01-22,60,-53.9997,-149.999,62.61,7.1,2.65,MDT,24,10.56,0.81,230.35,61.65,37.48,,1.06,,,,,,,,,6.7,34
Balch,SAMW 2021,Sub-Antarctic Southern Ocean,"Balch et al., 2025",doi: 10.1029/2024GB008457,2021-01-22,60,-53.9997,-149.999,84.81,3.86,3.25,MDT,24,17.5,8.28,125.46,35.8,28.84,,1.2,,,,,,,,,6,34.1
Balch,SAMW 2021,Sub-Antarctic Southern Ocean,"Balch et al., 2025",doi: 10.1029/2024GB008457,2021-01-22,60,-53.9997,-149.999,109.09,0.56,5.18,MDT,24,11.4,4.16,5.76,0.61,37.17,,0.48,,,,,,,,,5.2,34.1
Balch,SAMW 2021,Sub-Antarctic Southern Ocean,"Balch et al., 2025",doi: 10.1029/2024GB008457,2021-01-24,63,-59.9983,-150,13.03,73.6,0.31,MDT,24,11.6,0.56,80.11,10.98,19.45,,,,,,,,,,,1.4,34.2
Balch,SAMW 2021,Sub-Antarctic Southern Ocean,"Balch et al., 2025",doi: 10.1029/2024GB008457,2021-01-24,63,-59.9983,-150,20.47,42.2,0.86,MDT,24,25.21,17.91,186.66,60.63,19.95,,0.26,,,,,,,,,1.4,34.2
Balch,SAMW 2021,Sub-Antarctic Southern Ocean,"Balch et al., 2025",doi: 10.1029/2024GB008457,2021-01-24,63,-59.9983,-150,28.25,23.4,1.45,MDT,24,11.13,2.07,55.3,7.8,18.99,,0.26,,,,,,,,,1.4,34.2
Balch,SAMW 2021,Sub-Antarctic Southern Ocean,"Balch et al., 2025",doi: 10.1029/2024GB008457,2021-01-24,63,-59.9983,-150,43.96,7.1,2.65,MDT,24,10.18,0.69,105.24,8.51,19.22,,0.27,,,,,,,,,1.1,34.1
Balch,SAMW 2021,Sub-Antarctic Southern Ocean,"Balch et al., 2025",doi: 10.1029/2024GB008457,2021-01-24,63,-59.9983,-150,50.25,3.86,3.25,MDT,24,10.59,0.5,9,1.03,29.45,,0.25,,,,,,,,,0.6,34.1
Balch,SAMW 2021,Sub-Antarctic Southern Ocean,"Balch et al., 2025",doi: 10.1029/2024GB008457,2021-01-24,63,-59.9983,-150,78.23,0.56,5.18,MDT,24,13.2,5.01,7.01,0.73,29.32,,0.38,,,,,,,,,0.1,34.2
Balch,SAMW 2021,Sub-Antarctic Southern Ocean,"Balch et al., 2025",doi: 10.1029/2024GB008457,2021-01-25,69,-58.0007,-150,13.03,73.6,0.31,MDT,24,15.75,8.37,343.09,3.78,55.57,,0.26,,,,,,,,,3.4,34.1
Balch,SAMW 2021,Sub-Antarctic Southern Ocean,"Balch et al., 2025",doi: 10.1029/2024GB008457,2021-01-25,69,-58.0007,-150,20.57,42.2,0.86,MDT,24,10.82,7.37,236.71,26.12,52.3,,0.32,,,,,,,,,3.4,34.1
Balch,SAMW 2021,Sub-Antarctic Southern Ocean,"Balch et al., 2025",doi: 10.1029/2024GB008457,2021-01-25,69,-58.0007,-150,28.26,23.4,1.45,MDT,24,7.95,3.16,256.7,30.27,58.89,,0.29,,,,,,,,,2.7,34.1
Balch,SAMW 2021,Sub-Antarctic Southern Ocean,"Balch et al., 2025",doi: 10.1029/2024GB008457,2021-01-25,69,-58.0007,-150,45.47,7.1,2.65,MDT,24,4.8,0.65,63.01,2.53,75.31,,0.74,,,,,,,,,2.1,34.1
Balch,SAMW 2021,Sub-Antarctic Southern Ocean,"Balch et al., 2025",doi: 10.1029/2024GB008457,2021-01-25,69,-58.0007,-150,61.39,3.86,3.25,MDT,24,9.46,8.18,25.15,1.91,49.35,,0.91,,,,,,,,,1.1,34.1
Balch,SAMW 2021,Sub-Antarctic Southern Ocean,"Balch et al., 2025",doi: 10.1029/2024GB008457,2021-01-25,69,-58.0007,-150,77.6,0.56,5.18,MDT,24,4.17,0.91,3.28,0.5,30.91,,0.2,,,,,,,,,0.1,34.2
Balch,SAMW 2021,Sub-Antarctic Southern Ocean,"Balch et al., 2025",doi: 10.1029/2024GB008457,2021-01-29,79,-53.3293,-142.9217,20.25,73.6,0.31,MDT,24,44.04,12.88,602.32,78.59,42.42,,0.74,,,,,,,,,7,34
Balch,SAMW 2021,Sub-Antarctic Southern Ocean,"Balch et al., 2025",doi: 10.1029/2024GB008457,2021-01-29,79,-53.3293,-142.9217,29.64,42.2,0.86,MDT,24,14.43,9.58,446.73,64.43,19.7,,0.78,,,,,,,,,6.7,34
Balch,SAMW 2021,Sub-Antarctic Southern Ocean,"Balch et al., 2025",doi: 10.1029/2024GB008457,2021-01-29,79,-53.3293,-142.9217,41.65,23.4,1.45,MDT,24,17.1,21.63,224.5,10.47,28.73,,0.75,,,,,,,,,6.6,34
Balch,SAMW 2021,Sub-Antarctic Southern Ocean,"Balch et al., 2025",doi: 10.1029/2024GB008457,2021-01-29,79,-53.3293,-142.9217,64.58,7.1,2.65,MDT,24,5.31,3.71,100.3,15.7,20.03,,0.62,,,,,,,,,6.4,34
Balch,SAMW 2021,Sub-Antarctic Southern Ocean,"Balch et al., 2025",doi: 10.1029/2024GB008457,2021-01-29,79,-53.3293,-142.9217,91.04,3.86,3.25,MDT,24,3.99,2.57,41.58,11.77,29.32,,0.55,,,,,,,,,5.2,34.1
Balch,SAMW 2021,Sub-Antarctic Southern Ocean,"Balch et al., 2025",doi: 10.1029/2024GB008457,2021-01-29,79,-53.3293,-142.9217,116.81,0.56,5.18,MDT,24,5.89,3.55,15.88,1.51,,,0.2,,,,,,,,,5.1,34.1
Balch,SAMW 2021,Sub-Antarctic Southern Ocean,"Balch et al., 2025",doi: 10.1029/2024GB008457,2021-01-30,82,-53.9248,-141.924,13.625,73.6,0.31,MDT,24,6.91,0.88,512.35,57.64,43.29,,0.5,,,,,,,,,7.5,33.9
Balch,SAMW 2021,Sub-Antarctic Southern Ocean,"Balch et al., 2025",doi: 10.1029/2024GB008457,2021-01-30,82,-53.9248,-141.924,20.749,42.2,0.86,MDT,24,6.02,0.91,264.24,39.78,30.22,,0.5,,,,,,,,,7.5,33.9
Balch,SAMW 2021,Sub-Antarctic Southern Ocean,"Balch et al., 2025",doi: 10.1029/2024GB008457,2021-01-30,82,-53.9248,-141.924,26.995,23.4,1.45,MDT,24,6.16,0.34,253.04,12.33,19.86,,0.52,,,,,,,,,7.5,33.9
Balch,SAMW 2021,Sub-Antarctic Southern Ocean,"Balch et al., 2025",doi: 10.1029/2024GB008457,2021-01-30,82,-53.9248,-141.924,44.167,7.1,2.65,MDT,24,4.89,0.36,64.38,7.43,50.47,,0.48,,,,,,,,,7.5,33.9
Balch,SAMW 2021,Sub-Antarctic Southern Ocean,"Balch et al., 2025",doi: 10.1029/2024GB008457,2021-01-30,82,-53.9248,-141.924,60.857,3.86,3.25,MDT,24,7.14,2.27,60.24,36.21,64.99,,0.61,,,,,,,,,6.7,33.9
Balch,SAMW 2021,Sub-Antarctic Southern Ocean,"Balch et al., 2025",doi: 10.1029/2024GB008457,2021-01-30,82,-53.9248,-141.924,75.873,0.56,5.18,MDT,24,5.53,1.72,59.53,11.46,29.45,,0.53,,,,,,,,,6.5,33.9
Balch,SAMW 2021,Sub-Antarctic Southern Ocean,"Balch et al., 2025",doi: 10.1029/2024GB008457,2021-02-01,87,-57.4803,-141.1135,19.358,73.6,0.31,MDT,24,19.84,14.29,223.73,16.76,38.83,,0.31,,,,,,,,,2.9,34.1
Balch,SAMW 2021,Sub-Antarctic Southern Ocean,"Balch et al., 2025",doi: 10.1029/2024GB008457,2021-02-01,87,-57.4803,-141.1135,29.249,42.2,0.86,MDT,24,32.98,23.71,356.71,57.8,20.21,,0.47,,,,,,,,,2.8,34.1
Balch,SAMW 2021,Sub-Antarctic Southern Ocean,"Balch et al., 2025",doi: 10.1029/2024GB008457,2021-02-01,87,-57.4803,-141.1135,40.142,23.4,1.45,MDT,24,16.4,8.15,253.9,12.63,21.56,,0.55,,,,,,,,,2.3,34.1
Balch,SAMW 2021,Sub-Antarctic Southern Ocean,"Balch et al., 2025",doi: 10.1029/2024GB008457,2021-02-01,87,-57.4803,-141.1135,61.085,7.1,2.65,MDT,24,11.17,7.38,80.71,20.86,,,0.4,,,,,,,,,1.2,34.2
Balch,SAMW 2021,Sub-Antarctic Southern Ocean,"Balch et al., 2025",doi: 10.1029/2024GB008457,2021-02-01,87,-57.4803,-141.1135,84.959,3.86,3.25,MDT,24,24.34,5.35,5.99,1.35,,,0.14,,,,,,,,,0.4,34.2
Balch,SAMW 2021,Sub-Antarctic Southern Ocean,"Balch et al., 2025",doi: 10.1029/2024GB008457,2021-02-01,87,-57.4803,-141.1135,109.64,0.56,5.18,MDT,24,23.84,12.11,5.06,1.24,19.86,,0.09,,,,,,,,,0.4,34.2
Balch,SAMW 2021,Sub-Antarctic Southern Ocean,"Balch et al., 2025",doi: 10.1029/2024GB008457,2021-02-03,94,-54.0792,-138.0225,15.832,73.6,0.31,MDT,24,5.21,0.95,126.7,17.52,19.61,,0.15,,,,,,,,,6.3,34
Balch,SAMW 2021,Sub-Antarctic Southern Ocean,"Balch et al., 2025",doi: 10.1029/2024GB008457,2021-02-03,94,-54.0792,-138.0225,24.328,42.2,0.86,MDT,24,9.71,11.03,63.2,11.67,28.96,,0.13,,,,,,,,,6.3,34
Balch,SAMW 2021,Sub-Antarctic Southern Ocean,"Balch et al., 2025",doi: 10.1029/2024GB008457,2021-02-03,94,-54.0792,-138.0225,33.797,23.4,1.45,MDT,24,6.3,3.21,37.87,9.17,44.99,,0.13,,,,,,,,,6.3,34
Balch,SAMW 2021,Sub-Antarctic Southern Ocean,"Balch et al., 2025",doi: 10.1029/2024GB008457,2021-02-03,94,-54.0792,-138.0225,51.778,7.1,2.65,MDT,24,12.17,15.96,72.49,13.74,37.48,,0.27,,,,,,,,,4.9,34
Balch,SAMW 2021,Sub-Antarctic Southern Ocean,"Balch et al., 2025",doi: 10.1029/2024GB008457,2021-02-03,94,-54.0792,-138.0225,69.771,3.86,3.25,MDT,24,5.02,3.39,52.57,11.12,60.71,,0.33,,,,,,,,,3.9,34.1
Balch,SAMW 2021,Sub-Antarctic Southern Ocean,"Balch et al., 2025",doi: 10.1029/2024GB008457,2021-02-03,94,-54.0792,-138.0225,89.634,0.56,5.18,MDT,24,3.88,0.7,8.51,0.6,19.7,,0.15,,,,,,,,,2.4,34.1
Balch,SAMW 2021,Sub-Antarctic Southern Ocean,"Balch et al., 2025",doi: 10.1029/2024GB008457,2021-02-05,97,-52.666,-144.997,16.295,73.6,0.31,MDT,24,10.4,3.09,457.24,18.09,33.09,,0.35,,,,,,,,,9.3,34.2
Balch,SAMW 2021,Sub-Antarctic Southern Ocean,"Balch et al., 2025",doi: 10.1029/2024GB008457,2021-02-05,97,-52.666,-144.997,35.484,23.4,1.45,MDT,24,17.91,19.27,218.01,38.88,28.5,,0.38,,,,,,,,,9.3,34.2
Balch,SAMW 2021,Sub-Antarctic Southern Ocean,"Balch et al., 2025",doi: 10.1029/2024GB008457,2021-02-05,97,-52.666,-144.997,53.97,7.1,2.65,MDT,24,7.71,1.66,89.92,22.12,36.55,,0.29,,,,,,,,,9.3,34.2
Balch,SAMW 2021,Sub-Antarctic Southern Ocean,"Balch et al., 2025",doi: 10.1029/2024GB008457,2021-02-05,97,-52.666,-144.997,75.01,3.86,3.25,MDT,24,5.47,0.56,107.96,10.22,28.38,,0.52,,,,,,,,,7.9,34.2
Balch,SAMW 2021,Sub-Antarctic Southern Ocean,"Balch et al., 2025",doi: 10.1029/2024GB008457,2021-02-05,97,-52.666,-144.997,93.175,0.56,5.18,MDT,24,10.53,8.86,22.82,3.64,,,0.39,,,,,,,,,7.5,34.3
Balch,SAMW 2021,Sub-Antarctic Southern Ocean,"Balch et al., 2025",doi: 10.1029/2024GB008457,2021-02-08,98,-44.865,-149.9998,14.764,73.6,0.31,MDT,24,27.67,9.22,880.91,93.42,180.64,,0.52,,,,,,,,,14.3,34.3
Balch,SAMW 2021,Sub-Antarctic Southern Ocean,"Balch et al., 2025",doi: 10.1029/2024GB008457,2021-02-08,98,-44.865,-149.9998,22.896,42.2,0.86,MDT,24,28.57,21.39,447.9,68.04,225.01,,0.46,,,,,,,,,13.5,34.4
Balch,SAMW 2021,Sub-Antarctic Southern Ocean,"Balch et al., 2025",doi: 10.1029/2024GB008457,2021-02-08,98,-44.865,-149.9998,29.758,23.4,1.45,MDT,24,32.12,5.54,282.59,44.62,184.01,,0.46,,,,,,,,,12.2,34.5
Balch,SAMW 2021,Sub-Antarctic Southern Ocean,"Balch et al., 2025",doi: 10.1029/2024GB008457,2021-02-08,98,-44.865,-149.9998,48.116,7.1,2.65,MDT,24,15.08,6.16,157.28,63.86,116.66,,0.44,,,,,,,,,11.9,34.5
Balch,SAMW 2021,Sub-Antarctic Southern Ocean,"Balch et al., 2025",doi: 10.1029/2024GB008457,2021-02-08,98,-44.865,-149.9998,65.665,3.86,3.25,MDT,24,10.47,4.85,150.3,29.32,68.5,,0.42,,,,,,,,,9.9,34.5
Balch,SAMW 2021,Sub-Antarctic Southern Ocean,"Balch et al., 2025",doi: 10.1029/2024GB008457,2021-02-08,98,-44.865,-149.9998,83.547,0.56,5.18,MDT,24,10.14,6.73,31.47,14.37,,,0.31,,,,,,,,,9.2,34.5
Charalampopoulou,JC31,Drake Passage,"Charalampopoulou et al., 2016",doi: 10.5194/bg-2016-139,2009-02-06,3,-56.912,-68.242,5,55,0.6,MDT,24,4.71,1.41,445.12,16.53,28.72,26.87,,17.01,,1.22,,,,,8.08,7.6,33.9
Charalampopoulou,JC31,Drake Passage,"Charalampopoulou et al., 2016",doi: 10.5194/bg-2016-139,2009-02-06,3,-56.912,-68.242,50,14,1.97,MDT,24,3.17,1.11,309.46,11.22,27.67,26.28,,,,,,,,,,,
Charalampopoulou,JC31,Drake Passage,"Charalampopoulou et al., 2016",doi: 10.5194/bg-2016-139,2009-02-06,3,-56.912,-68.242,100,1,4.61,MDT,24,0.52,0.44,78.44,13.79,12.95,8.63,,,,,,,,,,,
Charalampopoulou,JC31,Drake Passage,"Charalampopoulou et al., 2016",doi: 10.5194/bg-2016-139,2009-02-06,5,-56.92,-68.24,5,55,0.6,MDT,24,1.23,0.65,206.05,11.12,35.49,32.76,,17.8,,1.3,,,,,8.07,7.4,34
Charalampopoulou,JC31,Drake Passage,"Charalampopoulou et al., 2016",doi: 10.5194/bg-2016-139,2009-02-06,5,-56.92,-68.24,50,14,1.97,MDT,24,0.69,0.03,248.51,8.01,10.92,8.19,,,,,,,,,,,
Charalampopoulou,JC31,Drake Passage,"Charalampopoulou et al., 2016",doi: 10.5194/bg-2016-139,2009-02-06,5,-56.92,-68.24,100,1,4.61,MDT,24,0.17,0.14,61.38,3.96,5.46,2.73,,,,,,,,,,,
Charalampopoulou,JC31,Drake Passage,"Charalampopoulou et al., 2016",doi: 10.5194/bg-2016-139,2009-02-07,8,-57.13,-68.25,5,55,0.6,MDT,24,1.63,0.76,265.31,18.38,28.46,28,,17.4,,1.25,,,,,8.07,7.4,34
Charalampopoulou,JC31,Drake Passage,"Charalampopoulou et al., 2016",doi: 10.5194/bg-2016-139,2009-02-08,11,-57.58,-68.24,5,55,0.6,MDT,24,5.57,0.29,478.08,14.99,42.5,39.3,,17.28,,1.25,,,,,8.09,7.5,34
Charalampopoulou,JC31,Drake Passage,"Charalampopoulou et al., 2016",doi: 10.5194/bg-2016-139,2009-02-08,12(UW20),-57.83,-68.23,5,55,0.6,MDT,24,3.8,1.04,278.39,14.17,70.38,70.38,,0.07,,0.06,,,,,8.11,15.3,32.8
Charalampopoulou,JC31,Drake Passage,"Charalampopoulou et al., 2016",doi: 10.5194/bg-2016-139,2009-02-09,14,-58.09,-68.22,5,55,0.6,MDT,24,18.85,3.12,271.65,13.41,140.93,138.63,,19.32,,1.37,,,,,8.07,6.6,34.1
Charalampopoulou,JC31,Drake Passage,"Charalampopoulou et al., 2016",doi: 10.5194/bg-2016-139,2009-02-09,14,-58.09,-68.22,50,14,1.97,MDT,24,4.78,0.86,295.78,14.68,49.58,39.48,,,,,,,,,,,
Charalampopoulou,JC31,Drake Passage,"Charalampopoulou et al., 2016",doi: 10.5194/bg-2016-139,2009-02-09,14,-58.09,-68.22,75,7,2.66,MDT,24,0.52,,23.31,3.88,76.89,70.41,,,,,,,,,,,
Charalampopoulou,JC31,Drake Passage,"Charalampopoulou et al., 2016",doi: 10.5194/bg-2016-139,2009-02-09,14,-58.09,-68.22,100,1,4.61,MDT,24,0.2,0.14,86.13,0.32,31.67,28,,,,,,,,,,,
Charalampopoulou,JC31,Drake Passage,"Charalampopoulou et al., 2016",doi: 10.5194/bg-2016-139,2009-02-11,17,-59.09,-68.25,5,55,0.6,MDT,24,14.75,0.25,352.56,6.88,473.27,470.3,,22.86,,1.53,,,,,8.07,5.6,34
Charalampopoulou,JC31,Drake Passage,"Charalampopoulou et al., 2016",doi: 10.5194/bg-2016-139,2009-02-11,18,-59.33,-68.25,5,55,0.6,MDT,24,5.91,3.49,186.62,6.24,246.32,240.72,,23.39,,1.62,,,,,8.08,5.1,34
Charalampopoulou,JC31,Drake Passage,"Charalampopoulou et al., 2016",doi: 10.5194/bg-2016-139,2009-02-11,18,-59.33,-68.25,50,14,1.97,MDT,24,6.09,3.14,264.53,7.27,280.86,271.23,,,,,,,,,,,
Charalampopoulou,JC31,Drake Passage,"Charalampopoulou et al., 2016",doi: 10.5194/bg-2016-139,2009-02-11,18,-59.33,-68.25,75,7,2.66,MDT,24,1.33,0.04,25.17,1.36,154.04,150.14,,,,,,,,,,,
Charalampopoulou,JC31,Drake Passage,"Charalampopoulou et al., 2016",doi: 10.5194/bg-2016-139,2009-02-11,18,-59.33,-68.25,100,1,4.61,MDT,24,0.3,0.09,40.57,4.6,16.6,13.83,,,,,,,,,,,
Charalampopoulou,JC31,Drake Passage,"Charalampopoulou et al., 2016",doi: 10.5194/bg-2016-139,2009-02-12,22,-59.59,-68.24,5,55,0.6,MDT,24,4.07,0.55,212.18,8.6,276.48,272.98,,26.2,,1.7,,,,,8.07,4.3,33.9
Charalampopoulou,JC31,Drake Passage,"Charalampopoulou et al., 2016",doi: 10.5194/bg-2016-139,2009-02-12,22,-59.59,-68.24,50,14,1.97,MDT,24,2.87,1.94,316.54,20.65,286.27,286.27,,,,,,,,,,,
Charalampopoulou,JC31,Drake Passage,"Charalampopoulou et al., 2016",doi: 10.5194/bg-2016-139,2009-02-12,22,-59.59,-68.24,75,7,2.66,MDT,24,0.43,0.23,24.6,1.1,205.37,197.74,,,,,,,,,,,
Charalampopoulou,JC31,Drake Passage,"Charalampopoulou et al., 2016",doi: 10.5194/bg-2016-139,2009-02-12,22,-59.59,-68.24,100,1,4.61,MDT,24,0.25,0.18,43.52,4.97,36.07,35.59,,,,,,,,,,,
Charalampopoulou,JC31,Drake Passage,"Charalampopoulou et al., 2016",doi: 10.5194/bg-2016-139,2009-02-13,26,-60.07,-68.19,5,55,0.6,MDT,24,4.69,2.13,236.8,1.91,236.58,236.58,,24.94,,1.59,,,,,8.08,4.5,33.9
Charalampopoulou,JC31,Drake Passage,"Charalampopoulou et al., 2016",doi: 10.5194/bg-2016-139,2009-02-13,26,-60.07,-68.19,50,14,1.97,MDT,24,5.06,0.72,485.48,15.27,79.62,76.78,,,,,,,,,,,
Charalampopoulou,JC31,Drake Passage,"Charalampopoulou et al., 2016",doi: 10.5194/bg-2016-139,2009-02-13,26,-60.07,-68.19,100,1,4.61,MDT,24,0.14,1.19,29.15,1,88.1,86.13,,,,,,,,,,,
Charalampopoulou,JC31,Drake Passage,"Charalampopoulou et al., 2016",doi: 10.5194/bg-2016-139,2009-02-13,27,-60.32,-68.12,5,55,0.6,MDT,24,4.43,1.46,198.67,10.76,293.52,288.99,,24.78,,1.64,,,,,8.09,4,33.9
Charalampopoulou,JC31,Drake Passage,"Charalampopoulou et al., 2016",doi: 10.5194/bg-2016-139,2009-02-13,27,-60.32,-68.12,50,14,1.97,MDT,24,4.05,0.43,346.97,2.97,184.15,181.29,,,,,,,,,,,
Charalampopoulou,JC31,Drake Passage,"Charalampopoulou et al., 2016",doi: 10.5194/bg-2016-139,2009-02-13,27,-60.32,-68.12,75,7,2.66,MDT,24,0.44,0.89,37.03,14.69,67.61,65.71,,,,,,,,,,,
Charalampopoulou,JC31,Drake Passage,"Charalampopoulou et al., 2016",doi: 10.5194/bg-2016-139,2009-02-13,27,-60.32,-68.12,100,1,4.61,MDT,24,0.13,1.23,17.82,3.44,16.68,15.75,,,,,,,,,,,
Charalampopoulou,JC31,Drake Passage,"Charalampopoulou et al., 2016",doi: 10.5194/bg-2016-139,2009-02-16,36,-61.41,-66.99,5,55,0.6,MDT,24,0.81,0.6,60.61,6.16,0.45,0.23,,26.09,,1.69,,,,,8.09,2.7,33.8
Charalampopoulou,JC31,Drake Passage,"Charalampopoulou et al., 2016",doi: 10.5194/bg-2016-139,2009-02-16,36,-61.41,-66.99,50,14,1.97,MDT,24,0.25,0.31,63.24,3.01,30.99,30.99,,,,,,,,,,,
Charalampopoulou,JC31,Drake Passage,"Charalampopoulou et al., 2016",doi: 10.5194/bg-2016-139,2009-02-16,36,-61.41,-66.99,100,1,4.61,MDT,24,0.12,0.09,25.31,2.16,6.17,5.81,,,,,,,,,,,
Charalampopoulou,JC31,Drake Passage,"Charalampopoulou et al., 2016",doi: 10.5194/bg-2016-139,2009-02-17,41,-61.8,-66.32,11,55,0.6,MDT,24,0.28,0.08,136.19,6.3,0.93,0.93,,24.78,,1.66,,,,,8.09,2.4,33.9
Charalampopoulou,JC31,Drake Passage,"Charalampopoulou et al., 2016",doi: 10.5194/bg-2016-139,2009-02-17,41,-61.8,-66.32,25,33,1.11,MDT,24,0.28,0.16,138.25,0.33,12.8,12.8,,,,,,,,,,,
Charalampopoulou,JC31,Drake Passage,"Charalampopoulou et al., 2016",doi: 10.5194/bg-2016-139,2009-02-17,41,-61.8,-66.32,50,7,2.66,MDT,24,0.13,0.07,194.41,20.83,5.1,2.32,,,,,,,,,,,
Charalampopoulou,JC31,Drake Passage,"Charalampopoulou et al., 2016",doi: 10.5194/bg-2016-139,2009-02-17,41,-61.8,-66.32,75,1,4.61,MDT,24,0.24,0.11,22.59,20.39,9.6,9.6,,,,,,,,,,,
Charalampopoulou,JC31,Drake Passage,"Charalampopoulou et al., 2016",doi: 10.5194/bg-2016-139,2009-02-20,54,-62.86,-63.52,5,55,0.6,MDT,24,0.43,0.09,606.22,41.53,,,,26.1,,1.77,,,,,8.09,1.9,34
Charalampopoulou,JC31,Drake Passage,"Charalampopoulou et al., 2016",doi: 10.5194/bg-2016-139,2009-02-20,54,-62.86,-63.52,50,14,1.97,MDT,24,0.31,0.16,159.73,12.74,0.91,0.46,,,,,,,,,,,
Charalampopoulou,JC31,Drake Passage,"Charalampopoulou et al., 2016",doi: 10.5194/bg-2016-139,2009-02-20,54,-62.86,-63.52,100,1,4.61,MDT,24,0.13,0.1,11.56,7.17,0.92,0.92,,,,,,,,,,,
Charalampopoulou,JC31,Drake Passage,"Charalampopoulou et al., 2016",doi: 10.5194/bg-2016-139,2009-02-21,58,-62.98,-63.39,5,55,0.6,MDT,24,0.92,0.2,138.81,12.98,73.7,72.34,,26.27,,1.68,,,,,8.08,3.4,33.8
Charalampopoulou,JC31,Drake Passage,"Charalampopoulou et al., 2016",doi: 10.5194/bg-2016-139,2009-02-21,58,-62.98,-63.39,50,14,1.97,MDT,24,1.2,0.66,105.31,1.9,7.31,7.31,,,,,,,,,,,
Charalampopoulou,JC31,Drake Passage,"Charalampopoulou et al., 2016",doi: 10.5194/bg-2016-139,2009-02-21,58,-62.98,-63.39,100,1,4.61,MDT,24,0.05,0.07,11.28,0.69,1.38,1.38,,,,,,,,,,,
Charalampopoulou,JC31,Drake Passage,"Charalampopoulou et al., 2016",doi: 10.5194/bg-2016-139,2009-02-22,62,-60.8,-54.74,5,55,0.6,MDT,24,0.67,0.08,210.66,9.09,5.85,5.85,,24.83,,1.62,,,,,8.08,3.1,33.8
Charalampopoulou,JC31,Drake Passage,"Charalampopoulou et al., 2016",doi: 10.5194/bg-2016-139,2009-02-22,62,-60.8,-54.74,50,14,1.97,MDT,24,0.87,0.29,204.3,8.24,16,15.78,,,,,,,,,,,
Charalampopoulou,JC31,Drake Passage,"Charalampopoulou et al., 2016",doi: 10.5194/bg-2016-139,2009-02-22,62,-60.8,-54.74,100,1,4.61,MDT,24,0.16,0.12,64.19,5.7,0.68,0.68,,,,,,,,,,,
Charalampopoulou,JC31,Drake Passage,"Charalampopoulou et al., 2016",doi: 10.5194/bg-2016-139,2009-02-23,65,-59.67,-55.45,5,55,0.6,MDT,24,2.39,0.56,287.85,30.42,35.13,34.68,,23.49,,1.46,,,,,8.1,4.2,33.8
Charalampopoulou,JC31,Drake Passage,"Charalampopoulou et al., 2016",doi: 10.5194/bg-2016-139,2009-02-23,65,-59.67,-55.45,50,14,1.97,MDT,24,1.59,0.21,211.83,2.13,25.82,25.59,,,,,,,,,,,
Charalampopoulou,JC31,Drake Passage,"Charalampopoulou et al., 2016",doi: 10.5194/bg-2016-139,2009-02-23,65,-59.67,-55.45,100,1,4.61,MDT,24,0.42,0.05,59.77,0.6,7.4,7.4,,,,,,,,,,,
Charalampopoulou,JC31,Drake Passage,"Charalampopoulou et al., 2016",doi: 10.5194/bg-2016-139,2009-02-24,69,-58.38,-56.21,5,55,0.6,MDT,24,10.16,1.41,448.65,60.93,267.99,260.5,,,,,,,,,,,
Charalampopoulou,JC31,Drake Passage,"Charalampopoulou et al., 2016",doi: 10.5194/bg-2016-139,2009-02-24,69,-58.38,-56.21,50,14,1.97,MDT,24,5.77,1.09,395.28,3.71,205.38,202.18,,,,,,,,,,,
Charalampopoulou,JC31,Drake Passage,"Charalampopoulou et al., 2016",doi: 10.5194/bg-2016-139,2009-02-24,69,-58.38,-56.21,100,1,4.61,MDT,24,1.04,0.23,69.95,1.7,144.6,141.85,,,,,,,,,,,
Charalampopoulou,JC31,Drake Passage,"Charalampopoulou et al., 2016",doi: 10.5194/bg-2016-139,2009-02-25,72,-57.73,-56.65,5,55,0.6,MDT,24,5.29,0.89,505.96,7.96,100.52,88.07,,18.48,,1.31,,,,,8.07,7.4,34
Charalampopoulou,JC31,Drake Passage,"Charalampopoulou et al., 2016",doi: 10.5194/bg-2016-139,2009-02-25,72,-57.73,-56.65,50,14,1.97,MDT,24,14.26,2.5,989.81,36.36,144.68,136.95,,,,,,,,,,,
Charalampopoulou,JC31,Drake Passage,"Charalampopoulou et al., 2016",doi: 10.5194/bg-2016-139,2009-02-25,72,-57.73,-56.65,100,1,4.61,MDT,24,0.61,0.14,121.09,3.68,2.64,2.11,,,,,,,,,,,
Charalampopoulou,JC31,Drake Passage,"Charalampopoulou et al., 2016",doi: 10.5194/bg-2016-139,2009-02-26,82,-57.1,-57.04,5,55,0.6,MDT,24,9.76,2.98,917.37,94.49,203.45,201.52,,16.48,,1.18,,,,,8.08,8.7,34
Charalampopoulou,JC31,Drake Passage,"Charalampopoulou et al., 2016",doi: 10.5194/bg-2016-139,2009-02-26,82,-57.1,-57.04,25,33,1.11,MDT,24,11.08,0.61,1010.66,53.84,185.16,177.89,,,,,,,,,,,
Charalampopoulou,JC31,Drake Passage,"Charalampopoulou et al., 2016",doi: 10.5194/bg-2016-139,2009-02-26,82,-57.1,-57.04,50,14,1.97,MDT,24,10.45,2.1,610.03,24.86,261.97,253.9,,,,,,,,,,,
Charalampopoulou,JC31,Drake Passage,"Charalampopoulou et al., 2016",doi: 10.5194/bg-2016-139,2009-02-26,82,-57.1,-57.04,75,7,2.66,MDT,24,0.33,0.37,65.25,3.31,71.75,64.89,,,,,,,,,,,
Charalampopoulou,JC31,Drake Passage,"Charalampopoulou et al., 2016",doi: 10.5194/bg-2016-139,2009-02-26,82,-57.1,-57.04,100,1,4.61,MDT,24,0.43,0.3,75.1,3.57,21.12,18.36,,,,,,,,,,,
Charalampopoulou,JR210,Arctic,"Charalampopoulou et al., 2011",doi: 10.3354/meps09140,2008-07-26,NNS-0m,58.8,3.25,1,55,0.6,MDT,24,15.5,1.2,100,,57.2,41.04,,,,,,,,,,,
Charalampopoulou,JR210,Arctic,"Charalampopoulou et al., 2011",doi: 10.3354/meps09140,2008-07-26,NNS-6m,58.8,3.25,6,33,1.11,MDT,24,15.5,1.2,100,,,,,,,,,,,,,,
Charalampopoulou,JR210,Arctic,"Charalampopoulou et al., 2011",doi: 10.3354/meps09140,2008-07-26,NNS-15m,58.8,3.25,15,14,1.97,MDT,24,11.2,3,200,,,,,,,,,,,,,,
Charalampopoulou,JR210,Arctic,"Charalampopoulou et al., 2011",doi: 10.3354/meps09140,2008-07-26,NNS-27m,58.8,3.25,27,7,2.66,MDT,24,0.6,0.2,200,,,,,,,,,,,,,,
Charalampopoulou,JR210,Arctic,"Charalampopoulou et al., 2011",doi: 10.3354/meps09140,2008-07-26,NNS-30m,58.8,3.25,30,4.5,3.1,MDT,24,0.5,0.3,600,,,,,,,,,,,,,,
Charalampopoulou,JR210,Arctic,"Charalampopoulou et al., 2011",doi: 10.3354/meps09140,2008-07-26,NNS-40m,58.8,3.25,40,1,4.61,MDT,24,4.7,0.2,100,,,,,,,,,,,,,,
Charalampopoulou,JR210,Arctic,"Charalampopoulou et al., 2011",doi: 10.3354/meps09140,2008-07-28,LOF-0m,69,10,1,55,0.6,MDT,24,276.7,69.1,800,,96.4,86.3,,,,,,,,,,,
Charalampopoulou,JR210,Arctic,"Charalampopoulou et al., 2011",doi: 10.3354/meps09140,2008-07-28,LOF-6m,69,10,6,33,1.11,MDT,24,147.1,55.2,600,200,,,,,,,,,,,,,
Charalampopoulou,JR210,Arctic,"Charalampopoulou et al., 2011",doi: 10.3354/meps09140,2008-07-28,LOF-15m,69,10,15,14,1.97,MDT,24,113.5,29.9,500,100,,,,,,,,,,,,,
Charalampopoulou,JR210,Arctic,"Charalampopoulou et al., 2011",doi: 10.3354/meps09140,2008-07-28,LOF-25m,69,10,25,7,2.66,MDT,24,113.6,46.8,400,,,,,,,,,,,,,,
Charalampopoulou,JR210,Arctic,"Charalampopoulou et al., 2011",doi: 10.3354/meps09140,2008-07-28,LOF-45m,69,10,45,4.5,3.1,MDT,24,299.5,79.2,1100,,,,,,,,,,,,,,
Charalampopoulou,JR210,Arctic,"Charalampopoulou et al., 2011",doi: 10.3354/meps09140,2008-07-28,LOF-65m,69,10,65,1,4.61,MDT,24,21.8,1.5,,,,,,,,,,,,,,,
Charalampopoulou,JR210,Arctic,"Charalampopoulou et al., 2011",doi: 10.3354/meps09140,2008-08-03,SS1-surf,79.72,8.83,1,80,0.22,MDT,24,1.8,0.9,200,,1.6,1.06,,,,,,,,,,,
Charalampopoulou,JR210,Arctic,"Charalampopoulou et al., 2011",doi: 10.3354/meps09140,2008-08-03,SS1-5m,79.72,8.83,5,50,0.69,MDT,24,2.3,0.5,200,100,,,,,,,,,,,,,
Charalampopoulou,JR210,Arctic,"Charalampopoulou et al., 2011",doi: 10.3354/meps09140,2008-08-03,SS1-11m,79.72,8.83,11,20,1.61,MDT,24,2.3,0.2,200,100,,,,,,,,,,,,,
Charalampopoulou,JR210,Arctic,"Charalampopoulou et al., 2011",doi: 10.3354/meps09140,2008-08-03,SS1-17m,79.72,8.83,17,9,2.41,MDT,24,1.3,0.2,200,,,,,,,,,,,,,,
Charalampopoulou,JR210,Arctic,"Charalampopoulou et al., 2011",doi: 10.3354/meps09140,2008-08-03,SS1-19m,79.72,8.83,19,6,2.81,MDT,24,0.5,,200,100,,,,,,,,,,,,,
Charalampopoulou,JR210,Arctic,"Charalampopoulou et al., 2011",doi: 10.3354/meps09140,2008-08-03,SS1-30m,79.72,8.83,30,1,4.61,MDT,24,0.2,,,,,,,,,,,,,,,,
Charalampopoulou,JR210,Arctic,"Charalampopoulou et al., 2011",doi: 10.3354/meps09140,2008-08-06,ICE-2m,80.81,19.2,2,80,0.22,MDT,24,1,0.9,,,3.7,0.93,,,,,,,,,,,
Charalampopoulou,JR210,Arctic,"Charalampopoulou et al., 2011",doi: 10.3354/meps09140,2008-08-06,ICE-5m,80.81,19.2,5,50,0.69,MDT,24,0.5,0.5,,,,,,,,,,,,,,,
Charalampopoulou,JR210,Arctic,"Charalampopoulou et al., 2011",doi: 10.3354/meps09140,2008-08-06,ICE-10m,80.81,19.2,10,20,1.61,MDT,24,2.5,2.5,,,,,,,,,,,,,,,
Charalampopoulou,JR210,Arctic,"Charalampopoulou et al., 2011",doi: 10.3354/meps09140,2008-08-06,ICE-23m,80.81,19.2,23,7.5,2.59,MDT,24,48.8,27.5,100,,,,,,,,,,,,,,
Charalampopoulou,JR210,Arctic,"Charalampopoulou et al., 2011",doi: 10.3354/meps09140,2008-08-06,ICE-30m,80.81,19.2,30,1,4.61,MDT,24,0.2,0.1,,,,,,,,,,,,,,,
Charalampopoulou,JR210,Arctic,"Charalampopoulou et al., 2011",doi: 10.3354/meps09140,2008-08-10,MIZ-2m,80.36,16.28,2,80,0.22,MDT,24,2.2,0.8,200,,1.4,0,,,,,,,,,,,
Charalampopoulou,JR210,Arctic,"Charalampopoulou et al., 2011",doi: 10.3354/meps09140,2008-08-10,MIZ-8m,80.36,16.28,8,50,0.69,MDT,24,1.7,0.5,300,100,,,,,,,,,,,,,
Charalampopoulou,JR210,Arctic,"Charalampopoulou et al., 2011",doi: 10.3354/meps09140,2008-08-10,MIZ-15m,80.36,16.28,15,7.5,2.59,MDT,24,2,0.2,800,,,,,,,,,,,,,,
Charalampopoulou,JR210,Arctic,"Charalampopoulou et al., 2011",doi: 10.3354/meps09140,2008-08-10,MIZ-27m,80.36,16.28,27,1,4.61,MDT,24,0.4,,,,,,,,,,,,,,,,
Charalampopoulou,JR210,Arctic,"Charalampopoulou et al., 2011",doi: 10.3354/meps09140,2008-08-16,RIP-2m,80.28,22.31,2,80,0.22,MDT,24,1.5,0.2,600,,2.3,0,,,,,,,,,,,
Charalampopoulou,JR210,Arctic,"Charalampopoulou et al., 2011",doi: 10.3354/meps09140,2008-08-16,RIP-7m,80.28,22.31,7,50,0.69,MDT,24,1.9,0.8,700,100,,,,,,,,,,,,,
Charalampopoulou,JR210,Arctic,"Charalampopoulou et al., 2011",doi: 10.3354/meps09140,2008-08-16,RIP-12m,80.28,22.31,12,20,1.61,MDT,24,2,,500,,,,,,,,,,,,,,
Charalampopoulou,JR210,Arctic,"Charalampopoulou et al., 2011",doi: 10.3354/meps09140,2008-08-16,RIP-15m,80.28,22.31,15,7.5,2.59,MDT,24,6.3,0.8,400,100,,,,,,,,,,,,,
Charalampopoulou,JR210,Arctic,"Charalampopoulou et al., 2011",doi: 10.3354/meps09140,2008-08-16,RIP-27m,80.28,22.31,27,1,4.61,MDT,24,1,0.2,,,,,,,,,,,,,,,
Crawford & Lipsen,9921,North Pacific,unpublished,,1999-09-04,Z-04,52.65,-145,2,100,0,MDT,24,22.23,,600.97,,,,0.36,12.65,23.08,1.14,,,,,,12.3,32.7
Crawford & Lipsen,9921,North Pacific,unpublished,,1999-09-04,Z-04,52.65,-145,6,55,0.6,MDT,24,64.26,,771.12,,,,0.3,,,,,,,,,,
Crawford & Lipsen,9921,North Pacific,unpublished,,1999-09-04,Z-04,52.65,-145,10,30,1.2,MDT,24,43.47,,568.42,,,,0.34,12.7,22.89,1.16,,,,,,12.3,32.7
Crawford & Lipsen,9921,North Pacific,unpublished,,1999-09-04,Z-04,52.65,-145,25,10,2.3,MDT,24,24.26,,422.56,,,,0.32,12.6,22.89,1.15,,,,,,12.3,32.7
Crawford & Lipsen,9921,North Pacific,unpublished,,1999-09-04,Z-04,52.65,-145,45,3.5,3.35,MDT,24,4.34,,93.94,,,,0.15,13.85,22.89,1.29,,,,,,7.4,32.8
Crawford & Lipsen,9921,North Pacific,unpublished,,1999-09-04,Z-04,52.65,-145,65,1,4.61,MDT,24,2.2,,33.37,,,,0.17,17.19,24.54,1.5,,,,,,4.9,32.9
Crawford & Lipsen,9921,North Pacific,unpublished,,1999-09-05,Z-09,54.999,-145,2,100,0,MDT,24,26.99,,536.4,,,,0.45,10.97,21.88,1.04,,,,,,12.1,32.7
Crawford & Lipsen,9921,North Pacific,unpublished,,1999-09-05,Z-09,54.999,-145,5,55,0.6,MDT,24,52.78,,617.83,,,,0.3,,,,,,,,,,
Crawford & Lipsen,9921,North Pacific,unpublished,,1999-09-05,Z-09,54.999,-145,10,30,1.2,MDT,24,40.29,,565.81,,,,0.42,11.19,22.42,1.07,,,,,,12.1,32.8
Crawford & Lipsen,9921,North Pacific,unpublished,,1999-09-05,Z-09,54.999,-145,20,10,2.3,MDT,24,29.7,,465.79,,,,0.24,11.94,23.32,1.13,,,,,,9.7,32.8
Crawford & Lipsen,9921,North Pacific,unpublished,,1999-09-05,Z-09,54.999,-145,31,3.5,3.35,MDT,24,11.53,,182.53,,,,0.25,,,,,,,,,,
Crawford & Lipsen,9921,North Pacific,unpublished,,1999-09-06,Z-14,57.494,-145.01,2,100,0,MDT,24,75.3,,2038.09,,,,0.76,0,7.87,0.34,,,,,,12.4,32.1
Crawford & Lipsen,9921,North Pacific,unpublished,,1999-09-06,Z-14,57.494,-145.01,5,55,0.6,MDT,24,57.27,,2252.45,,,,0.74,,,,,,,,,,
Crawford & Lipsen,9921,North Pacific,unpublished,,1999-09-06,Z-14,57.494,-145.01,8,30,1.2,MDT,24,68.15,,2324.11,,,,,0.63,9.15,0.39,,,,,,12.3,32.1
Crawford & Lipsen,9921,North Pacific,unpublished,,1999-09-06,Z-14,57.494,-145.01,20,10,2.3,MDT,24,36.87,,2791.16,,,,0.92,15.72,21.82,1.41,,,,,,7,32.3
Crawford & Lipsen,9921,North Pacific,unpublished,,1999-09-08,Z-19,59.441,-145,2,100,0,MDT,24,51.18,,3605.67,,,,1.21,0,8.13,0.34,,,,,,12.4,31.6
Crawford & Lipsen,9921,North Pacific,unpublished,,1999-09-08,Z-19,59.441,-145,5,55,0.6,MDT,24,85.18,,4785.87,,,,0.89,,,,,,,,,,
Crawford & Lipsen,9921,North Pacific,unpublished,,1999-09-08,Z-19,59.441,-145,8,30,1.2,MDT,24,32.29,,3319.15,,,,1.09,0,8.32,0.36,,,,,,12.4,31.6
Crawford & Lipsen,9921,North Pacific,unpublished,,1999-09-08,Z-19,59.441,-145,15,10,2.3,MDT,24,43.75,,1838.64,,,,1.05,,,,,,,,,,
Crawford & Lipsen,9921,North Pacific,unpublished,,1999-09-08,Z-19,59.441,-145,25,3.5,3.35,MDT,24,18.84,,539.73,,,,0.77,1.47,9.87,0.48,,,,,,12.2,32
Crawford & Lipsen,9921,North Pacific,unpublished,,1999-09-08,Z-19,59.441,-145,35,1,4.61,MDT,24,18.84,,236.46,,,,0.34,15.2,23.88,1.4,,,,,,8.3,32.1
Daniels,JR271,Arctic,"Daniels et al., 2016",doi: 10.3354/meps11820,2012-06-04,6,58.74,-0.862,9,55,0.6,MDT,24,7.25,1.28,7527.83,888.39,33.26,31.75,,,,,,,,,,,
Daniels,JR271,Arctic,"Daniels et al., 2016",doi: 10.3354/meps11820,2012-06-05,8,60.134,-6.712,10,55,0.6,MDT,24,21.65,,1659.93,500.16,55.53,21.16,,,,,,,,,,,
Daniels,JR271,Arctic,"Daniels et al., 2016",doi: 10.3354/meps11820,2012-06-06,10,59.971,-11.977,20,55,0.6,MDT,24,7.06,0.24,2205.58,672.03,82.75,64.1,,,,,,,,,,,
Daniels,JR271,Arctic,"Daniels et al., 2016",doi: 10.3354/meps11820,2012-06-07,12,60,-18.67,10,55,0.6,MDT,24,42.51,9.38,2313.56,46.31,649.85,76.19,,,,,,,,,,,
Daniels,JR271,Arctic,"Daniels et al., 2016",doi: 10.3354/meps11820,2012-06-08,17,60.594,-18.856,20,55,0.6,MDT,24,13.56,2.45,1035.05,231,427.37,91.16,,,,,,,,,,,
Daniels,JR271,Arctic,"Daniels et al., 2016",doi: 10.3354/meps11820,2012-06-10,19,65.98,-10.718,24,55,0.6,MDT,24,11.31,1.55,3672.26,121.37,4.68,1.89,,,,,,,,,,,
Daniels,JR271,Arctic,"Daniels et al., 2016",doi: 10.3354/meps11820,2012-06-11,20,69.896,-7.577,15,55,0.6,MDT,24,17.45,5.35,1056.96,164.99,425.08,,,,,,,,,,,,
Daniels,JR271,Arctic,"Daniels et al., 2016",doi: 10.3354/meps11820,2012-06-12,21,74.116,-4.693,15,55,0.6,MDT,24,1.65,0.51,888.08,60.22,4.23,,,,,,,,,,,,
Daniels,JR271,Arctic,"Daniels et al., 2016",doi: 10.3354/meps11820,2012-06-13,27,76.175,-2.549,20,55,0.6,MDT,24,3.54,1.6,2199.84,82.95,6.05,,,,,,,,,,,,
Daniels,JR271,Arctic,"Daniels et al., 2016",doi: 10.3354/meps11820,2012-06-14,29,78.718,0,10,55,0.6,MDT,24,9.04,5,3771.31,338.28,19.29,17,,,,,,,,,,,
Daniels,JR271,Arctic,"Daniels et al., 2016",doi: 10.3354/meps11820,2012-06-15,30,78.245,-5.55,20,55,0.6,MDT,24,2.73,0.85,1097.01,52.93,,,,,,,,,,,,,
Daniels,JR271,Arctic,"Daniels et al., 2016",doi: 10.3354/meps11820,2012-06-16,32,78.215,-6,10,55,0.6,MDT,24,1.44,0.41,833.13,45.44,,,,,,,,,,,,,
Daniels,JR271,Arctic,"Daniels et al., 2016",doi: 10.3354/meps11820,2012-06-17,33,77.815,-4.968,14,55,0.6,MDT,24,6.98,0.26,943.1,248.86,,,,,,,,,,,,,
Daniels,JR271,Arctic,"Daniels et al., 2016",doi: 10.3354/meps11820,2012-06-19,40,77.847,-1.294,15,55,0.6,MDT,24,29.64,6.41,5185.6,546.73,13.23,1.89,,,,,,,,,,,
Daniels,JR271,Arctic,"Daniels et al., 2016",doi: 10.3354/meps11820,2012-06-20,42,78.987,7.98,15,55,0.6,MDT,24,18.96,2.26,5526.19,2914.45,25.2,25.2,,,,,,,,,,,
Daniels,JR271,Arctic,"Daniels et al., 2016",doi: 10.3354/meps11820,2012-06-22,45,76.262,12.541,20,55,0.6,MDT,24,16.69,6.39,1809.47,364.98,77.19,69.54,,,,,,,,,,,
Daniels,JR271,Arctic,"Daniels et al., 2016",doi: 10.3354/meps11820,2012-06-23,47,76.156,23.07,25,55,0.6,MDT,24,1.97,0.2,368.51,25.66,,,,,,,,,,,,,
Daniels,JR271,Arctic,"Daniels et al., 2016",doi: 10.3354/meps11820,2012-06-24,52,72.892,26.001,15,55,0.6,MDT,24,3.27,3.68,1497.79,322.2,,,,,,,,,,,,,
Daniels,JR271,Arctic,"Daniels et al., 2016",doi: 10.3354/meps11820,2012-06-25,54,71.752,17.901,13,55,0.6,MDT,24,8.61,3.54,1512.65,193.95,24.19,19.65,,,,,,,,,,,
Daniels,JR271,Arctic,"Daniels et al., 2016",doi: 10.3354/meps11820,2012-06-26,56,71.748,8.443,15,55,0.6,MDT,24,63.93,36.86,2948.65,462.33,932.26,424.49,,,,,,,,,,,
Daniels,JR271,Arctic,"Daniels et al., 2016",doi: 10.3354/meps11820,2012-06-27,58,71.745,-1.267,20,55,0.6,MDT,24,201.55,52.96,3944.31,240.49,170.92,33.09,,,,,,,,,,,
Daniels,JR271,Arctic,"Daniels et al., 2016",doi: 10.3354/meps11820,2012-06-28,60,71.748,-10.597,26,55,0.6,MDT,24,16.21,2.04,1143.59,95.45,57.63,,,,,,,,,,,,
Daniels,JR271,Arctic,"Daniels et al., 2016",doi: 10.3354/meps11820,2012-06-29,63,68.695,-10.576,20,55,0.6,MDT,24,55.87,3.01,1591.76,270.14,327.45,20.79,,,,,,,,,,,
Daniels,JR271,Arctic,"Daniels et al., 2016",doi: 10.3354/meps11820,2012-06-30,65,67.831,-16.422,20,55,0.6,MDT,24,29.58,6.11,1321.4,154.4,5.76,2.83,,,,,,,,,,,
Daniels & Fragoso,JR274,Southern Ocean,unpublished,,2013-01-13,3,-58.367,-56.252,25,55,0.6,MDT,24,17.33,20.53,1247.5,141.37,,,,,,,,,,,,,
Daniels & Fragoso,JR274,Southern Ocean,unpublished,,2013-01-14,4,-60.003,-55.23,20,55,0.6,MDT,24,5.36,1.66,668.69,33.33,,,,,,,,,,,,,
Daniels & Fragoso,JR274,Southern Ocean,unpublished,,2013-01-15,6,-59.91,-53.026,10,55,0.6,MDT,24,3.42,4.99,1949.98,311.4,,,,,,,,,,,,,
Daniels & Fragoso,JR274,Southern Ocean,unpublished,,2013-01-16,8,-58.294,-50.97,20,55,0.6,MDT,24,6.13,8.35,1720.98,328.96,,,,,,,,,,,,,
Daniels & Fragoso,JR274,Southern Ocean,unpublished,,2013-01-17,10,-59.897,-49.4,10,55,0.6,MDT,24,3.3,1.55,1796.23,26.72,,,,,,,,,,,,,
Daniels & Fragoso,JR274,Southern Ocean,unpublished,,2013-01-18,12,-60.971,-48.131,20,55,0.6,MDT,24,1.03,1.96,423.28,116.09,,,,,,,,,,,,,
Daniels & Fragoso,JR274,Southern Ocean,unpublished,,2013-01-19,13,-59.946,-45.292,15,55,0.6,MDT,24,10.64,3.73,2621.72,445.57,,,,,,,,,,,,,
Daniels & Fragoso,JR274,Southern Ocean,unpublished,,2013-01-20,16,-57.822,-42.831,15,55,0.6,MDT,24,19.62,22.73,1218.14,79.13,,,,,,,,,,,,,
Daniels & Fragoso,JR274,Southern Ocean,unpublished,,2013-01-21,19,-55.213,-41.31,20,55,0.6,MDT,24,29.45,40.23,1313.03,530.51,,,,,,,,,,,,,
Daniels & Fragoso,JR274,Southern Ocean,unpublished,,2013-01-22,22,-52.713,-40.057,10,55,0.6,MDT,24,6.38,2.54,14896.24,5227.5,,,,,,,,,,,,,
Daniels & Fragoso,JR274,Southern Ocean,unpublished,,2013-01-23,25,-50.144,-38.957,25,55,0.6,MDT,24,42.38,3.89,1187.48,86.97,,,,,,,,,,,,,
Daniels & Fragoso,JR274,Southern Ocean,unpublished,,2013-01-24,27,-51.154,-37.49,15,55,0.6,MDT,24,47.2,12.2,7544.34,2727.74,,,,,,,,,,,,,
Daniels & Fragoso,JR274,Southern Ocean,unpublished,,2013-01-25,29,-52.693,-36.626,25,55,0.6,MDT,24,5.92,4.88,794.22,47.28,,,,,,,,,,,,,
Daniels & Fragoso,JR274,Southern Ocean,unpublished,,2013-01-28,32,-51.616,-34.716,20,55,0.6,MDT,24,24.27,3.14,2908.01,652.14,,,,,,,,,,,,,
Daniels & Fragoso,JR274,Southern Ocean,unpublished,,2013-01-29,34,-51.389,-30.811,15,55,0.6,MDT,24,51.44,11.44,3051.81,1549.87,,,,,,,,,,,,,
Daniels & Fragoso,JR274,Southern Ocean,unpublished,,2013-01-30,36,-53.825,-29.189,20,55,0.6,MDT,24,2.61,0.19,560.89,121.34,,,,,,,,,,,,,
Daniels & Fragoso,JR274,Southern Ocean,unpublished,,2013-01-31,38,-56.09,-27.028,20,55,0.6,MDT,24,42.36,3.9,9507.2,1780.59,,,,,,,,,,,,,
Daniels & Fragoso,JR274,Southern Ocean,unpublished,,2013-02-01,40,-58.088,-25.931,20,55,0.6,MDT,24,4.14,2.4,3367.91,385.19,,,,,,,,,,,,,
Daniels & Fragoso,JR274,Southern Ocean,unpublished,,2013-02-03,43,-63.466,-25.299,20,55,0.6,MDT,24,0.07,0.86,123.2,12.66,,,,,,,,,,,,,
Daniels & Fragoso,JR274,Southern Ocean,unpublished,,2013-02-04,44,-62.139,-27.026,15,55,0.6,MDT,24,0.04,0.33,853.88,178.55,,,,,,,,,,,,,
Daniels & Fragoso,JR274,Southern Ocean,unpublished,,2013-02-05,46,-59.997,-29.661,10,55,0.6,MDT,24,0.01,1.05,751.22,187.5,,,,,,,,,,,,,
Daniels & Fragoso,JR274,Southern Ocean,unpublished,,2013-02-06,48,-57.929,-32.054,20,55,0.6,MDT,24,6.82,4.13,1042.19,298.16,,,,,,,,,,,,,
Feng,NASB05,North Atlantic,"Feng et al., 2009",doi: 10.3354/meps08133,2005-06-20,f1,57.58,-15.32,7,30,1.2,MDT,24,123.38,42.8,4122.42,198.17,,,,,,,,,,,,,
Fernandez,CD60,North Atlantic,"Fernandez et al., 1993",doi: 10.3354/meps097271,1991-06-19,D1C003 ,59.995,-19.961,2,97,0.03,Diff,24,26.67,,4291.67,,,,,,,,,,,,,,
Fernandez,CD60,North Atlantic,"Fernandez et al., 1993",doi: 10.3354/meps097271,1991-06-19,D1C003 ,59.995,-19.961,15,36,1.02,Diff,24,0.83,,2510.83,,,,,,,,,,,,,,
Fernandez,CD60,North Atlantic,"Fernandez et al., 1993",doi: 10.3354/meps097271,1991-06-19,D1C003 ,59.995,-19.961,20,21,1.56,Diff,24,69.17,,1790.83,,,,,,,,,,,,,,
Fernandez,CD60,North Atlantic,"Fernandez et al., 1993",doi: 10.3354/meps097271,1991-06-19,D1C003 ,59.995,-19.961,25,6,2.81,Diff,24,58.33,,1248.33,,,,,,,,,,,,,,
Fernandez,CD60,North Atlantic,"Fernandez et al., 1993",doi: 10.3354/meps097271,1991-06-19,D1C003 ,59.995,-19.961,35,1,4.61,Diff,24,250.83,,620.83,,,,,,,,,,,,,,
Fernandez,CD60,North Atlantic,"Fernandez et al., 1993",doi: 10.3354/meps097271,1991-06-23,D1C004 ,61.085,-22.69,2,97,0.03,Diff,24,545.83,,4883.33,,,,,,,,,,,,,,
Fernandez,CD60,North Atlantic,"Fernandez et al., 1993",doi: 10.3354/meps097271,1991-06-23,D1C004 ,61.085,-22.69,10,75,0.29,Diff,24,562.5,,4036.67,,,,,,,,,,,,,,
Fernandez,CD60,North Atlantic,"Fernandez et al., 1993",doi: 10.3354/meps097271,1991-06-23,D1C004 ,61.085,-22.69,15,36,1.02,Diff,24,475,,3246.67,,,,,,,,,,,,,,
Fernandez,CD60,North Atlantic,"Fernandez et al., 1993",doi: 10.3354/meps097271,1991-06-23,D1C004 ,61.085,-22.69,20,21,1.56,Diff,24,341.67,,2044.17,,,,,,,,,,,,,,
Fernandez,CD60,North Atlantic,"Fernandez et al., 1993",doi: 10.3354/meps097271,1991-06-23,D1C004 ,61.085,-22.69,25,6,2.81,Diff,24,205.83,,727.5,,,,,,,,,,,,,,
Fernandez,CD60,North Atlantic,"Fernandez et al., 1993",doi: 10.3354/meps097271,1991-06-23,D1C004 ,61.085,-22.69,35,1,4.61,Diff,24,85.83,,250,,,,,,,,,,,,,,
Fernandez,CD60,North Atlantic,"Fernandez et al., 1993",doi: 10.3354/meps097271,1991-06-24,D1C005 ,61.11,-22.731,2,97,0.03,Diff,24,835,,6372.5,,,,,,,,,,,,,,
Fernandez,CD60,North Atlantic,"Fernandez et al., 1993",doi: 10.3354/meps097271,1991-06-24,D1C005 ,61.11,-22.731,10,75,0.29,Diff,24,1102.5,,4035,,,,,,,,,,,,,,
Fernandez,CD60,North Atlantic,"Fernandez et al., 1993",doi: 10.3354/meps097271,1991-06-24,D1C005 ,61.11,-22.731,15,36,1.02,Diff,24,775,,2446.67,,,,,,,,,,,,,,
Fernandez,CD60,North Atlantic,"Fernandez et al., 1993",doi: 10.3354/meps097271,1991-06-24,D1C005 ,61.11,-22.731,20,21,1.56,Diff,24,20,,975.83,,,,,,,,,,,,,,
Fernandez,CD60,North Atlantic,"Fernandez et al., 1993",doi: 10.3354/meps097271,1991-06-24,D1C005 ,61.11,-22.731,35,1,4.61,Diff,24,40,,290.83,,,,,,,,,,,,,,
Fernandez,CD60,North Atlantic,"Fernandez et al., 1993",doi: 10.3354/meps097271,1991-06-28,D1C006 ,61.2,-15.15,2,97,0.03,Diff,24,525,,4088.33,,,,,,,,,,,,,,
Fernandez,CD60,North Atlantic,"Fernandez et al., 1993",doi: 10.3354/meps097271,1991-06-28,D1C006 ,61.2,-15.15,10,75,0.29,Diff,24,216.67,,2844.17,,,,,,,,,,,,,,
Fernandez,CD60,North Atlantic,"Fernandez et al., 1993",doi: 10.3354/meps097271,1991-06-28,D1C006 ,61.2,-15.15,15,36,1.02,Diff,24,177.5,,1931.67,,,,,,,,,,,,,,
Fernandez,CD60,North Atlantic,"Fernandez et al., 1993",doi: 10.3354/meps097271,1991-06-28,D1C006 ,61.2,-15.15,20,21,1.56,Diff,24,4.17,,1379.17,,,,,,,,,,,,,,
Fernandez,CD60,North Atlantic,"Fernandez et al., 1993",doi: 10.3354/meps097271,1991-06-28,D1C006 ,61.2,-15.15,25,6,2.81,Diff,24,70.83,,498.33,,,,,,,,,,,,,,
Fernandez,CD60,North Atlantic,"Fernandez et al., 1993",doi: 10.3354/meps097271,1991-06-28,D1C006 ,61.2,-15.15,35,1,4.61,Diff,24,83.33,,207.5,,,,,,,,,,,,,,
Fernandez,CD60,North Atlantic,"Fernandez et al., 1993",doi: 10.3354/meps097271,1991-06-29,D1C007 ,61.2,-15.15,2,97,0.03,Diff,24,657.5,,6200,,,,,,,,,,,,,,
Fernandez,CD60,North Atlantic,"Fernandez et al., 1993",doi: 10.3354/meps097271,1991-06-29,D1C007 ,61.2,-15.15,10,75,0.29,Diff,24,57.5,,3482.5,,,,,,,,,,,,,,
Fernandez,CD60,North Atlantic,"Fernandez et al., 1993",doi: 10.3354/meps097271,1991-06-29,D1C007 ,61.2,-15.15,15,36,1.02,Diff,24,15.83,,1324.17,,,,,,,,,,,,,,
Fernandez,CD60,North Atlantic,"Fernandez et al., 1993",doi: 10.3354/meps097271,1991-06-29,D1C007 ,61.2,-15.15,20,21,1.56,Diff,24,175,,653.33,,,,,,,,,,,,,,
Fernandez,CD60,North Atlantic,"Fernandez et al., 1993",doi: 10.3354/meps097271,1991-06-29,D1C007 ,61.2,-15.15,25,6,2.81,Diff,24,13.33,,387.5,,,,,,,,,,,,,,
Fernandez,CD60,North Atlantic,"Fernandez et al., 1993",doi: 10.3354/meps097271,1991-06-29,D1C007 ,61.2,-15.15,35,1,4.61,Diff,24,23.33,,235,,,,,,,,,,,,,,
Fernandez,Hans Brattstrom,Norwegian Fjord,"Fernandez et al., 1996",,1993-05-19,F19,60.5,5.033,0,100,0,Diff,24,41.67,,291.67,,,,,,,,,,,,,,
Fernandez,Hans Brattstrom,Norwegian Fjord,"Fernandez et al., 1996",,1993-05-19,F19,60.5,5.033,3,40,0.92,Diff,24,791.67,,2000,,,,,,,,,,,,,,
Fernandez,Hans Brattstrom,Norwegian Fjord,"Fernandez et al., 1996",,1993-05-19,F19,60.5,5.033,5,22,1.51,Diff,24,1833.33,,2083.33,,,,,,,,,,,,,,
Fernandez,Hans Brattstrom,Norwegian Fjord,"Fernandez et al., 1996",,1993-05-19,F19,60.5,5.033,10,5,3,Diff,24,1000,,750,,,,,,,,,,,,,,
Fernandez,Hans Brattstrom,Norwegian Fjord,"Fernandez et al., 1996",,1993-05-19,F19,60.5,5.033,15,1,4.61,Diff,24,125,,166.67,,,,,,,,,,,,,,
Fernandez,Hans Brattstrom,Norwegian Fjord,"Fernandez et al., 1996",,1993-05-24,F24,60.5,5.033,0,100,0,Diff,24,166.67,,916.67,,,,,,,,,,,,,,
Fernandez,Hans Brattstrom,Norwegian Fjord,"Fernandez et al., 1996",,1993-05-24,F24,60.5,5.033,3,40,0.92,Diff,24,416.67,,8166.67,,,,,,,,,,,,,,
Fernandez,Hans Brattstrom,Norwegian Fjord,"Fernandez et al., 1996",,1993-05-24,F24,60.5,5.033,5,22,1.51,Diff,24,1000,,2666.67,,,,,,,,,,,,,,
Fernandez,Hans Brattstrom,Norwegian Fjord,"Fernandez et al., 1996",,1993-05-24,F24,60.5,5.033,7,12,2.12,Diff,24,125,,1416.67,,,,,,,,,,,,,,
Fernandez,Hans Brattstrom,Norwegian Fjord,"Fernandez et al., 1996",,1993-05-24,F24,60.5,5.033,10,5,3,Diff,24,500,,666.67,,,,,,,,,,,,,,
Fernandez,Hans Brattstrom,Norwegian Fjord,"Fernandez et al., 1996",,1993-05-24,F24,60.5,5.033,15,1,4.61,Diff,24,125,,250,,,,,,,,,,,,,,
Fernandez,Hans Brattstrom,Norwegian Fjord,"Fernandez et al., 1996",,1993-05-26,F26,60.5,5.033,0,100,0,Diff,24,83.33,,1916.67,,,,,,,,,,,,,,
Fernandez,Hans Brattstrom,Norwegian Fjord,"Fernandez et al., 1996",,1993-05-26,F26,60.5,5.033,3,40,0.92,Diff,24,41.67,,4333.33,,,,,,,,,,,,,,
Fernandez,Hans Brattstrom,Norwegian Fjord,"Fernandez et al., 1996",,1993-05-26,F26,60.5,5.033,5,22,1.51,Diff,24,166.67,,2166.67,,,,,,,,,,,,,,
Fernandez,Hans Brattstrom,Norwegian Fjord,"Fernandez et al., 1996",,1993-05-26,F26,60.5,5.033,7,12,2.12,Diff,24,250,,1083.33,,,,,,,,,,,,,,
Fernandez,Hans Brattstrom,Norwegian Fjord,"Fernandez et al., 1996",,1993-05-26,F26,60.5,5.033,10,5,3,Diff,24,250,,666.67,,,,,,,,,,,,,,
Fernandez,Hans Brattstrom,Norwegian Fjord,"Fernandez et al., 1996",,1993-05-27,N27,60.333,5.333,0,100,0,Diff,24,791.67,,1083.33,,,,,,,,,,,,,,
Fernandez,Hans Brattstrom,Norwegian Fjord,"Fernandez et al., 1996",,1993-05-27,N27,60.333,5.333,3,40,0.92,Diff,24,1666.67,,4000,,,,,,,,,,,,,,
Fernandez,Hans Brattstrom,Norwegian Fjord,"Fernandez et al., 1996",,1993-05-27,N27,60.333,5.333,5,22,1.51,Diff,24,3083.33,,3833.33,,,,,,,,,,,,,,
Fernandez,Hans Brattstrom,Norwegian Fjord,"Fernandez et al., 1996",,1993-05-27,N27,60.333,5.333,7,12,2.12,Diff,24,4416.67,,4250,,,,,,,,,,,,,,
Fernandez,Hans Brattstrom,Norwegian Fjord,"Fernandez et al., 1996",,1993-05-27,N27,60.333,5.333,9,5,3,Diff,24,250,,2583.33,,,,,,,,,,,,,,
Fernandez,Hans Brattstrom,Norwegian Fjord,"Fernandez et al., 1996",,1993-05-27,N27,60.333,5.333,12,1,4.61,Diff,24,83.33,,250,,,,,,,,,,,,,,
Lam,Tully 1999,Subarctic Pacific,"Lam et al., 2001",doi: 10.4319/lo.2001.46.5.1199,1999-09-02,l1,50,-145,15,55,0.6,MDT,5,10.68,1.07,619.63,53.42,,,,,,,,,,,,,
Lipsen & Crawford,9803,North Pacific,"Lipsen et al., 2007",doi: 10.1016/j.pocean.2007.08.004,1998-02-19,P-04,48.65,-126.67,2,100,0,MDT,,1.07,,404.39,,74.94,67.45,0.34,3.5,5.3,0.63,,,,,,11.4,32.7
Lipsen & Crawford,9803,North Pacific,"Lipsen et al., 2007",doi: 10.1016/j.pocean.2007.08.004,1998-02-19,P-04,48.65,-126.67,5,55,0.6,MDT,,9.91,,350.25,,74.94,67.45,0.36,3.5,5.5,0.58,,,,,,11.3,32.7
Lipsen & Crawford,9803,North Pacific,"Lipsen et al., 2007",doi: 10.1016/j.pocean.2007.08.004,1998-02-19,P-04,48.65,-126.67,10,30,1.2,MDT,,6.91,,318.28,,,,0.38,3.5,5.3,0.59,,,,,,11.3,32.7
Lipsen & Crawford,9803,North Pacific,"Lipsen et al., 2007",doi: 10.1016/j.pocean.2007.08.004,1998-02-19,P-04,48.65,-126.67,15,10,2.3,MDT,,2.57,,93.89,,74.94,67.45,0.42,3.5,5.5,0.58,,,,,,11.3,32.7
Lipsen & Crawford,9803,North Pacific,"Lipsen et al., 2007",doi: 10.1016/j.pocean.2007.08.004,1998-02-19,P-04,48.65,-126.67,30,3.5,3.35,MDT,,1.07,,39.58,,,,0.55,3.5,5.5,0.65,,,,,,11.3,32.7
Lipsen & Crawford,9803,North Pacific,"Lipsen et al., 2007",doi: 10.1016/j.pocean.2007.08.004,1998-02-21,P-12,48.97,-130.67,5,100,0,MDT,,7,,97.72,,97.43,89.93,0.31,5.8,6.8,0.77,,,,,,8.6,32.6
Lipsen & Crawford,9803,North Pacific,"Lipsen et al., 2007",doi: 10.1016/j.pocean.2007.08.004,1998-02-21,P-12,48.97,-130.67,10,55,0.6,MDT,,8.51,,396.04,,74.94,42.47,0.34,5.8,6.8,0.77,,,,,,8.6,32.6
Lipsen & Crawford,9803,North Pacific,"Lipsen et al., 2007",doi: 10.1016/j.pocean.2007.08.004,1998-02-21,P-12,48.97,-130.67,15,30,1.2,MDT,,7,,441.41,,,,0.27,5.8,6.7,0.76,,,,,,8.6,32.6
Lipsen & Crawford,9803,North Pacific,"Lipsen et al., 2007",doi: 10.1016/j.pocean.2007.08.004,1998-02-21,P-12,48.97,-130.67,25,10,2.3,MDT,,9.14,,353.36,,259.8,219.83,0.33,5.95,6.85,0.78,,,,,,8.5,32.6
Lipsen & Crawford,9803,North Pacific,"Lipsen et al., 2007",doi: 10.1016/j.pocean.2007.08.004,1998-02-21,P-12,48.97,-130.67,35,3.5,3.35,MDT,,10.45,,278.63,,,,0.36,6.25,7.1,0.8,,,,,,8.5,32.6
Lipsen & Crawford,9803,North Pacific,"Lipsen et al., 2007",doi: 10.1016/j.pocean.2007.08.004,1998-02-21,P-12,48.97,-130.67,50,1,4.61,MDT,,38.51,,110.54,,149.89,112.41,0.39,6.6,7.4,0.8,,,,,,8.4,32.6
Lipsen & Crawford,9803,North Pacific,"Lipsen et al., 2007",doi: 10.1016/j.pocean.2007.08.004,1998-02-23,P-16,49.28,-134.67,5,100,0,MDT,,9.73,,214.61,,74.94,49.46,0.5,8.4,11.4,0.93,,,,,,7.5,32.6
Lipsen & Crawford,9803,North Pacific,"Lipsen et al., 2007",doi: 10.1016/j.pocean.2007.08.004,1998-02-23,P-16,49.28,-134.67,15,55,0.6,MDT,,10.53,,427.02,,169.87,154.88,0.45,8.4,11.6,0.92,,,,,,7.5,32.6
Lipsen & Crawford,9803,North Pacific,"Lipsen et al., 2007",doi: 10.1016/j.pocean.2007.08.004,1998-02-23,P-16,49.28,-134.67,35,10,2.3,MDT,,19.76,,199.11,,274.79,234.82,0.43,8.4,11.6,0.93,,,,,,7.5,32.6
Lipsen & Crawford,9803,North Pacific,"Lipsen et al., 2007",doi: 10.1016/j.pocean.2007.08.004,1998-02-23,P-16,49.28,-134.67,60,1,4.61,MDT,,48.83,,125.19,,277.29,179.86,0.36,8.4,11.8,0.92,,,,,,7.5,32.6
Lipsen & Crawford,9803,North Pacific,"Lipsen et al., 2007",doi: 10.1016/j.pocean.2007.08.004,1998-02-24,P-20,49.57,-138.67,2,100,0,MDT,,15.7,,51.45,,59.95,37.47,0.33,10.3,14,1.02,,,,,,6.6,32.7
Lipsen & Crawford,9803,North Pacific,"Lipsen et al., 2007",doi: 10.1016/j.pocean.2007.08.004,1998-02-24,P-20,49.57,-138.67,10,55,0.6,MDT,,35.67,,172.11,,10.49,8.99,0.34,10.3,14,1.03,,,,,,6.6,32.7
Lipsen & Crawford,9803,North Pacific,"Lipsen et al., 2007",doi: 10.1016/j.pocean.2007.08.004,1998-02-24,P-20,49.57,-138.67,20,30,1.2,MDT,,32.29,,239.09,,,,0.32,10.3,14,1.02,,,,,,6.6,32.7
Lipsen & Crawford,9803,North Pacific,"Lipsen et al., 2007",doi: 10.1016/j.pocean.2007.08.004,1998-02-24,P-20,49.57,-138.67,30,10,2.3,MDT,,15.94,,246.39,,34.97,29.98,0.31,10.3,14.1,1.03,,,,,,6.6,32.7
Lipsen & Crawford,9803,North Pacific,"Lipsen et al., 2007",doi: 10.1016/j.pocean.2007.08.004,1998-02-24,P-20,49.57,-138.67,50,3.5,3.35,MDT,,49.42,,144.27,,,,0.34,10.2,14.1,1.03,,,,,,6.6,32.7
Lipsen & Crawford,9803,North Pacific,"Lipsen et al., 2007",doi: 10.1016/j.pocean.2007.08.004,1998-02-24,P-20,49.57,-138.67,80,1,4.61,MDT,,1.96,,33.44,,41.22,37.47,0.35,11,15.2,1.07,,,,,,6.6,32.7
Lipsen & Crawford,9803,North Pacific,"Lipsen et al., 2007",doi: 10.1016/j.pocean.2007.08.004,1998-02-26,P-26,50,-145,5,100,0,MDT,,32.2,,126.52,,69.95,69.95,0.27,13,20.5,1.23,2039.2,,,,,5.4,32.7
Lipsen & Crawford,9803,North Pacific,"Lipsen et al., 2007",doi: 10.1016/j.pocean.2007.08.004,1998-02-26,P-26,50,-145,10,55,0.6,MDT,,8.61,,268.51,,29.98,29.98,0.24,13,20.6,1.23,2038.1,,,,,5.4,32.7
Lipsen & Crawford,9803,North Pacific,"Lipsen et al., 2007",doi: 10.1016/j.pocean.2007.08.004,1998-02-26,P-26,50,-145,20,30,1.2,MDT,,67.19,,339.09,,,,0.23,13,20.3,1.23,2037.8,,,,,5.4,32.7
Lipsen & Crawford,9803,North Pacific,"Lipsen et al., 2007",doi: 10.1016/j.pocean.2007.08.004,1998-02-26,P-26,50,-145,35,10,2.3,MDT,,0.04,,231.35,,37.47,37.47,0.23,13,20.1,1.23,,,,,,5.4,32.7
Lipsen & Crawford,9803,North Pacific,"Lipsen et al., 2007",doi: 10.1016/j.pocean.2007.08.004,1998-02-26,P-26,50,-145,50,3.5,3.35,MDT,,21.71,,136.81,,,,0.28,13.1,20.6,1.24,,,,,,5.4,32.7
Lipsen & Crawford,9803,North Pacific,"Lipsen et al., 2007",doi: 10.1016/j.pocean.2007.08.004,1998-02-26,P-26,50,-145,80,1,4.61,MDT,,45.28,,,,11.24,11.24,0.16,13.3,20.6,1.24,2037.5,,,,,5.4,32.7
Lipsen & Crawford,9815,North Pacific,"Lipsen et al., 2007",doi: 10.1016/j.pocean.2007.08.004,1998-06-05,P-04,48.65,-126.67,2,100,0,MDT,,447.68,,541.17,,389.7,389.7,0.33,0,2.9,0.32,,,,,,12.6,32
Lipsen & Crawford,9815,North Pacific,"Lipsen et al., 2007",doi: 10.1016/j.pocean.2007.08.004,1998-06-05,P-04,48.65,-126.67,3,55,0.6,MDT,,343.04,,284.45,,243.56,243.56,0.17,0,2.9,0.32,,,,,,12.6,32
Lipsen & Crawford,9815,North Pacific,"Lipsen et al., 2007",doi: 10.1016/j.pocean.2007.08.004,1998-06-05,P-04,48.65,-126.67,5,30,1.2,MDT,,515.94,,490.45,,,,0.25,0,2.4,0.33,,,,,,12.3,32
Lipsen & Crawford,9815,North Pacific,"Lipsen et al., 2007",doi: 10.1016/j.pocean.2007.08.004,1998-06-05,P-04,48.65,-126.67,13,10,2.3,MDT,,170.59,,223.88,,66.62,66.62,0.21,0,2.4,0.33,,,,,,12.3,32
Lipsen & Crawford,9815,North Pacific,"Lipsen et al., 2007",doi: 10.1016/j.pocean.2007.08.004,1998-06-05,P-04,48.65,-126.67,24,3.5,3.35,MDT,,292.3,,117.71,,,,0.27,0.3,2.6,0.43,,,,,,10.8,32.3
Lipsen & Crawford,9815,North Pacific,"Lipsen et al., 2007",doi: 10.1016/j.pocean.2007.08.004,1998-06-05,P-04,48.65,-126.67,33,1,4.61,MDT,,5.7,,96.59,,169.87,169.87,0.5,2.95,4.4,0.6,,,,,,10,32.4
Lipsen & Crawford,9815,North Pacific,"Lipsen et al., 2007",doi: 10.1016/j.pocean.2007.08.004,1998-06-06,P-12,48.97,-130.67,2,100,0,MDT,,168.63,,257.31,,299.77,299.77,0.16,0,0.2,0.36,,,,,,12.1,32.4
Lipsen & Crawford,9815,North Pacific,"Lipsen et al., 2007",doi: 10.1016/j.pocean.2007.08.004,1998-06-06,P-12,48.97,-130.67,3,55,0.6,MDT,,219.52,,285.31,,274.79,274.79,0.13,0,0.4,0.36,,,,,,11.7,32.4
Lipsen & Crawford,9815,North Pacific,"Lipsen et al., 2007",doi: 10.1016/j.pocean.2007.08.004,1998-06-06,P-12,48.97,-130.67,5,30,1.2,MDT,,320.76,,164.6,,,,0.15,0,0.4,0.36,,,,,,11.7,32.4
Lipsen & Crawford,9815,North Pacific,"Lipsen et al., 2007",doi: 10.1016/j.pocean.2007.08.004,1998-06-06,P-12,48.97,-130.67,17,10,2.3,MDT,,344.65,,144.47,,199.85,199.85,0.14,0,0.4,0.36,,,,,,11.7,32.4
Lipsen & Crawford,9815,North Pacific,"Lipsen et al., 2007",doi: 10.1016/j.pocean.2007.08.004,1998-06-06,P-12,48.97,-130.67,27,3.5,3.35,MDT,,49.34,,228.58,,,,0.83,0,0.7,0.36,,,,,,11.4,32.4
Lipsen & Crawford,9815,North Pacific,"Lipsen et al., 2007",doi: 10.1016/j.pocean.2007.08.004,1998-06-06,P-12,48.97,-130.67,40,1,4.61,MDT,,265.6,,86.65,,123.24,123.24,0.66,2.6,3.25,0.54,,,,,,10.4,32.5
Lipsen & Crawford,9815,North Pacific,"Lipsen et al., 2007",doi: 10.1016/j.pocean.2007.08.004,1998-06-08,P-16,49.28,-134.67,3,100,0,MDT,,929.87,,756.83,,514.61,514.61,0.57,4.1,7.6,0.66,,,,,,10.9,32.7
Lipsen & Crawford,9815,North Pacific,"Lipsen et al., 2007",doi: 10.1016/j.pocean.2007.08.004,1998-06-08,P-16,49.28,-134.67,6,55,0.6,MDT,,124.14,,769.77,,274.79,274.79,0.19,4.1,7.5,0.66,,,,,,10.9,32.7
Lipsen & Crawford,9815,North Pacific,"Lipsen et al., 2007",doi: 10.1016/j.pocean.2007.08.004,1998-06-08,P-16,49.28,-134.67,12,30,1.2,MDT,,372.63,,763.34,,,,0.5,4.1,7.6,0.66,,,,,,10.9,32.7
Lipsen & Crawford,9815,North Pacific,"Lipsen et al., 2007",doi: 10.1016/j.pocean.2007.08.004,1998-06-08,P-16,49.28,-134.67,26,10,2.3,MDT,,128.19,,595.98,,244.1,244.1,0.5,4.1,7.6,0.66,,,,,,10.9,32.7
Lipsen & Crawford,9815,North Pacific,"Lipsen et al., 2007",doi: 10.1016/j.pocean.2007.08.004,1998-06-08,P-16,49.28,-134.67,38,3.5,3.35,MDT,,206.89,,223.54,,,,0.22,4.3,7.8,0.67,,,,,,10.6,32.7
Lipsen & Crawford,9815,North Pacific,"Lipsen et al., 2007",doi: 10.1016/j.pocean.2007.08.004,1998-06-08,P-16,49.28,-134.67,52,1,4.61,MDT,,119.5,,121.27,,6,6,0.31,5.9,10.3,0.77,,,,,,8.7,32.7
Lipsen & Crawford,9815,North Pacific,"Lipsen et al., 2007",doi: 10.1016/j.pocean.2007.08.004,1998-06-09,P-20,49.57,-138.67,2,100,0,MDT,,376.2,,265.86,,369.72,369.72,0.23,6.6,10.4,0.81,,,,,,10,32.7
Lipsen & Crawford,9815,North Pacific,"Lipsen et al., 2007",doi: 10.1016/j.pocean.2007.08.004,1998-06-09,P-20,49.57,-138.67,5,55,0.6,MDT,,378.35,,332.35,,209.84,209.84,0.18,6.9,10.4,0.81,,,,,,10,32.7
Lipsen & Crawford,9815,North Pacific,"Lipsen et al., 2007",doi: 10.1016/j.pocean.2007.08.004,1998-06-09,P-20,49.57,-138.67,10,30,1.2,MDT,,516.39,,327.85,,,,0.25,7,10.5,0.81,,,,,,10,32.7
Lipsen & Crawford,9815,North Pacific,"Lipsen et al., 2007",doi: 10.1016/j.pocean.2007.08.004,1998-06-09,P-20,49.57,-138.67,24,10,2.3,MDT,,442.18,,361.08,,100.64,100.64,0.29,6.8,9.8,0.81,,,,,,8.7,32.7
Lipsen & Crawford,9815,North Pacific,"Lipsen et al., 2007",doi: 10.1016/j.pocean.2007.08.004,1998-06-09,P-20,49.57,-138.67,39,3.5,3.35,MDT,,260.2,,80.83,,,,0.25,6.9,13.4,0.86,,,,,,8.1,32.7
Lipsen & Crawford,9815,North Pacific,"Lipsen et al., 2007",doi: 10.1016/j.pocean.2007.08.004,1998-06-09,P-20,49.57,-138.67,58,1,4.61,MDT,,224.97,,,,174.87,172.37,0.29,9.6,14.8,1,,,,,,7,32.7
Lipsen & Crawford,9815,North Pacific,"Lipsen et al., 2007",doi: 10.1016/j.pocean.2007.08.004,1998-06-12,P-26,50,-145,2,100,0,MDT,,621.17,,891.66,,209.84,209.84,0.33,9.9,16.4,1.03,,,,,,9.1,32.7
Lipsen & Crawford,9815,North Pacific,"Lipsen et al., 2007",doi: 10.1016/j.pocean.2007.08.004,1998-06-12,P-26,50,-145,5,55,0.6,MDT,,246.17,,983.23,,322.25,322.25,0.35,9.9,16.1,1.03,,,,,,9.1,32.7
Lipsen & Crawford,9815,North Pacific,"Lipsen et al., 2007",doi: 10.1016/j.pocean.2007.08.004,1998-06-12,P-26,50,-145,9,30,1.2,MDT,,347.82,,597.98,,,,0.35,9.8,16.1,1.03,,,,,,9.1,32.7
Lipsen & Crawford,9815,North Pacific,"Lipsen et al., 2007",doi: 10.1016/j.pocean.2007.08.004,1998-06-12,P-26,50,-145,21,10,2.3,MDT,,100.92,,187.15,,172.37,172.37,0.49,9.4,15.2,1.01,,,,,,8.1,32.7
Lipsen & Crawford,9815,North Pacific,"Lipsen et al., 2007",doi: 10.1016/j.pocean.2007.08.004,1998-06-12,P-26,50,-145,33,3.5,3.35,MDT,,7.19,,82.98,,,,0.4,10,15.7,1.05,,,,,,7,32.7
Lipsen & Crawford,9815,North Pacific,"Lipsen et al., 2007",doi: 10.1016/j.pocean.2007.08.004,1998-06-12,P-26,50,-145,50,1,4.61,MDT,,115.14,,122.05,,59.95,59.95,0.22,11.9,19,1.21,,,,,,6.7,32.7
Lipsen & Crawford,9815,North Pacific,unpublished,,1998-06-16,Z-04,52.65,-145,4,55,0.6,MDT,24,80.5,,540.636,,,,0.18,,,,,,,,,,
Lipsen & Crawford,9815,North Pacific,unpublished,,1998-06-16,Z-04,52.65,-145,9,30,1.2,MDT,24,17.69,,244.924,,,,0.25,9.97,18.17,1.03,,,,,,8.5,32.7
Lipsen & Crawford,9815,North Pacific,unpublished,,1998-06-16,Z-04,52.65,-145,25,10,2.3,MDT,24,50.17,,321.918,,,,0.19,9.97,18.17,1.02,,,,,,8.5,32.7
Lipsen & Crawford,9815,North Pacific,unpublished,,1998-06-16,Z-04,52.65,-145,43,3.5,3.35,MDT,24,11.53,,65.202,,,,0.16,10.36,17.78,1.05,,,,,,6.9,32.7
Lipsen & Crawford,9815,North Pacific,unpublished,,1998-06-16,Z-04,52.65,-145,62,1,4.61,MDT,24,202,,54.75,,,,0.17,12.9,20.32,1.22,,,,,,6.3,32.8
Lipsen & Crawford,9815,North Pacific,unpublished,,1998-06-17,Z-09,55,-145,2,100,0,MDT,24,297.09,,458.847,,,,0.23,9.87,19.74,1.05,,,,,,8.9,32.6
Lipsen & Crawford,9815,North Pacific,unpublished,,1998-06-17,Z-09,55,-145,10,30,1.2,MDT,24,10,,398.35,,,,0.25,9.87,19.93,1.06,,,,,,8.9,32.6
Lipsen & Crawford,9815,North Pacific,unpublished,,1998-06-17,Z-09,55,-145,20,10,2.3,MDT,24,138.21,,602.768,,,,0.32,9.87,19.74,1.05,,,,,,8.9,32.6
Lipsen & Crawford,9815,North Pacific,unpublished,,1998-06-17,Z-09,55,-145,31,3.5,3.35,MDT,24,328.56,,137,,,,0.3,9.97,19.93,1.06,,,,,,8.6,32.6
Lipsen & Crawford,9815,North Pacific,unpublished,,1998-06-17,Z-09,55,-145,45,1,4.61,MDT,24,137.1,,56.086,,,,0.32,12.8,24.23,1.22,,,,,,6.3,32.7
Lipsen & Crawford,9815,North Pacific,unpublished,,1998-06-19,Z-14,57.49,-145.01,6,55,0.6,MDT,24,171.22,,1989.181,,,,0.38,,,,,,,,,,
Lipsen & Crawford,9815,North Pacific,unpublished,,1998-06-19,Z-14,57.49,-145.01,11,30,1.2,MDT,24,60.01,,1820.433,,,,0.75,5.37,10.75,0.8,,,,,,9.7,32.5
Lipsen & Crawford,9815,North Pacific,unpublished,,1998-06-19,Z-14,57.49,-145.01,22,10,2.3,MDT,24,73.68,,841.281,,,,0.59,7.04,11.43,0.91,,,,,,8.7,32.5
Lipsen & Crawford,9815,North Pacific,unpublished,,1998-06-19,Z-14,57.49,-145.01,46,1,4.61,MDT,24,178.08,,149.383,,,,0.35,14.26,22.86,1.35,,,,,,5.4,32.8
Lipsen & Crawford,9815,North Pacific,unpublished,,1998-06-20,Z-19,59.44,-145,2,100,0,MDT,24,229.26,,2626.252,,,,1.45,0,10.07,0.41,,,,,,11.7,31.8
Lipsen & Crawford,9815,North Pacific,unpublished,,1998-06-20,Z-19,59.44,-145,5,55,0.6,MDT,24,366.13,,2311.261,,,,0.75,0,10.46,0.44,,,,,,11.7,31.8
Lipsen & Crawford,9815,North Pacific,unpublished,,1998-06-20,Z-19,59.44,-145,8,30,1.2,MDT,24,204.55,,2945.321,,,,1.14,0.29,10.56,0.52,,,,,,10.9,32
Lipsen & Crawford,9815,North Pacific,unpublished,,1998-06-20,Z-19,59.44,-145,19,10,2.3,MDT,24,77.39,,946.855,,,,1.33,3.32,11.63,0.69,,,,,,8.9,32.3
Lipsen & Crawford,9815,North Pacific,unpublished,,1998-06-20,Z-19,59.44,-145,28,3.5,3.35,MDT,24,74.17,,119.695,,,,0.47,5.77,12.7,0.84,,,,,,8,32.3
Lipsen & Crawford,9815,North Pacific,unpublished,,1998-06-20,Z-19,59.44,-145,39,1,4.61,MDT,24,104.38,,,,,,0.29,6.74,13.58,0.89,,,,,,7.7,32.4
Lipsen & Crawford,9829,North Pacific,"Lipsen et al., 2007",doi: 10.1016/j.pocean.2007.08.004,1998-08-27,P-04,48.65,-126.67,2,100,0,MDT,,77.07,,1480.65,,54.96,49.96,0.41,0,4.1,0.27,,,,,,16.6,32
Lipsen & Crawford,9829,North Pacific,"Lipsen et al., 2007",doi: 10.1016/j.pocean.2007.08.004,1998-08-27,P-04,48.65,-126.67,3,55,0.6,MDT,,27.38,,1725.72,,41.97,38.97,0.21,0,3.9,0.27,,,,,,16.5,32
Lipsen & Crawford,9829,North Pacific,"Lipsen et al., 2007",doi: 10.1016/j.pocean.2007.08.004,1998-08-27,P-04,48.65,-126.67,5,30,1.2,MDT,,36.6,,1586.64,,,,0.19,0,3.9,0.27,,,,,,16.5,32
Lipsen & Crawford,9829,North Pacific,"Lipsen et al., 2007",doi: 10.1016/j.pocean.2007.08.004,1998-08-27,P-04,48.65,-126.67,13,10,2.3,MDT,,9.06,,1394.57,,114.91,114.91,0.3,0,4.1,0.27,,,,,,16.4,32
Lipsen & Crawford,9829,North Pacific,"Lipsen et al., 2007",doi: 10.1016/j.pocean.2007.08.004,1998-08-27,P-04,48.65,-126.67,24,3.5,3.35,MDT,,30.96,,1640.26,,,,0.74,0,3.9,0.26,,,,,,16.4,32
Lipsen & Crawford,9829,North Pacific,"Lipsen et al., 2007",doi: 10.1016/j.pocean.2007.08.004,1998-08-27,P-04,48.65,-126.67,33,1,4.61,MDT,,13.64,,705.76,,71.94,71.94,0.54,0,2.8,0.33,,,,,,13.4,32.1
Lipsen & Crawford,9829,North Pacific,"Lipsen et al., 2007",doi: 10.1016/j.pocean.2007.08.004,1998-08-28,P-12,48.97,-130.67,2,100,0,MDT,,19.59,,913.11,,19.49,14.99,0.12,0,4.5,0.31,,,,,,16.7,32.1
Lipsen & Crawford,9829,North Pacific,"Lipsen et al., 2007",doi: 10.1016/j.pocean.2007.08.004,1998-08-28,P-12,48.97,-130.67,3,55,0.6,MDT,,64.65,,1056.65,,31.48,0,0.1,0,4.3,0.31,,,,,,16.7,32.1
Lipsen & Crawford,9829,North Pacific,"Lipsen et al., 2007",doi: 10.1016/j.pocean.2007.08.004,1998-08-28,P-12,48.97,-130.67,5,30,1.2,MDT,,26.86,,894.77,,,,0.09,0,4.3,0.31,,,,,,16.7,32.1
Lipsen & Crawford,9829,North Pacific,"Lipsen et al., 2007",doi: 10.1016/j.pocean.2007.08.004,1998-08-28,P-12,48.97,-130.67,20,10,2.3,MDT,,7.38,,607.8,,31.48,20.98,0.12,0,3.1,0.34,,,,,,15.6,32.3
Lipsen & Crawford,9829,North Pacific,"Lipsen et al., 2007",doi: 10.1016/j.pocean.2007.08.004,1998-08-28,P-12,48.97,-130.67,31,3.5,3.35,MDT,,36.77,,470.26,,,,0.3,0,3.3,0.38,,,,,,13.1,32.4
Lipsen & Crawford,9829,North Pacific,"Lipsen et al., 2007",doi: 10.1016/j.pocean.2007.08.004,1998-08-28,P-12,48.97,-130.67,45,1,4.61,MDT,,34.84,,247.77,,66.62,56.62,0.51,0.05,2.7,0.43,,,,,,11.4,32.6
Lipsen & Crawford,9829,North Pacific,"Lipsen et al., 2007",doi: 10.1016/j.pocean.2007.08.004,1998-08-30,P-16,49.28,-134.67,3,100,0,MDT,,36.49,,849.22,,164.87,146.14,0.1,0,0.9,0.34,,,,,,16,32.3
Lipsen & Crawford,9829,North Pacific,"Lipsen et al., 2007",doi: 10.1016/j.pocean.2007.08.004,1998-08-30,P-16,49.28,-134.67,6,55,0.6,MDT,,26.86,,888.53,,26.98,14.99,0.1,0,0.9,0.33,,,,,,16,32.3
Lipsen & Crawford,9829,North Pacific,"Lipsen et al., 2007",doi: 10.1016/j.pocean.2007.08.004,1998-08-30,P-16,49.28,-134.67,15,30,1.2,MDT,,42.68,,731.83,,,,0.1,0,0.9,0.33,,,,,,16,32.3
Lipsen & Crawford,9829,North Pacific,"Lipsen et al., 2007",doi: 10.1016/j.pocean.2007.08.004,1998-08-30,P-16,49.28,-134.67,30,10,2.3,MDT,,51.88,,761.22,,324.75,239.82,0.19,0,0.2,0.36,,,,,,12.2,32.3
Lipsen & Crawford,9829,North Pacific,"Lipsen et al., 2007",doi: 10.1016/j.pocean.2007.08.004,1998-08-30,P-16,49.28,-134.67,40,3.5,3.35,MDT,,92.09,,642.06,,,,0.43,0,1.1,0.44,,,,,,10.8,32.4
Lipsen & Crawford,9829,North Pacific,"Lipsen et al., 2007",doi: 10.1016/j.pocean.2007.08.004,1998-08-30,P-16,49.28,-134.67,55,1,4.61,MDT,,88.81,,379.78,,17.99,17.99,0.32,4.5,4.2,0.72,,,,,,9.7,32.4
Lipsen & Crawford,9829,North Pacific,"Lipsen et al., 2007",doi: 10.1016/j.pocean.2007.08.004,1998-08-31,P-20,49.57,-138.67,2,100,0,MDT,,70.47,,851.18,,59.95,32.48,0.12,5.1,9.3,0.75,,,,,,14,32.6
Lipsen & Crawford,9829,North Pacific,"Lipsen et al., 2007",doi: 10.1016/j.pocean.2007.08.004,1998-08-31,P-20,49.57,-138.67,5,55,0.6,MDT,,3.23,,818.9,,124.9,44.97,0.09,5,9.3,0.75,,,,,,14,32.6
Lipsen & Crawford,9829,North Pacific,"Lipsen et al., 2007",doi: 10.1016/j.pocean.2007.08.004,1998-08-31,P-20,49.57,-138.67,10,30,1.2,MDT,,39.56,,830.67,,,,0.09,5,9.5,0.75,,,,,,14,32.6
Lipsen & Crawford,9829,North Pacific,"Lipsen et al., 2007",doi: 10.1016/j.pocean.2007.08.004,1998-08-31,P-20,49.57,-138.67,25,10,2.3,MDT,,52.12,,571.36,,67.45,3.75,0.11,5.2,10,0.76,,,,,,14,32.7
Lipsen & Crawford,9829,North Pacific,"Lipsen et al., 2007",doi: 10.1016/j.pocean.2007.08.004,1998-08-31,P-20,49.57,-138.67,40,3.5,3.35,MDT,,60.95,,514.95,,,,0.2,7.7,12.9,0.92,,,,,,8.6,32.8
Lipsen & Crawford,9829,North Pacific,"Lipsen et al., 2007",doi: 10.1016/j.pocean.2007.08.004,1998-08-31,P-20,49.57,-138.67,60,1,4.61,MDT,,10.48,,157.25,,112.41,0,0.08,9.7,16.5,1.08,,,,,,7.5,32.8
Lipsen & Crawford,9829,North Pacific,"Lipsen et al., 2007",doi: 10.1016/j.pocean.2007.08.004,1998-09-05,P-26,50,-145,2,100,0,MDT,,92.25,,2250.07,,84.93,59.95,0.29,,9.1,0.79,,,,,,12.1,32.6
Lipsen & Crawford,9829,North Pacific,"Lipsen et al., 2007",doi: 10.1016/j.pocean.2007.08.004,1998-09-05,P-26,50,-145,4,55,0.6,MDT,,29.57,,2220.15,,44.97,32.97,0.29,5.7,9.1,0.79,,,,,,12.1,32.6
Lipsen & Crawford,9829,North Pacific,"Lipsen et al., 2007",doi: 10.1016/j.pocean.2007.08.004,1998-09-05,P-26,50,-145,6,30,1.2,MDT,,38.4,,2082.67,,,,0.21,5.7,9.1,0.79,,,,,,12.1,32.6
Lipsen & Crawford,9829,North Pacific,"Lipsen et al., 2007",doi: 10.1016/j.pocean.2007.08.004,1998-09-05,P-26,50,-145,20,10,2.3,MDT,,62.36,,1647.14,,48.71,22.48,0.28,5.6,8.9,0.78,,,,,,12.1,32.6
Lipsen & Crawford,9901,North Pacific,"Lipsen et al., 2007",doi: 10.1016/j.pocean.2007.08.004,1999-02-14,P-12,48.97,-130.67,2,100,0,MDT,,31.41,,398.01,,3,3,0.46,9.05,13.95,0.96,,,,,,7.5,32.3
Lipsen & Crawford,9901,North Pacific,"Lipsen et al., 2007",doi: 10.1016/j.pocean.2007.08.004,1999-02-14,P-12,48.97,-130.67,10,55,0.6,MDT,,26.45,,315.94,,14.99,0,0.43,9,13.95,0.95,,,,,,7.5,32.3
Lipsen & Crawford,9901,North Pacific,"Lipsen et al., 2007",doi: 10.1016/j.pocean.2007.08.004,1999-02-14,P-12,48.97,-130.67,20,30,1.2,MDT,,32.36,,209.3,,,,0.41,8.3,12.2,0.91,,,,,,7.6,32.5
Lipsen & Crawford,9901,North Pacific,"Lipsen et al., 2007",doi: 10.1016/j.pocean.2007.08.004,1999-02-14,P-12,48.97,-130.67,30,10,2.3,MDT,,13.36,,82.98,,33.72,11.24,0.44,8.25,11.5,0.92,,,,,,7.8,32.6
Lipsen & Crawford,9901,North Pacific,"Lipsen et al., 2007",doi: 10.1016/j.pocean.2007.08.004,1999-02-14,P-12,48.97,-130.67,50,3.5,3.35,MDT,,5.73,,60.34,,,,0.38,8.8,11.8,0.95,,,,,,7.8,32.7
Lipsen & Crawford,9901,North Pacific,"Lipsen et al., 2007",doi: 10.1016/j.pocean.2007.08.004,1999-02-14,P-12,48.97,-130.67,80,1,4.61,MDT,,1.41,,10.96,,7.49,3,0.05,15.55,19.95,1.37,,,,,,7.8,33.1
Lipsen & Crawford,9901,North Pacific,"Lipsen et al., 2007",doi: 10.1016/j.pocean.2007.08.004,1999-02-23,P-16,49.28,-134.67,2,100,0,MDT,,11.49,,303.59,,132.4,102.42,0.28,9.2,13.5,0.97,,,,,,6.6,32.8
Lipsen & Crawford,9901,North Pacific,"Lipsen et al., 2007",doi: 10.1016/j.pocean.2007.08.004,1999-02-23,P-16,49.28,-134.67,10,55,0.6,MDT,,12.86,,326.82,,224.83,187.36,0.24,9.4,13.7,0.98,,,,,,6.6,32.8
Lipsen & Crawford,9901,North Pacific,"Lipsen et al., 2007",doi: 10.1016/j.pocean.2007.08.004,1999-02-23,P-16,49.28,-134.67,20,30,1.2,MDT,,24.59,,243.88,,,,0.28,9.4,13.7,0.99,,,,,,6.7,32.8
Lipsen & Crawford,9901,North Pacific,"Lipsen et al., 2007",doi: 10.1016/j.pocean.2007.08.004,1999-02-23,P-16,49.28,-134.67,35,10,2.3,MDT,,15.31,,92.22,,54.33,46.84,0.2,9.5,13.6,1,,,,,,6.6,32.8
Lipsen & Crawford,9901,North Pacific,"Lipsen et al., 2007",doi: 10.1016/j.pocean.2007.08.004,1999-02-23,P-16,49.28,-134.67,50,3.5,3.35,MDT,,6.92,,48.31,,,,0.38,9.4,13.6,0.99,,,,,,6.6,32.8
Lipsen & Crawford,9901,North Pacific,"Lipsen et al., 2007",doi: 10.1016/j.pocean.2007.08.004,1999-02-23,P-16,49.28,-134.67,75,1,4.61,MDT,,3.86,,10.01,,23.98,14.99,0.2,9.4,13.9,1,,,,,,6.6,32.8
Lipsen & Crawford,9901,North Pacific,"Lipsen et al., 2007",doi: 10.1016/j.pocean.2007.08.004,1999-02-20,P-20,49.57,-138.67,2,100,0,MDT,,8.16,,115.8,,37.47,32.48,0.53,10.7,16.1,1.11,,,,,,6.2,32.8
Lipsen & Crawford,9901,North Pacific,"Lipsen et al., 2007",doi: 10.1016/j.pocean.2007.08.004,1999-02-20,P-20,49.57,-138.67,10,55,0.6,MDT,,21.06,,384.94,,59.95,59.95,0.44,10.7,15.9,1.09,,,,,,6.2,32.8
Lipsen & Crawford,9901,North Pacific,"Lipsen et al., 2007",doi: 10.1016/j.pocean.2007.08.004,1999-02-20,P-20,49.57,-138.67,20,30,1.2,MDT,,20.31,,382.14,,,,0.46,10.7,15.6,1.09,,,,,,6.2,32.8
Lipsen & Crawford,9901,North Pacific,"Lipsen et al., 2007",doi: 10.1016/j.pocean.2007.08.004,1999-02-20,P-20,49.57,-138.67,30,10,2.3,MDT,,13.73,,378.17,,44.97,44.97,0.5,10.8,15.6,1.09,,,,,,6.2,32.8
Lipsen & Crawford,9901,North Pacific,"Lipsen et al., 2007",doi: 10.1016/j.pocean.2007.08.004,1999-02-20,P-20,49.57,-138.67,50,3.5,3.35,MDT,,19.13,,344.5,,,,0.52,10.7,15.3,1.07,,,,,,6.2,32.8
Lipsen & Crawford,9901,North Pacific,"Lipsen et al., 2007",doi: 10.1016/j.pocean.2007.08.004,1999-02-20,P-20,49.57,-138.67,75,1,4.61,MDT,,5.82,,72.65,,86.18,82.44,0.47,10.7,15.1,1.07,,,,,,6.2,32.8
Lipsen & Crawford,9901,North Pacific,"Lipsen et al., 2007",doi: 10.1016/j.pocean.2007.08.004,1999-02-18,P-26,50,-145,5,100,0,MDT,,20.52,,314.1,,58.46,56.96,0.41,14.3,19.6,1.3,,,,,,5.2,32.8
Lipsen & Crawford,9901,North Pacific,"Lipsen et al., 2007",doi: 10.1016/j.pocean.2007.08.004,1999-02-18,P-26,50,-145,15,55,0.6,MDT,,26.93,,271.17,,17.99,17.99,0.37,14.3,19.3,1.3,,,,,,5.2,32.8
Lipsen & Crawford,9901,North Pacific,"Lipsen et al., 2007",doi: 10.1016/j.pocean.2007.08.004,1999-02-18,P-26,50,-145,20,30,1.2,MDT,,21.17,,219.42,,,,0.35,14.3,21.4,1.31,,,,,,5.2,32.8
Lipsen & Crawford,9901,North Pacific,"Lipsen et al., 2007",doi: 10.1016/j.pocean.2007.08.004,1999-02-18,P-26,50,-145,35,10,2.3,MDT,,22.26,,199.82,,104.92,89.93,0.36,14.4,21.5,1.3,,,,,,5.2,32.8
Lipsen & Crawford,9901,North Pacific,"Lipsen et al., 2007",doi: 10.1016/j.pocean.2007.08.004,1999-02-18,P-26,50,-145,45,3.5,3.35,MDT,,7.1,,61.96,,,,0.37,14.4,21.1,1.31,,,,,,5.2,32.8
Lipsen & Crawford,9901,North Pacific,"Lipsen et al., 2007",doi: 10.1016/j.pocean.2007.08.004,1999-02-18,P-26,50,-145,60,1,4.61,MDT,,2.6,,37.89,,62.95,59.95,0.38,14.5,20.9,1.3,,,,,,5.2,32.8
Lipsen & Crawford,9910,North Pacific,"Lipsen et al., 2007",doi: 10.1016/j.pocean.2007.08.004,1999-06-23,P-04,48.65,-126.67,2,100,0,MDT,,7.35,,1658.61,,44.97,44.97,0.61,0,1.6,0.17,,,,,,12.1,31.6
Lipsen & Crawford,9910,North Pacific,"Lipsen et al., 2007",doi: 10.1016/j.pocean.2007.08.004,1999-06-23,P-04,48.65,-126.67,5,55,0.6,MDT,,0.26,,1500.99,,67.45,67.45,0.56,0,1.4,0.17,,,,,,12.1,31.6
Lipsen & Crawford,9910,North Pacific,"Lipsen et al., 2007",doi: 10.1016/j.pocean.2007.08.004,1999-06-23,P-04,48.65,-126.67,9,30,1.2,MDT,,5.86,,310,,,,0.55,0,1.6,0.18,,,,,,11.8,31.6
Lipsen & Crawford,9910,North Pacific,"Lipsen et al., 2007",doi: 10.1016/j.pocean.2007.08.004,1999-06-23,P-04,48.65,-126.67,16,10,2.3,MDT,,10.38,,676.61,,202.34,202.34,0.89,0.4,2.3,0.29,,,,,,11.1,31.7
Lipsen & Crawford,9910,North Pacific,"Lipsen et al., 2007",doi: 10.1016/j.pocean.2007.08.004,1999-06-23,P-04,48.65,-126.67,24,3.5,3.35,MDT,,3.52,,513.73,,,,0.71,2,4.3,0.52,,,,,,10,31.9
Lipsen & Crawford,9910,North Pacific,"Lipsen et al., 2007",doi: 10.1016/j.pocean.2007.08.004,1999-06-21,P-12,48.97,-130.67,2,100,0,MDT,,5.91,,902.93,,,,0.33,6.9,11.7,0.73,,,,,,10.1,32.8
Lipsen & Crawford,9910,North Pacific,"Lipsen et al., 2007",doi: 10.1016/j.pocean.2007.08.004,1999-06-21,P-12,48.97,-130.67,18,30,1.2,MDT,,10.37,,310,,,,0.41,6.8,11.3,0.76,,,,,,9.8,32.8
Lipsen & Crawford,9910,North Pacific,"Lipsen et al., 2007",doi: 10.1016/j.pocean.2007.08.004,1999-06-21,P-12,48.97,-130.67,40,10,2.3,MDT,,3.73,,610.64,,6,6,0.94,7.3,11.5,0.78,,,,,,8.7,32.8
Lipsen & Crawford,9910,North Pacific,"Lipsen et al., 2007",doi: 10.1016/j.pocean.2007.08.004,1999-06-21,P-12,48.97,-130.67,53,3.5,3.35,MDT,,0.23,,180.63,,,,0.4,8.2,12.4,0.84,,,,,,7.7,32.9
Lipsen & Crawford,9910,North Pacific,"Lipsen et al., 2007",doi: 10.1016/j.pocean.2007.08.004,1999-06-19,P-16,49.28,-134.67,3,100,0,MDT,,15.25,,232.46,,56.21,56.21,0.13,8.1,11.4,0.88,2019,,,,,8.8,32.7
Lipsen & Crawford,9910,North Pacific,"Lipsen et al., 2007",doi: 10.1016/j.pocean.2007.08.004,1999-06-19,P-16,49.28,-134.67,6,55,0.6,MDT,,2.13,,272.81,,37.47,37.47,0.14,8,11.6,0.87,2027.9,,,,,8.8,32.7
Lipsen & Crawford,9910,North Pacific,"Lipsen et al., 2007",doi: 10.1016/j.pocean.2007.08.004,1999-06-19,P-16,49.28,-134.67,12,30,1.2,MDT,,1.69,,310,,,,0.17,8,11.4,0.88,,,,,,8.7,32.7
Lipsen & Crawford,9910,North Pacific,"Lipsen et al., 2007",doi: 10.1016/j.pocean.2007.08.004,1999-06-19,P-16,49.28,-134.67,26,10,2.3,MDT,,15.94,,86.4,,3,3,0.13,8.2,12,0.88,2027.2,,,,,8.4,32.7
Lipsen & Crawford,9910,North Pacific,"Lipsen et al., 2007",doi: 10.1016/j.pocean.2007.08.004,1999-06-19,P-16,49.28,-134.67,52,1,4.61,MDT,,4.49,,12.79,,20.98,20.98,0.27,8.3,12.2,0.9,2028.2,,,,,8,32.7
Lipsen & Crawford,9910,North Pacific,"Lipsen et al., 2007",doi: 10.1016/j.pocean.2007.08.004,1999-06-18,P-20,49.57,-138.67,2,100,0,MDT,,5.22,,293.49,,59.95,56.96,0.23,9.4,13.5,1.01,2029.4,2229.1,1874.2,141,8.15,8.1,32.7
Lipsen & Crawford,9910,North Pacific,"Lipsen et al., 2007",doi: 10.1016/j.pocean.2007.08.004,1999-06-18,P-20,49.57,-138.67,5,55,0.6,MDT,,8.28,,501.05,,55.46,55.46,0.28,9.4,13.2,1.01,2026,2234.5,1866,146.5,8.16,8.1,32.7
Lipsen & Crawford,9910,North Pacific,"Lipsen et al., 2007",doi: 10.1016/j.pocean.2007.08.004,1999-06-18,P-20,49.57,-138.67,20,30,1.2,MDT,,6.3,,310,,,,0.21,9.4,13.6,1.01,2031.9,2217.5,1884.5,132.1,8.12,8,32.7
Lipsen & Crawford,9910,North Pacific,"Lipsen et al., 2007",doi: 10.1016/j.pocean.2007.08.004,1999-06-18,P-20,49.57,-138.67,35,10,2.3,MDT,,4.23,,306.99,,18.74,18.74,0.29,9.3,13.6,1.01,2043.3,2216.9,1901.9,125,8.09,8,32.7
Lipsen & Crawford,9910,North Pacific,"Lipsen et al., 2007",doi: 10.1016/j.pocean.2007.08.004,1999-06-18,P-20,49.57,-138.67,65,1,4.61,MDT,,3.5,,65.87,,32.97,32.97,0.28,9.4,13.6,1.02,2054.5,2234.5,1909.5,129.1,8.11,7.6,32.7
Lipsen & Crawford,9910,North Pacific,"Lipsen et al., 2007",doi: 10.1016/j.pocean.2007.08.004,1999-06-12,P-26,50,-145,2,100,0,MDT,,24.42,,849.47,,69.95,69.95,0.21,13.2,18.7,1.23,2043.9,2204.9,1909.6,116.8,8.07,7,32.8
Lipsen & Crawford,9910,North Pacific,"Lipsen et al., 2007",doi: 10.1016/j.pocean.2007.08.004,1999-06-12,P-26,50,-145,5,55,0.6,MDT,,3.53,,384.95,,29.98,29.98,0.32,8,11.6,0.87,,,,,,8.8,32.7
Lipsen & Crawford,9910,North Pacific,"Lipsen et al., 2007",doi: 10.1016/j.pocean.2007.08.004,1999-06-12,P-26,50,-145,15,30,1.2,MDT,,10.29,,237.46,,,,0.33,8,11.4,0.88,,,,,,8.7,32.7
Lipsen & Crawford,9910,North Pacific,"Lipsen et al., 2007",doi: 10.1016/j.pocean.2007.08.004,1999-06-12,P-26,50,-145,30,10,2.3,MDT,,16.58,,235.25,,37.47,37.47,0.41,8.1,12,0.89,2051.1,2200.3,1921.7,110.4,8.03,8.2,32.7
Lipsen & Crawford,9910,North Pacific,"Lipsen et al., 2007",doi: 10.1016/j.pocean.2007.08.004,1999-06-12,P-26,50,-145,65,1,4.61,MDT,,22.78,,68.45,,11.24,11.24,0.2,12.2,17.45,1.17,2062.1,2212.9,1932.6,110.8,8.06,6.2,32.8
Lipsen & Crawford,9921,North Pacific,"Lipsen et al., 2007",doi: 10.1016/j.pocean.2007.08.004,1999-08-26,P-04,48.65,-126.67,2,100,0,MDT,,30.95,,1947.24,,49.96,39.97,0.47,0,8.9,0.29,,,,,,15.7,31.9
Lipsen & Crawford,9921,North Pacific,"Lipsen et al., 2007",doi: 10.1016/j.pocean.2007.08.004,1999-08-26,P-04,48.65,-126.67,6,55,0.6,MDT,,12.42,,1573.96,,97.43,29.98,0.38,0,9.5,0.29,,,,,,15.3,31.9
Lipsen & Crawford,9921,North Pacific,"Lipsen et al., 2007",doi: 10.1016/j.pocean.2007.08.004,1999-08-26,P-04,48.65,-126.67,9,30,1.2,MDT,,27.51,,1748.37,,,,0.35,0,9.5,0.28,,,,,,15.3,31.9
Lipsen & Crawford,9921,North Pacific,"Lipsen et al., 2007",doi: 10.1016/j.pocean.2007.08.004,1999-08-26,P-04,48.65,-126.67,16,10,2.3,MDT,,15.87,,997.61,,89.93,29.98,0.51,1,9.5,0.45,,,,,,13.5,32.1
Lipsen & Crawford,9921,North Pacific,"Lipsen et al., 2007",doi: 10.1016/j.pocean.2007.08.004,1999-08-26,P-04,48.65,-126.67,23,3.5,3.35,MDT,,38.07,,856.76,,,,0.46,2,9.5,0.6,,,,,,11.6,32.4
Lipsen & Crawford,9921,North Pacific,"Lipsen et al., 2007",doi: 10.1016/j.pocean.2007.08.004,1999-08-27,P-12,48.97,-130.67,2,100,0,MDT,,4.4,,1168.9,,28.1,5.62,0.32,0.6,7.2,0.42,,,,,,14.6,32.4
Lipsen & Crawford,9921,North Pacific,"Lipsen et al., 2007",doi: 10.1016/j.pocean.2007.08.004,1999-08-27,P-12,48.97,-130.67,6,55,0.6,MDT,,2.72,,1169.93,,59.95,0,0.47,0.6,7.2,0.42,,,,,,14.6,32.4
Lipsen & Crawford,9921,North Pacific,"Lipsen et al., 2007",doi: 10.1016/j.pocean.2007.08.004,1999-08-27,P-12,48.97,-130.67,10,30,1.2,MDT,,23.62,,1134.54,,,,0.39,0.6,7.2,0.42,,,,,,14.6,32.4
Lipsen & Crawford,9921,North Pacific,"Lipsen et al., 2007",doi: 10.1016/j.pocean.2007.08.004,1999-08-27,P-12,48.97,-130.67,20,10,2.3,MDT,,4.58,,816.49,,11.99,3,0.33,3.5,9.1,0.62,,,,,,12.2,32.7
Lipsen & Crawford,9921,North Pacific,"Lipsen et al., 2007",doi: 10.1016/j.pocean.2007.08.004,1999-08-27,P-12,48.97,-130.67,31,3.5,3.35,MDT,,1.36,,273.05,,,,0.27,4.8,9.8,0.73,,,,,,10.6,32.7
Lipsen & Crawford,9921,North Pacific,"Lipsen et al., 2007",doi: 10.1016/j.pocean.2007.08.004,1999-08-29,P-16,49.28,-134.67,3,100,0,MDT,,19.98,,642.28,,39.97,0,0.27,3.1,9,0.58,,,,,,13.1,32.5
Lipsen & Crawford,9921,North Pacific,"Lipsen et al., 2007",doi: 10.1016/j.pocean.2007.08.004,1999-08-29,P-16,49.28,-134.67,6,55,0.6,MDT,,14.71,,735.03,,44.97,7.49,0.26,3.1,9,0.58,,,,,,13.1,32.5
Lipsen & Crawford,9921,North Pacific,"Lipsen et al., 2007",doi: 10.1016/j.pocean.2007.08.004,1999-08-29,P-16,49.28,-134.67,15,30,1.2,MDT,,21.89,,641.15,,,,0.24,3.1,9,0.59,,,,,,13.1,32.5
Lipsen & Crawford,9921,North Pacific,"Lipsen et al., 2007",doi: 10.1016/j.pocean.2007.08.004,1999-08-29,P-16,49.28,-134.67,30,10,2.3,MDT,,12.9,,601.32,,14.99,0,0.29,3.1,9.3,0.58,,,,,,13.1,32.5
Lipsen & Crawford,9921,North Pacific,"Lipsen et al., 2007",doi: 10.1016/j.pocean.2007.08.004,1999-08-29,P-16,49.28,-134.67,40,3.5,3.35,MDT,,0.8,,193.61,,,,0.27,6.9,11.3,0.88,,,,,,9.6,32.7
Lipsen & Crawford,9921,North Pacific,"Lipsen et al., 2007",doi: 10.1016/j.pocean.2007.08.004,1999-08-29,P-16,49.28,-134.67,55,1,4.61,MDT,,1.37,,66.09,,,,0.11,8.3,12.6,1,,,,,,8.1,32.8
Lipsen & Crawford,9921,North Pacific,"Lipsen et al., 2007",doi: 10.1016/j.pocean.2007.08.004,1999-08-30,P-20,49.57,-138.67,2,100,0,MDT,,16.14,,586.13,,,,0.11,7.6,12.7,0.76,,,,,,12.4,32.7
Lipsen & Crawford,9921,North Pacific,"Lipsen et al., 2007",doi: 10.1016/j.pocean.2007.08.004,1999-08-30,P-20,49.57,-138.67,5,55,0.6,MDT,,12.93,,561.47,,3,3,0.11,7.6,12.7,0.76,,,,,,12.4,32.7
Lipsen & Crawford,9921,North Pacific,"Lipsen et al., 2007",doi: 10.1016/j.pocean.2007.08.004,1999-08-30,P-20,49.57,-138.67,10,30,1.2,MDT,,12.21,,515.2,,,,0.12,7.8,12.7,0.79,,,,,,12.4,32.7
Lipsen & Crawford,9921,North Pacific,"Lipsen et al., 2007",doi: 10.1016/j.pocean.2007.08.004,1999-08-30,P-20,49.57,-138.67,25,10,2.3,MDT,,6.15,,240.98,,22.48,22.48,0.12,7.6,12.7,0.8,,,,,,12.3,32.7
Lipsen & Crawford,9921,North Pacific,"Lipsen et al., 2007",doi: 10.1016/j.pocean.2007.08.004,1999-08-30,P-20,49.57,-138.67,60,1,4.61,MDT,,6.21,,43.93,,,,0.13,10.2,16.6,1.05,,,,,,7.8,32.8
Lipsen & Crawford,9921,North Pacific,"Lipsen et al., 2007",doi: 10.1016/j.pocean.2007.08.004,1999-09-02,P-26,50,-145,2,100,0,MDT,,52.37,,1184.32,,127.4,82.44,0.28,11.3,19.7,1.05,2001.6,2201.3,1844.9,142.2,8.08,12.8,32.7
Lipsen & Crawford,9921,North Pacific,"Lipsen et al., 2007",doi: 10.1016/j.pocean.2007.08.004,1999-09-02,P-26,50,-145,10,55,0.6,MDT,,74.45,,1276.74,,84.93,64.95,0.21,11.2,19.5,1.07,2002.3,2202.6,1845.3,142.6,8.08,12.7,32.7
Lipsen & Crawford,9921,North Pacific,"Lipsen et al., 2007",doi: 10.1016/j.pocean.2007.08.004,1999-09-02,P-26,50,-145,15,30,1.2,MDT,,22.62,,1047.83,,,,0.24,11.2,19.5,1.07,,,,,,12.7,32.7
Lipsen & Crawford,9921,North Pacific,"Lipsen et al., 2007",doi: 10.1016/j.pocean.2007.08.004,1999-09-02,P-26,50,-145,30,10,2.3,MDT,,5.07,,603.24,,39.97,19.98,0.28,11.4,19.7,1.08,2025.7,2206.8,1878.5,131,8.04,12.4,32.7
Lipsen & Crawford,9921,North Pacific,"Lipsen et al., 2007",doi: 10.1016/j.pocean.2007.08.004,1999-09-02,P-26,50,-145,40,3.5,3.35,MDT,,12.89,,142.69,,,,0.23,12.1,19.8,1.17,2037.6,2207.5,1897.5,123.1,8.06,9.6,32.8
Lipsen & Crawford,9921,North Pacific,"Lipsen et al., 2007",doi: 10.1016/j.pocean.2007.08.004,1999-09-02,P-26,50,-145,60,1,4.61,MDT,,10.18,,46.73,,11.99,11.99,0.17,13.65,20.2,1.31,2048,2207.9,1914.6,115.8,8.08,6.1,32.9
Lipsen & Crawford,2010,North Pacific,"Lipsen et al., 2007",doi: 10.1016/j.pocean.2007.08.004,2000-06-01,P-04,48.65,-126.67,2,100,0,MDT,,38.09,,3840.8,,354.73,344.74,0.62,0,6.4,0.36,,,,,,11.8,31.9
Lipsen & Crawford,2010,North Pacific,"Lipsen et al., 2007",doi: 10.1016/j.pocean.2007.08.004,2000-06-01,P-04,48.65,-126.67,8,55,0.6,MDT,,35.87,,4217.32,,329.75,329.75,0.67,0,6.4,0.35,,,,,,11.5,31.9
Lipsen & Crawford,2010,North Pacific,"Lipsen et al., 2007",doi: 10.1016/j.pocean.2007.08.004,2000-06-01,P-04,48.65,-126.67,14,30,1.2,MDT,,45.68,,5028.58,,,,0.6,0,6.8,0.35,,,,,,11.4,32
Lipsen & Crawford,2010,North Pacific,"Lipsen et al., 2007",doi: 10.1016/j.pocean.2007.08.004,2000-06-01,P-04,48.65,-126.67,25,10,2.3,MDT,,321.52,,1209.49,,539.59,494.62,0.3,0.4,7.6,0.45,,,,,,10.8,32.5
Lipsen & Crawford,2010,North Pacific,"Lipsen et al., 2007",doi: 10.1016/j.pocean.2007.08.004,2000-06-01,P-04,48.65,-126.67,38,3.5,3.35,MDT,,17.46,,978.28,,,,0.31,4,9.2,0.7,,,,,,9,32.6
Lipsen & Crawford,2010,North Pacific,"Lipsen et al., 2007",doi: 10.1016/j.pocean.2007.08.004,2000-06-03,P-12,48.97,-130.67,2,100,0,MDT,,65.64,,988.89,,31.85,14.99,0.26,6.9,13.2,0.89,,,,,,9.8,32.6
Lipsen & Crawford,2010,North Pacific,"Lipsen et al., 2007",doi: 10.1016/j.pocean.2007.08.004,2000-06-03,P-12,48.97,-130.67,8,55,0.6,MDT,,20.38,,820.92,,26.23,26.23,0.22,6.8,13.1,0.89,,,,,,9.6,32.6
Lipsen & Crawford,2010,North Pacific,"Lipsen et al., 2007",doi: 10.1016/j.pocean.2007.08.004,2000-06-03,P-12,48.97,-130.67,17,30,1.2,MDT,,174.11,,779.22,,,,0.22,6.7,13,0.88,,,,,,9.6,32.6
Lipsen & Crawford,2010,North Pacific,"Lipsen et al., 2007",doi: 10.1016/j.pocean.2007.08.004,2000-06-03,P-12,48.97,-130.67,33,10,2.3,MDT,,74.61,,705.65,,18.74,18.74,0.31,7,13.3,0.9,,,,,,9.5,32.6
Lipsen & Crawford,2010,North Pacific,"Lipsen et al., 2007",doi: 10.1016/j.pocean.2007.08.004,2000-06-03,P-12,48.97,-130.67,51,3.5,3.35,MDT,,116.93,,245.48,,,,0.28,6.8,12.6,0.87,,,,,,8.4,32.7
Lipsen & Crawford,2010,North Pacific,"Lipsen et al., 2007",doi: 10.1016/j.pocean.2007.08.004,2000-06-03,P-12,48.97,-130.67,71,1,4.61,MDT,,16.58,,63.13,,49.96,44.97,0.27,8,13.3,0.95,,,,,,7.9,32.7
Lipsen & Crawford,2010,North Pacific,"Lipsen et al., 2007",doi: 10.1016/j.pocean.2007.08.004,2000-06-04,P-16,49.28,-134.67,2,100,0,MDT,,1.56,,809.52,,71.2,67.45,0.22,8.4,13.1,0.98,,,,,,9.2,32.7
Lipsen & Crawford,2010,North Pacific,"Lipsen et al., 2007",doi: 10.1016/j.pocean.2007.08.004,2000-06-04,P-16,49.28,-134.67,9,55,0.6,MDT,,185.62,,983.55,,26.98,26.98,0.23,8.4,13.1,0.98,,,,,,9.1,32.7
Lipsen & Crawford,2010,North Pacific,"Lipsen et al., 2007",doi: 10.1016/j.pocean.2007.08.004,2000-06-04,P-16,49.28,-134.67,20,30,1.2,MDT,,78.7,,518.5,,,,0.23,8.4,13.1,0.98,,,,,,9,32.7
Lipsen & Crawford,2010,North Pacific,"Lipsen et al., 2007",doi: 10.1016/j.pocean.2007.08.004,2000-06-04,P-16,49.28,-134.67,40,10,2.3,MDT,,6.94,,481.9,,47.46,47.46,0.25,8.7,13.3,1,,,,,,8.1,32.6
Lipsen & Crawford,2010,North Pacific,"Lipsen et al., 2007",doi: 10.1016/j.pocean.2007.08.004,2000-06-04,P-16,49.28,-134.67,50,3.5,3.35,MDT,,28.42,,530.62,,,,0.22,8.7,13.3,1,,,,,,8.1,32.6
Lipsen & Crawford,2010,North Pacific,"Lipsen et al., 2007",doi: 10.1016/j.pocean.2007.08.004,2000-06-04,P-16,49.28,-134.67,80,1,4.61,MDT,,53.05,,72.31,,10.49,10.49,0.18,10,15.5,1.09,,,,,,7.1,32.7
Lipsen & Crawford,2010,North Pacific,"Lipsen et al., 2007",doi: 10.1016/j.pocean.2007.08.004,2000-06-06,P-20,49.57,-138.67,2,100,0,MDT,,32.57,,551.72,,,,0.13,9.8,14.1,1.07,,,,,,8.7,32.6
Lipsen & Crawford,2010,North Pacific,"Lipsen et al., 2007",doi: 10.1016/j.pocean.2007.08.004,2000-06-06,P-20,49.57,-138.67,10,55,0.6,MDT,,7.54,,716.71,,19.49,19.49,0.13,9.8,14.3,1.09,,,,,,8.5,32.7
Lipsen & Crawford,2010,North Pacific,"Lipsen et al., 2007",doi: 10.1016/j.pocean.2007.08.004,2000-06-06,P-20,49.57,-138.67,20,30,1.2,MDT,,8.94,,1007.34,,,,0.16,9.9,14.3,1.09,,,,,,8.3,32.7
Lipsen & Crawford,2010,North Pacific,"Lipsen et al., 2007",doi: 10.1016/j.pocean.2007.08.004,2000-06-06,P-20,49.57,-138.67,40,10,2.3,MDT,,31.86,,431.71,,10.49,10.49,0.2,11.5,17.7,1.18,,,,,,7.3,32.6
Lipsen & Crawford,2010,North Pacific,"Lipsen et al., 2007",doi: 10.1016/j.pocean.2007.08.004,2000-06-06,P-20,49.57,-138.67,50,3.5,3.35,MDT,,19.52,,156.5,,,,0.17,11.7,17.8,1.2,,,,,,6.9,32.7
Lipsen & Crawford,2010,North Pacific,"Lipsen et al., 2007",doi: 10.1016/j.pocean.2007.08.004,2000-06-06,P-20,49.57,-138.67,80,1,4.61,MDT,,2.04,,13.86,,22.48,22.48,0.18,13.7,21.2,1.35,,,,,,5.8,32.7
Lipsen & Crawford,2010,North Pacific,"Lipsen et al., 2007",doi: 10.1016/j.pocean.2007.08.004,2000-06-08,P-26,50,-145,2,100,0,MDT,,81.97,,199.27,,2473.1,2473.1,0.23,13.2,19.9,1.25,2035,2202.9,1897.1,121.1,8.08,7.7,32.7
Lipsen & Crawford,2010,North Pacific,"Lipsen et al., 2007",doi: 10.1016/j.pocean.2007.08.004,2000-06-08,P-26,50,-145,9,55,0.6,MDT,,100.31,,236.34,,2188.32,2188.32,0.25,13.2,20,1.26,2035.3,2194.1,1902.1,115.5,8.06,7.7,32.7
Lipsen & Crawford,2010,North Pacific,"Lipsen et al., 2007",doi: 10.1016/j.pocean.2007.08.004,2000-06-08,P-26,50,-145,20,30,1.2,MDT,,76.46,,264.08,,,,0.23,13.2,20.1,1.26,2035.1,2196.5,1900.6,117.1,8.07,7.6,32.7
Lipsen & Crawford,2010,North Pacific,"Lipsen et al., 2007",doi: 10.1016/j.pocean.2007.08.004,2000-06-08,P-26,50,-145,34,10,2.3,MDT,,27.02,,204.69,,1393.93,1393.93,0.31,13.9,21.4,1.33,,,,,,6.7,32.7
Lipsen & Crawford,2010,North Pacific,"Lipsen et al., 2007",doi: 10.1016/j.pocean.2007.08.004,2000-06-08,P-26,50,-145,50,3.5,3.35,MDT,,26.83,,130.47,,,,0.23,14.3,21.9,1.37,2048.5,2199.9,1919.3,110.8,8.06,6.2,32.7
Lipsen & Crawford,2010,North Pacific,"Lipsen et al., 2007",doi: 10.1016/j.pocean.2007.08.004,2000-06-08,P-26,50,-145,80,1,4.61,MDT,,0.06,,6.57,,35.97,35.97,0.14,16.2,24.4,1.49,2059,2207.1,1931.7,108.6,8.08,4.7,32.7
Lipsen & Crawford,2025,North Pacific,"Lipsen et al., 2007",doi: 10.1016/j.pocean.2007.08.004,2000-09-06,P-04,48.65,-126.67,2,100,0,MDT,,117.13,,1719.95,,159.88,149.89,0.48,0,5.6,0.38,,,,,,15.1,32.1
Lipsen & Crawford,2025,North Pacific,"Lipsen et al., 2007",doi: 10.1016/j.pocean.2007.08.004,2000-09-06,P-04,48.65,-126.67,6,55,0.6,MDT,,217.44,,1961.33,,194.85,194.85,0.52,0,5.6,0.39,,,,,,15,32.1
Lipsen & Crawford,2025,North Pacific,"Lipsen et al., 2007",doi: 10.1016/j.pocean.2007.08.004,2000-09-06,P-04,48.65,-126.67,10,30,1.2,MDT,,146.07,,2043.75,,,,0.53,0,5.8,0.37,,,,,,14.9,32.1
Lipsen & Crawford,2025,North Pacific,"Lipsen et al., 2007",doi: 10.1016/j.pocean.2007.08.004,2000-09-06,P-04,48.65,-126.67,20,10,2.3,MDT,,167.38,,1697.16,,217.33,202.34,0.52,0,5.6,0.38,,,,,,14.9,32.1
Lipsen & Crawford,2025,North Pacific,"Lipsen et al., 2007",doi: 10.1016/j.pocean.2007.08.004,2000-09-06,P-04,48.65,-126.67,30,3.5,3.35,MDT,,96.51,,527.84,,,,0.59,2.9,8.1,0.66,,,,,,12.4,32.3
Lipsen & Crawford,2025,North Pacific,"Lipsen et al., 2007",doi: 10.1016/j.pocean.2007.08.004,2000-09-06,P-04,48.65,-126.67,50,1,4.61,MDT,,11.12,,49.81,,168.62,86.18,0.11,7.3,11.6,0.86,,,,,,8.8,32.6
Lipsen & Crawford,2025,North Pacific,"Lipsen et al., 2007",doi: 10.1016/j.pocean.2007.08.004,2000-09-08,P-12,48.97,-130.67,2,100,0,MDT,,733.86,,1867.23,,2218.3,2203.31,0.7,0.9,6.1,0.44,,,,,,14.8,32.3
Lipsen & Crawford,2025,North Pacific,"Lipsen et al., 2007",doi: 10.1016/j.pocean.2007.08.004,2000-09-08,P-12,48.97,-130.67,6,55,0.6,MDT,,130.77,,1713.72,,2413.15,2278.25,0.68,0.9,6,0.45,,,,,,14.8,32.3
Lipsen & Crawford,2025,North Pacific,"Lipsen et al., 2007",doi: 10.1016/j.pocean.2007.08.004,2000-09-08,P-12,48.97,-130.67,10,30,1.2,MDT,,73.32,,1538.45,,,,0.71,0.95,6.2,0.44,,,,,,14.7,32.3
Lipsen & Crawford,2025,North Pacific,"Lipsen et al., 2007",doi: 10.1016/j.pocean.2007.08.004,2000-09-08,P-12,48.97,-130.67,20,10,2.3,MDT,,217.42,,1282.74,,1768.64,1738.67,0.74,0.95,6.2,0.45,,,,,,14.7,32.3
Lipsen & Crawford,2025,North Pacific,"Lipsen et al., 2007",doi: 10.1016/j.pocean.2007.08.004,2000-09-08,P-12,48.97,-130.67,30,3.5,3.35,MDT,,24.62,,569.91,,,,0.72,5,9.9,0.78,,,,,,11,32.5
Lipsen & Crawford,2025,North Pacific,"Lipsen et al., 2007",doi: 10.1016/j.pocean.2007.08.004,2000-09-08,P-12,48.97,-130.67,50,1,4.61,MDT,,15.41,,197.9,,284.78,224.83,0.29,8.5,13.3,0.96,,,,,,8.2,32.7
Lipsen & Crawford,2025,North Pacific,"Lipsen et al., 2007",doi: 10.1016/j.pocean.2007.08.004,2000-09-09,P-16,49.28,-134.67,2,100,0,MDT,,1030.57,,868.71,,277.29,202.34,0.38,1.8,6.6,0.5,,,,,,14.6,32.4
Lipsen & Crawford,2025,North Pacific,"Lipsen et al., 2007",doi: 10.1016/j.pocean.2007.08.004,2000-09-09,P-16,49.28,-134.67,5,55,0.6,MDT,,581.51,,821.5,,464.64,314.76,0.38,1.8,6.4,0.51,,,,,,14.6,32.4
Lipsen & Crawford,2025,North Pacific,"Lipsen et al., 2007",doi: 10.1016/j.pocean.2007.08.004,2000-09-09,P-16,49.28,-134.67,10,30,1.2,MDT,,589.25,,763.23,,,,0.38,1.9,6.6,0.51,,,,,,14.6,32.4
Lipsen & Crawford,2025,North Pacific,"Lipsen et al., 2007",doi: 10.1016/j.pocean.2007.08.004,2000-09-09,P-16,49.28,-134.67,20,10,2.3,MDT,,325.67,,444.93,,509.61,389.7,0.38,1.9,6.8,0.51,,,,,,14.5,32.4
Lipsen & Crawford,2025,North Pacific,"Lipsen et al., 2007",doi: 10.1016/j.pocean.2007.08.004,2000-09-09,P-16,49.28,-134.67,40,3.5,3.35,MDT,,49.9,,111.02,,,,0.41,7.1,11.7,0.9,,,,,,9.6,32.7
Lipsen & Crawford,2025,North Pacific,"Lipsen et al., 2007",doi: 10.1016/j.pocean.2007.08.004,2000-09-09,P-16,49.28,-134.67,66,1,4.61,MDT,,62.63,,256.25,,146.14,146.14,0.14,9.7,15,1.06,,,,,,7.6,32.7
Lipsen & Crawford,2025,North Pacific,"Lipsen et al., 2007",doi: 10.1016/j.pocean.2007.08.004,2000-09-11,P-20,49.57,-138.67,2,100,0,MDT,,1623.35,,1075.42,,59.95,39.97,0.22,8.2,10.8,0.9,,,,,,13.9,32.6
Lipsen & Crawford,2025,North Pacific,"Lipsen et al., 2007",doi: 10.1016/j.pocean.2007.08.004,2000-09-11,P-20,49.57,-138.67,10,55,0.6,MDT,,999.09,,753.77,,134.9,89.93,0.22,8.3,10.8,0.91,,,,,,13.8,32.6
Lipsen & Crawford,2025,North Pacific,"Lipsen et al., 2007",doi: 10.1016/j.pocean.2007.08.004,2000-09-11,P-20,49.57,-138.67,18,30,1.2,MDT,,642.92,,764.31,,,,0.2,8.2,10.5,0.93,,,,,,13.7,32.6
Lipsen & Crawford,2025,North Pacific,"Lipsen et al., 2007",doi: 10.1016/j.pocean.2007.08.004,2000-09-11,P-20,49.57,-138.67,33,10,2.3,MDT,,49.57,,546,,64.95,44.97,0.26,8.2,10.6,0.92,,,,,,13.6,32.6
Lipsen & Crawford,2025,North Pacific,"Lipsen et al., 2007",doi: 10.1016/j.pocean.2007.08.004,2000-09-11,P-20,49.57,-138.67,48,3.5,3.35,MDT,,835.53,,172.9,,,,0.22,12.9,,1.25,,,,,,6.9,32.7
Lipsen & Crawford,2025,North Pacific,"Lipsen et al., 2007",doi: 10.1016/j.pocean.2007.08.004,2000-09-11,P-20,49.57,-138.67,75,1,4.61,MDT,,287.92,,50.64,,48.71,48.71,0.22,16.5,22.6,1.46,,,,,,5.3,32.7
Lipsen & Crawford,2025,North Pacific,"Lipsen et al., 2007",doi: 10.1016/j.pocean.2007.08.004,2000-09-13,P-26,50,-145,2,100,0,MDT,,1635.67,,1465.8,,554.58,284.78,0.51,5.1,2,0.74,2032.7,2197.7,1893.3,121.5,7.99,13.2,32.6
Lipsen & Crawford,2025,North Pacific,"Lipsen et al., 2007",doi: 10.1016/j.pocean.2007.08.004,2000-09-13,P-26,50,-145,8,55,0.6,MDT,,1.02,,1300.97,,809.38,434.67,0.53,4.9,2.3,0.74,2021.4,2201.3,1874.6,130.4,8.03,13.2,32.6
Lipsen & Crawford,2025,North Pacific,"Lipsen et al., 2007",doi: 10.1016/j.pocean.2007.08.004,2000-09-13,P-26,50,-145,15,30,1.2,MDT,,88.72,,844.86,,,,0.49,5.1,2.3,0.74,2032.2,2202.7,1889.9,124.9,8,13.2,32.6
Lipsen & Crawford,2025,North Pacific,"Lipsen et al., 2007",doi: 10.1016/j.pocean.2007.08.004,2000-09-13,P-26,50,-145,35,10,2.3,MDT,,272.1,,745.36,,397.2,179.86,0.53,5.2,2.3,0.75,,,,,,13.1,32.6
Lipsen & Crawford,2025,North Pacific,"Lipsen et al., 2007",doi: 10.1016/j.pocean.2007.08.004,2000-09-13,P-26,50,-145,44,3.5,3.35,MDT,,408.25,,241.73,,,,0.4,10.8,9.85,1.3,2058.2,2204.7,1930.8,108.3,8.05,6.5,32.7
Lipsen & Crawford,2025,North Pacific,"Lipsen et al., 2007",doi: 10.1016/j.pocean.2007.08.004,2000-09-13,P-26,50,-145,50,1,4.61,MDT,,14.74,,68.86,,138.64,89.93,0.39,13.1,15,1.45,2051.6,2206.5,1920.9,112.8,8.08,5.4,32.7
Loucaides,G. O. Sars 2009,Arctic,unpublished,,2009-05-31,216,69.033,12.283,5,55,0.6,MDT,24,218.33,,5901.67,,151.55,131.47,,,,,,,,,,,
Loucaides,G. O. Sars 2009,Arctic,unpublished,,2009-06-02,220,69.7,10.266,5,55,0.6,MDT,24,198.33,,6213.33,,10.92,10.92,,,,,,,,,,,
Loucaides,G. O. Sars 2009,Arctic,unpublished,,2009-06-02,222,70.75,7.082,5,55,0.6,MDT,24,71.67,,2720.42,,159.45,30.4,,,,,,,,,,,
Loucaides,G. O. Sars 2009,Arctic,unpublished,,2009-06-03,225,72.2,2.384,5,55,0.6,MDT,24,45,,2474.33,,211.8,16.94,,,,,,,,,,,
Loucaides,G. O. Sars 2009,Arctic,unpublished,,2009-06-06,233,75,-4.995,5,55,0.6,MDT,24,10.83,,1875.92,,1.37,0,,,,,,,,,,,
Loucaides,G. O. Sars 2009,Arctic,unpublished,,2009-06-06,237,74.998,-0.993,5,55,0.6,MDT,24,13.33,,1482.75,,0.91,0,,,,,,,,,,,
Loucaides,G. O. Sars 2009,Arctic,unpublished,,2009-06-07,241,75,2.993,5,55,0.6,MDT,24,18.33,,1316.92,,15.01,0,,,,,,,,,,,
Loucaides,G. O. Sars 2009,Arctic,unpublished,,2009-06-09,249,74.499,9.829,5,55,0.6,MDT,24,9.17,,680.5,,55.05,29.12,,,,,,,,,,,
Loucaides,G. O. Sars 2009,Arctic,unpublished,,2009-06-10,253,74.5,13.499,5,55,0.6,MDT,24,94.17,,4089.83,,109.19,86.44,,,,,,,,,,,
Loucaides,G. O. Sars 2009,Arctic,unpublished,,2009-06-15,265,78.801,8.863,5,55,0.6,MDT,24,10.25,,1206.17,,36.85,25.02,,,,,,,,,,,
Loucaides,G. O. Sars 2009,Arctic,unpublished,,2009-06-15,272,79.015,7.162,5,55,0.6,MDT,24,9.75,,1860.42,,27.75,27.75,,,,,,,,,,,
Loucaides,G. O. Sars 2009,Arctic,unpublished,,2009-06-17,276,78.748,2.56,5,55,0.6,MDT,24,8.83,,2741.25,,5.01,4.1,,,,,,,,,,,
Loucaides,G. O. Sars 2009,Arctic,unpublished,,2009-06-17,279,76.999,1.498,5,55,0.6,MDT,24,1.25,,956.67,,,,,,,,,,,,,,
Loucaides,G. O. Sars 2009,Arctic,unpublished,,2009-06-18,284,76.987,-1.53,5,55,0.6,MDT,24,1.67,,2576.92,,,,,,,,,,,,,,
Loucaides,G. O. Sars 2009,Arctic,unpublished,,2009-06-20,290,77,9,5,55,0.6,MDT,24,41.25,,3769.58,,42.77,34.58,,,,,,,,,,,
Loucaides,G. O. Sars 2009,Arctic,unpublished,,2009-06-25,305,74.832,18.102,5,55,0.6,MDT,24,50,,1160,,25.48,22.45,,,,,,,,,,,
Loucaides,G. O. Sars 2009,Arctic,unpublished,,2009-06-26,312,73.491,19.373,5,55,0.6,MDT,24,13.92,,1337.67,,26.84,24.57,,,,,,,,,,,
Loucaides,G. O. Sars 2009,Arctic,unpublished,,2009-06-28,313,73.25,19.402,5,55,0.6,MDT,24,21.5,,1661.58,,55.51,55.51,,,,,,,,,,,
Marañón,Hakon Mosby,North Sea,"Marañón et al., 1997",doi: 10.3354/meps157061,1994-06-24,7,59.499,2.333,3,90,0.11,Diff,24,76.17,0.35,1648.28,625.98,,,,,,,,,,,,,
Marañón,Hakon Mosby,North Sea,"Marañón et al., 1997",doi: 10.3354/meps157061,1994-06-24,8,59.497,1.659,3,90,0.11,Diff,24,509.07,1.15,12108.31,7702.21,,,,,,,,,,,,,
Marañón,Hakon Mosby,North Sea,"Marañón et al., 1997",doi: 10.3354/meps157061,1994-06-24,9,59.501,1,3,90,0.11,Diff,24,54.2,0.47,1453.69,1960.35,,,,,,,,,,,,,
Marañón,Hakon Mosby,North Sea,"Marañón et al., 1997",doi: 10.3354/meps157061,1994-06-25,10,60.839,-0.674,3,90,0.11,Diff,24,74.99,0.27,4114.65,10026.75,,,,,,,,,,,,,
Marañón,Hakon Mosby,North Sea,"Marañón et al., 1997",doi: 10.3354/meps157061,1994-06-25,10,60.839,-0.674,5,10,2.3,Diff,24,122.05,0.35,2873.34,2979.18,,300,,,,,,,,,,,
Marañón,Hakon Mosby,North Sea,"Marañón et al., 1997",doi: 10.3354/meps157061,1994-06-25,10,60.839,-0.674,10,1,4.61,Diff,24,172.11,0.73,2222.39,1179.8,,,,,,,,,,,,,
Marañón,Hakon Mosby,North Sea,"Marañón et al., 1997",doi: 10.3354/meps157061,1994-06-25,12,60.833,1.009,1,90,0.11,Diff,24,328.02,,9725.15,5056.54,,750,,,,,,,,,,,
Marañón,Hakon Mosby,North Sea,"Marañón et al., 1997",doi: 10.3354/meps157061,1994-06-25,12,60.833,1.009,10,9,2.41,Diff,24,156.62,1.21,4165.33,1331.68,,300,,,,,,,,,,,
Marañón,Hakon Mosby,North Sea,"Marañón et al., 1997",doi: 10.3354/meps157061,1994-06-25,12,60.833,1.009,20,2.4,3.73,Diff,24,51.44,,1070.75,1876.06,,10,,,,,,,,,,,
Marañón,Hakon Mosby,North Sea,"Marañón et al., 1997",doi: 10.3354/meps157061,1994-06-26,17,60.505,-0.673,1,90,0.11,Diff,24,194.73,0.18,7277.28,20924.33,,20,,,,,,,,,,,
Marañón,Hakon Mosby,North Sea,"Marañón et al., 1997",doi: 10.3354/meps157061,1994-06-26,17,60.505,-0.673,10,9,2.41,Diff,24,284.48,1.96,2971.4,1985.84,,,,,,,,,,,,,
Marañón,Hakon Mosby,North Sea,"Marañón et al., 1997",doi: 10.3354/meps157061,1994-06-26,17,60.505,-0.673,20,2.4,3.73,Diff,24,94.93,0.31,527.28,1121.71,,,,,,,,,,,,,
Marañón,Hakon Mosby,North Sea,"Marañón et al., 1997",doi: 10.3354/meps157061,1994-06-26,20,60.164,1.002,1,90,0.11,Diff,24,404.62,3.09,19328.16,27932.38,,300,,,,,,,,,,,
Marañón,Hakon Mosby,North Sea,"Marañón et al., 1997",doi: 10.3354/meps157061,1994-06-26,20,60.164,1.002,10,6.6,2.72,Diff,24,260.35,0.9,11948.91,8041.04,,,,,,,,,,,,,
Marañón,Hakon Mosby,North Sea,"Marañón et al., 1997",doi: 10.3354/meps157061,1994-06-26,20,60.164,1.002,20,1.5,4.2,Diff,24,43.55,0,2841.83,5899.34,,450,,,,,,,,,,,
Marañón,Hakon Mosby,North Sea,"Marañón et al., 1997",doi: 10.3354/meps157061,1994-06-27,24,59.837,0.002,1,90,0.11,Diff,24,197.11,1.07,40229.64,2910.94,,20,,,,,,,,,,,
Marañón,Hakon Mosby,North Sea,"Marañón et al., 1997",doi: 10.3354/meps157061,1994-06-27,24,59.837,0.002,10,3.5,3.35,Diff,24,68.64,0.11,20299.83,2536.05,,,,,,,,,,,,,
Marañón,Hakon Mosby,North Sea,"Marañón et al., 1997",doi: 10.3354/meps157061,1994-06-27,24,59.837,0.002,20,0.5,5.3,Diff,24,139.08,1.14,3143.71,3687.9,,,,,,,,,,,,,
Marañón,Hakon Mosby,North Sea,"Marañón et al., 1997",doi: 10.3354/meps157061,1994-06-27,25,59.837,0.701,1,90,0.11,Diff,24,751.54,1.4,4999.65,4858.13,,6000,,,,,,,,,,,
Marañón,Hakon Mosby,North Sea,"Marañón et al., 1997",doi: 10.3354/meps157061,1994-06-27,25,59.837,0.701,5,21,1.56,Diff,24,884.77,1.61,5901.58,4966.17,,6900,,,,,,,,,,,
Marañón,Hakon Mosby,North Sea,"Marañón et al., 1997",doi: 10.3354/meps157061,1994-06-27,25,59.837,0.701,10,8,2.53,Diff,24,362.94,2.03,2000.41,2389.94,,4500,,,,,,,,,,,
Marañón,Hakon Mosby,North Sea,"Marañón et al., 1997",doi: 10.3354/meps157061,1994-06-27,25,59.837,0.701,20,1.2,4.42,Diff,24,79.57,0.44,864.06,264.76,,3600,,,,,,,,,,,
Marañón,Hakon Mosby,North Sea,"Marañón et al., 1997",doi: 10.3354/meps157061,1994-06-27,25,59.837,0.701,40,0.07,7.26,Diff,24,239.93,,2005.77,,,900,,,,,,,,,,,
Marañón,Hakon Mosby,North Sea,"Marañón et al., 1997",doi: 10.3354/meps157061,1994-06-28,26,59.832,0.7,1,90,0.11,Diff,24,1323.6,1.71,6003.65,295.93,,1200,,,,,,,,,,,
Marañón,Hakon Mosby,North Sea,"Marañón et al., 1997",doi: 10.3354/meps157061,1994-06-28,26,59.832,0.7,10,9,2.41,Diff,24,1015.85,1.13,3114.58,3321.34,,5100,,,,,,,,,,,
Marañón,Hakon Mosby,North Sea,"Marañón et al., 1997",doi: 10.3354/meps157061,1994-06-28,26,59.832,0.7,20,2.4,3.73,Diff,24,323.8,0.5,1170.22,3122.58,,3750,,,,,,,,,,,
Marañón,Hakon Mosby,North Sea,"Marañón et al., 1997",doi: 10.3354/meps157061,1994-06-30,27,59.779,0.786,3,90,0.11,Diff,24,183.87,0.06,2818.78,2243.79,,4500,,,,,,,,,,,
Marañón,Hakon Mosby,North Sea,"Marañón et al., 1997",doi: 10.3354/meps157061,1994-06-30,28,59.77,0.833,3,90,0.11,Diff,24,213.16,0.44,3316.77,6460.45,,2700,,,,,,,,,,,
Marañón,Hakon Mosby,North Sea,"Marañón et al., 1997",doi: 10.3354/meps157061,1994-06-30,29,59.778,0.878,3,90,0.11,Diff,24,180.71,0.72,4523.01,10923.5,,900,,,,,,,,,,,
Marañón,Hakon Mosby,North Sea,"Marañón et al., 1997",doi: 10.3354/meps157061,1994-06-30,30,59.779,0.841,3,90,0.11,Diff,24,276.3,1.46,4216.64,2424.5,,20,,,,,,,,,,,
Marañón,Hakon Mosby,North Sea,"Marañón et al., 1997",doi: 10.3354/meps157061,1994-06-30,31,59.782,1.031,3,90,0.11,Diff,24,176.05,0.36,7449.94,28199.57,,,,,,,,,,,,,
Marañón,Hakon Mosby,North Sea,"Marañón et al., 1997",doi: 10.3354/meps157061,1994-07-01,32,59.687,0.732,1,90,0.11,Diff,24,248.32,1.11,4758.86,3666.08,,3300,,,,,,,,,,,
Marañón,Hakon Mosby,North Sea,"Marañón et al., 1997",doi: 10.3354/meps157061,1994-07-01,32,59.687,0.732,5,16,1.83,Diff,24,163.14,0.91,3631.3,2761.33,,900,,,,,,,,,,,
Marañón,Hakon Mosby,North Sea,"Marañón et al., 1997",doi: 10.3354/meps157061,1994-07-01,32,59.687,0.732,10,7,2.66,Diff,24,238.87,0.29,2217.88,1589.19,,1950,,,,,,,,,,,
Marañón,Hakon Mosby,North Sea,"Marañón et al., 1997",doi: 10.3354/meps157061,1994-07-01,32,59.687,0.732,20,1.5,4.2,Diff,24,221.99,,936.48,322.76,,900,,,,,,,,,,,
Marañón,Hakon Mosby,North Sea,"Marañón et al., 1997",doi: 10.3354/meps157061,1994-07-01,32,59.687,0.732,40,0.1,6.91,Diff,24,37.23,,538.09,480.23,,310,,,,,,,,,,,
Marañón,Hakon Mosby,North Sea,"Marañón et al., 1997",doi: 10.3354/meps157061,1994-07-02,34,59.667,0.601,3,90,0.11,Diff,24,37.46,,2035.32,,,600,,,,,,,,,,,
Marañón,Hakon Mosby,North Sea,"Marañón et al., 1997",doi: 10.3354/meps157061,1994-07-02,35,59.682,0.631,3,90,0.11,Diff,24,57.88,0.17,3890.73,2532.2,,300,,,,,,,,,,,
Marañón,Hakon Mosby,North Sea,"Marañón et al., 1997",doi: 10.3354/meps157061,1994-07-02,38,59.717,0.696,3,90,0.11,Diff,24,602.79,,2475.91,1455.54,,2730,,,,,,,,,,,
Marañón,Hakon Mosby,North Sea,"Marañón et al., 1997",doi: 10.3354/meps157061,1994-07-02,39,59.731,0.719,3,90,0.11,Diff,24,324.23,2.99,2438.37,1395.66,,3200,,,,,,,,,,,
Marañón,Malaspina,Cádiz-Río,"Marañón et al., 2016",doi: 10.1002/lno.10295,2010-12-19,b1,26.683,-17.288,3,100,0,MDT,24,3.01,0.02,47.2,18.72,3.9,,0.15,0.6,,0.01,,,1862.9,225.5,8.09,21.2,36.9
Marañón,Malaspina,Cádiz-Río,"Marañón et al., 2016",doi: 10.1002/lno.10295,2010-12-19,b1,26.683,-17.288,28,20,1.61,MDT,24,3.25,0.02,51.62,109.54,4.1,,,,,,,,1873.5,223,8.03,,36
Marañón,Malaspina,Cádiz-Río,"Marañón et al., 2016",doi: 10.1002/lno.10295,2010-12-23,b2,21.45,-23.454,3,100,0,MDT,24,2.24,0.01,154.65,735.63,5.94,,0.14,0.32,,0.08,,,1825.6,244.6,8.07,25.1,37
Marañón,Malaspina,Cádiz-Río,"Marañón et al., 2016",doi: 10.1002/lno.10295,2010-12-23,b2,21.45,-23.454,31,20,1.61,MDT,24,1.41,,252.3,327.76,7.65,,,0.24,0.72,,,,1843,236.9,8.06,24.8,37
Marañón,Malaspina,Cádiz-Río,"Marañón et al., 2016",doi: 10.1002/lno.10295,2010-12-23,b2,21.45,-23.454,88,1,4.61,MDT,24,1.23,0,107.31,72.94,5.13,,,0.75,1.06,0.11,,,1908.4,209.8,8.08,19.4,36.6
Marañón,Malaspina,Cádiz-Río,"Marañón et al., 2016",doi: 10.1002/lno.10295,2010-12-26,b3,14.522,-26.01,3,100,0,MDT,24,3.25,0.01,134.39,30.22,7.26,,0.2,0.47,,0.04,,,1765.7,249.9,8.08,26.7,36.3
Marañón,Malaspina,Cádiz-Río,"Marañón et al., 2016",doi: 10.1002/lno.10295,2010-12-26,b3,14.522,-26.01,25,20,1.61,MDT,24,4.87,0.01,242.22,776.98,8.91,,,0.35,,0.07,,,1755.4,253.4,8.09,26.2,36.3
Marañón,Malaspina,Cádiz-Río,"Marañón et al., 2016",doi: 10.1002/lno.10295,2010-12-26,b3,14.522,-26.01,65,1,4.61,MDT,24,4.48,0.01,131.57,387.44,8.48,,,8.45,,0.79,,,1981,160.6,7.93,20.4,36.3
Marañón,Malaspina,Cádiz-Río,"Marañón et al., 2016",doi: 10.1002/lno.10295,2010-12-29,b4,7.327,-26.008,3,100,0,MDT,24,5.31,0.03,186.7,630.69,17.57,,0.24,0.34,1.55,0.02,,,1710.5,246.9,8.07,28.3,35.4
Marañón,Malaspina,Cádiz-Río,"Marañón et al., 2016",doi: 10.1002/lno.10295,2010-12-29,b4,7.327,-26.008,24,20,1.61,MDT,24,6.81,0.07,309.77,1455.47,14.25,,,0.29,1.5,0.01,,,1701.5,248.9,8.08,27.8,35.4
Marañón,Malaspina,Cádiz-Río,"Marañón et al., 2016",doi: 10.1002/lno.10295,2010-12-29,b4,7.327,-26.008,55,1,4.61,MDT,24,0.62,0,219.82,242.35,8.63,,,1.08,2.45,0.07,,,1876.7,199.7,8,23.8,36.1
Marañón,Malaspina,Cádiz-Río,"Marañón et al., 2016",doi: 10.1002/lno.10295,2011-01-01,b5,0.18,-26.004,3,100,0,MDT,24,9.82,0.02,550.43,976.97,26.64,,0.17,2.25,0.06,0.17,,,1798,233.5,8.04,26.5,36.1
Marañón,Malaspina,Cádiz-Río,"Marañón et al., 2016",doi: 10.1002/lno.10295,2011-01-01,b5,0.18,-26.004,22,20,1.61,MDT,24,28.02,0.19,1103.84,1214.8,32.18,,,5.09,0.4,0.22,,,1770.8,232.2,8.05,26.5,36.1
Marañón,Malaspina,Cádiz-Río,"Marañón et al., 2016",doi: 10.1002/lno.10295,2011-01-01,b5,0.18,-26.004,62,1,4.61,MDT,24,5.73,0,203.48,199.77,34.56,,,2.78,0.11,0.19,,,1805.2,231.2,8.04,26.4,36.1
Marañón,Malaspina,Cádiz-Río,"Marañón et al., 2016",doi: 10.1002/lno.10295,2011-01-04,b6,-7.28,-29.349,3,100,0,MDT,24,2.92,,35.64,74.1,6.57,,0.07,0.08,1.15,0.13,,,1793.3,245.9,8,30.9,35.8
Marañón,Malaspina,Cádiz-Río,"Marañón et al., 2016",doi: 10.1002/lno.10295,2011-01-04,b6,-7.28,-29.349,46,20,1.61,MDT,24,3.39,,146.22,231.26,4.43,,,0.08,1.1,0.1,,,1802.2,242.1,8.05,27.1,36.5
Marañón,Malaspina,Cádiz-Río,"Marañón et al., 2016",doi: 10.1002/lno.10295,2011-01-07,b7,-13.706,-32.382,3,100,0,MDT,24,3.14,0.01,45.52,55.44,5.02,,0.05,0.12,,0.13,,,1801.7,257.6,8.06,27.4,37.1
Marañón,Malaspina,Cádiz-Río,"Marañón et al., 2016",doi: 10.1002/lno.10295,2011-01-07,b7,-13.706,-32.382,47,20,1.61,MDT,24,5.2,0.02,63.06,263.34,8.58,,,,,0.11,,,1813.1,251.7,8.09,25,37
Marañón,Malaspina,Cádiz-Río,"Marañón et al., 2016",doi: 10.1002/lno.10295,2011-01-10,b8,-21.092,-35.985,3,100,0,MDT,24,2.78,0.01,153.41,422.68,3.93,,0.12,1.59,,0.11,,,1805.3,255.8,8.06,27.4,37
Marañón,Malaspina,Cádiz-Río,"Marañón et al., 2016",doi: 10.1002/lno.10295,2011-01-10,b8,-21.092,-35.985,45,20,1.61,MDT,24,3.05,0,190.26,259.05,7.84,,,1.55,,0.13,,,1816.9,248.8,8.07,25.8,37
Marañón,Malaspina,Cádiz-Río,"Marañón et al., 2016",doi: 10.1002/lno.10295,2011-01-10,b8,-21.092,-35.985,125,1,4.61,MDT,24,3.39,0,95.66,98.63,5.16,,,,,0.23,,,1850.2,233.7,8.09,22.4,36.9
Marañón,Malaspina,Río-C.Town,"Marañón et al., 2016",doi: 10.1002/lno.10295,2011-01-21,b9,-25.42,-30.07,3,100,0,MDT,24,3.05,0.01,90.8,32.76,5.4,,0.07,0.35,0.93,0.04,,,1820.8,242.2,8.06,26,36.6
Marañón,Malaspina,Río-C.Town,"Marañón et al., 2016",doi: 10.1002/lno.10295,2011-01-21,b9,-25.42,-30.07,38,20,1.61,MDT,24,7.18,0.02,398.89,667.4,2.69,,,0.19,0.71,0.04,,,1812.3,244.1,8.07,25.5,36.6
Marañón,Malaspina,Río-C.Town,"Marañón et al., 2016",doi: 10.1002/lno.10295,2011-01-21,b9,-25.42,-30.07,120,1,4.61,MDT,24,3.55,0.01,140.95,186.99,2.93,,,0.18,1.03,0.08,,,1866.9,219.2,8.09,20.2,36.4
Marañón,Malaspina,Río-C.Town,"Marañón et al., 2016",doi: 10.1002/lno.10295,2011-01-24,b10,-26.94,-21.43,3,100,0,MDT,24,2.26,0.01,131.61,260.48,3.42,,0.05,0.2,1.49,0.1,,,1853.4,219.2,8.04,23.9,36.2
Marañón,Malaspina,Río-C.Town,"Marañón et al., 2016",doi: 10.1002/lno.10295,2011-01-24,b10,-26.94,-21.43,39,20,1.61,MDT,24,5.01,0.01,158.69,201.32,4.2,,,0.07,1.4,0.1,,,1864.2,214.6,8.05,22.7,36.3
Marañón,Malaspina,Río-C.Town,"Marañón et al., 2016",doi: 10.1002/lno.10295,2011-01-24,b10,-26.94,-21.43,125,1,4.61,MDT,24,4.09,0.01,137.49,310.96,2.34,,,0.65,1.45,0.2,,,1899.2,194.4,8.08,17.6,35.9
Marañón,Malaspina,Río-C.Town,"Marañón et al., 2016",doi: 10.1002/lno.10295,2011-01-27,b11,-28.65,-11.82,3,100,0,MDT,24,1.98,,132.49,180.78,2.63,,0.05,0.29,1.02,0.14,,,1877.5,215.8,8.03,23.7,36.4
Marañón,Malaspina,Río-C.Town,"Marañón et al., 2016",doi: 10.1002/lno.10295,2011-01-27,b11,-28.65,-11.82,46,20,1.61,MDT,24,3.45,0.01,168.33,69.65,3.81,,,0.44,0.84,0.1,,,1864.5,219.1,8.06,22.8,36.4
Marañón,Malaspina,Río-C.Town,"Marañón et al., 2016",doi: 10.1002/lno.10295,2011-01-27,b11,-28.65,-11.82,135,1,4.61,MDT,24,4.74,0.01,146.86,370.75,3.45,,,0.46,1.08,0.18,,,1895.4,199.2,8.08,18.1,36
Marañón,Malaspina,Río-C.Town,"Marañón et al., 2016",doi: 10.1002/lno.10295,2011-02-01,b12,-31.3,-3.72,3,100,0,MDT,24,5.67,0.02,165.61,240.19,6.62,,0.04,0.34,1.31,0.11,,,1858,204.7,8.05,21.6,35.8
Marañón,Malaspina,Río-C.Town,"Marañón et al., 2016",doi: 10.1002/lno.10295,2011-02-01,b12,-31.3,-3.72,25,20,1.61,MDT,24,12.63,,188.55,28.2,4.06,,,0.06,1.13,0.12,,,1842.6,208.4,8.08,20.5,35.7
Marañón,Malaspina,Río-C.Town,"Marañón et al., 2016",doi: 10.1002/lno.10295,2011-02-01,b12,-31.3,-3.72,70,1,4.61,MDT,24,9.17,,84.28,458.25,13.31,,,5.76,2.42,0.28,,,1891.7,183.4,8.09,16.1,35.5
Marañón,Malaspina,Río-C.Town,"Marañón et al., 2016",doi: 10.1002/lno.10295,2011-02-03,b13,-32.23,9.35,3,100,0,MDT,24,5.79,0.04,153.3,12.83,5.6,,0.06,0.3,1.1,0.08,,,1853.2,207.3,8.06,21.3,35.8
Marañón,Malaspina,C.Town-Sydney,"Marañón et al., 2016",doi: 10.1002/lno.10295,2011-02-13,b14,-35.55,35.14,3,100,0,MDT,24,35.15,0.04,848.81,2425.03,23.88,,0.17,0.36,0.94,0.02,,,1948,156.9,7.9,22.9,35.4
Marañón,Malaspina,C.Town-Sydney,"Marañón et al., 2016",doi: 10.1002/lno.10295,2011-02-13,b14,-35.55,35.14,40,20,1.61,MDT,24,38.79,0.16,971.6,2494.6,52.27,,,0.57,1.72,,,,,,,,
Marañón,Malaspina,C.Town-Syd,"Marañón et al., 2016",doi: 10.1002/lno.10295,2011-02-16,b15,-34.1,33.43,3,100,0,MDT,24,15.8,0.08,238.46,1114.34,5.44,,0.09,0.51,1.19,0,,,1783.9,224.1,8.08,23.4,35.7
Marañón,Malaspina,C.Town-Syd,"Marañón et al., 2016",doi: 10.1002/lno.10295,2011-02-16,b15,-34.1,33.43,30,20,1.61,MDT,24,9.38,0.07,213.42,237.92,3.95,,,,,,,,1787,223.6,8.08,23.3,35.6
Marañón,Malaspina,C.Town-Syd,"Marañón et al., 2016",doi: 10.1002/lno.10295,2011-02-19,b16,-33.19,43.25,3,100,0,MDT,24,13.54,0.12,294.28,221.55,4.43,,0.11,0.37,1.38,0,,,1775,225.1,8.08,23.7,35.5
Marañón,Malaspina,C.Town-Syd,"Marañón et al., 2016",doi: 10.1002/lno.10295,2011-02-19,b16,-33.19,43.25,28,20,1.61,MDT,24,35.13,0.36,308.43,178.47,,,,0.36,1.28,0.04,,,1775.7,227.2,8.09,23.3,35.5
Marañón,Malaspina,C.Town-Syd,"Marañón et al., 2016",doi: 10.1002/lno.10295,2011-02-19,b16,-33.19,43.25,110,1,4.61,MDT,24,6.95,0,172.87,167.49,10.92,,,8.93,3.67,0.29,,,1857,192.8,8.04,20.5,35.5
Marañón,Malaspina,C.Town-Syd,"Marañón et al., 2016",doi: 10.1002/lno.10295,2011-02-26,b17,-28.13,66.49,3,100,0,MDT,24,19.17,,133.64,108.23,3.17,,0.08,0.37,1.03,0.02,,,1765.8,226.4,8.06,25.8,35.4
Marañón,Malaspina,C.Town-Syd,"Marañón et al., 2016",doi: 10.1002/lno.10295,2011-02-26,b17,-28.13,66.49,40,20,1.61,MDT,24,16.88,0.07,127.63,279.71,4.55,,,0,0.72,0.02,,,1791.2,220.6,8.05,24.9,35.5
Marañón,Malaspina,C.Town-Syd,"Marañón et al., 2016",doi: 10.1002/lno.10295,2011-03-01,b17,-29.9,76.09,50,20,1.61,MDT,24,3.27,0.01,73.15,104.67,3.14,,,0.38,0.84,0.07,,,1829.6,210.4,8.04,23.7,35.9
Marañón,Malaspina,C.Town-Syd,"Marañón et al., 2016",doi: 10.1002/lno.10295,2011-03-07,b17,-29.57,96.4,3,100,0,MDT,24,1.09,,21.14,96.84,6.4,,,0.19,1.55,0.02,,,1816.4,215.7,8.08,22.2,35.8
Marañón,Malaspina,C.Town-Syd,"Marañón et al., 2016",doi: 10.1002/lno.10295,2011-03-10,b18,-30.81,107.23,3,100,0,MDT,24,3.75,0.03,212.85,730.26,2.34,,0.1,0,1.03,0.04,,,1781.6,225.4,8.09,23.4,35.5
Marañón,Malaspina,C.Town-Syd,"Marañón et al., 2016",doi: 10.1002/lno.10295,2011-03-10,b18,-30.81,107.23,35,20,1.61,MDT,24,19.05,0.18,280.68,453.78,,,,0.13,1.34,0.02,,,1778.4,225.4,8.09,23,35.5
Marañón,Malaspina,C.Town-Syd,"Marañón et al., 2016",doi: 10.1002/lno.10295,2011-03-10,b18,-30.81,107.23,100,1,4.61,MDT,24,3.92,0.03,140.17,389.83,4.83,,,0.45,1.51,0.15,,,1830.2,209.3,8.1,19.7,35.7
Marañón,Malaspina,C.Town-Syd,"Marañón et al., 2016",doi: 10.1002/lno.10295,2011-03-22,b19,-37.82,127.73,3,100,0,MDT,24,1.8,0.01,103.22,224.46,14.12,,0.1,0.22,0.1,0.08,,,1857,190.3,8.09,17.9,35.2
Marañón,Malaspina,C.Town-Syd,"Marañón et al., 2016",doi: 10.1002/lno.10295,2011-03-22,b19,-37.82,127.73,38,20,1.61,MDT,24,2.85,0,97.11,226.14,14.32,,,0.09,0,0.06,,,1858.7,190.3,8.09,17.5,35.2
Marañón,Malaspina,C.Town-Syd,"Marañón et al., 2016",doi: 10.1002/lno.10295,2011-03-22,b19,-37.82,127.73,65,1,4.61,MDT,24,4.84,0.01,72.13,238.67,9.7,,,0.31,0.38,0.12,,,1886.5,178.8,8.11,14.5,35.2
Marañón,Malaspina,C.Town-Syd,"Marañón et al., 2016",doi: 10.1002/lno.10295,2011-03-23,b20,-38.58,131.51,3,100,0,MDT,24,6.58,0.02,142.89,228.92,3.62,,,0.19,0.06,0.18,,,,,,,
Marañón,Malaspina,C.Town-Syd,"Marañón et al., 2016",doi: 10.1002/lno.10295,2011-03-23,b20,-38.58,131.51,40,20,1.61,MDT,24,1.1,,152.97,185.75,5.12,,,0.17,0,0.13,,,,,,,
Marañón,Malaspina,C.Town-Syd,"Marañón et al., 2016",doi: 10.1002/lno.10295,2011-03-23,b20,-38.58,131.51,70,1,4.61,MDT,24,1.26,0,72.77,300.15,5.03,,,0.72,0.13,0.2,,,,,,,
Marañón,Malaspina,Auck-Hono,"Marañón et al., 2016",doi: 10.1002/lno.10295,2011-04-24,b21,-13.53,-173.37,3,100,0,MDT,24,7.35,0,158.04,,2.58,,0.06,0.07,0.18,0.09,,,1660.7,245.3,8.07,29.5,34.4
Marañón,Malaspina,Auck-Hono,"Marañón et al., 2016",doi: 10.1002/lno.10295,2011-05-03,b22,7,-164.37,3,100,0,MDT,24,8.43,0.03,544.76,,15.51,,0.27,0.48,0.86,0.03,,,1762.5,220,8.02,28,35
Marañón,Malaspina,Auck-Hono,"Marañón et al., 2016",doi: 10.1002/lno.10295,2011-05-03,b22,7,-164.37,30,20,1.61,MDT,24,4.62,0.01,523.76,,17.18,,,,0.8,0.02,,,2005.3,114.4,7.68,27.6,35
Marañón,Malaspina,Auck-Hono,"Marañón et al., 2016",doi: 10.1002/lno.10295,2011-05-03,b22,7,-164.37,80,1,4.61,MDT,24,3.57,0.01,117.5,,20.38,,,,2.08,0.18,,,1765.8,219.8,8.02,27.5,35
Marañón,Malaspina,Auck-Hono,"Marañón et al., 2016",doi: 10.1002/lno.10295,2011-05-06,b23,15,-160.82,3,100,0,MDT,24,2.89,0.01,58.44,,4.91,,0.11,0.3,0.44,0.04,,,1723.6,226.1,8.06,26.8,34.5
Marañón,Malaspina,Auck-Hono,"Marañón et al., 2016",doi: 10.1002/lno.10295,2011-05-06,b23,15,-160.82,140,1,4.61,MDT,24,1.59,0,64.04,,2.6,,,2.8,2.86,0.25,,,1834.3,187.8,8.03,20.9,35.1
Marañón,Malaspina,Hono-C.Indias,"Marañón et al., 2016",doi: 10.1002/lno.10295,2011-05-23,b24,17.4,-130.6,3,100,0,MDT,24,32.08,0.04,169.48,28.44,10.28,,0.15,0.1,,0.12,,,1786.3,211.3,8.07,23.1,34.7
Marañón,Malaspina,Hono-C.Indias,"Marañón et al., 2016",doi: 10.1002/lno.10295,2011-05-24,b25,16.6,-127.5,3,100,0,MDT,24,19.33,0.02,185.84,457.68,16.28,,0.21,0.04,0.81,0.15,,,1773.5,214.8,8.08,23.2,34.7
Marañón,Malaspina,Hono-C.Indias,"Marañón et al., 2016",doi: 10.1002/lno.10295,2011-05-24,b25,16.6,-127.5,57,1,4.61,MDT,24,5.66,,207.16,15.7,12.04,,,0.09,0.34,0.07,,,1825.4,199.9,8.07,20.8,34.7
Marañón,Malaspina,Hono-C.Indias,"Marañón et al., 2016",doi: 10.1002/lno.10295,2011-05-28,b26,13.8,-115.8,3,100,0,MDT,24,17.4,,164.3,294.04,4.56,,0.19,0.16,0.29,0.05,,,1658.7,212,8.05,26.7,34.2
Marañón,Malaspina,Hono-C.Indias,"Marañón et al., 2016",doi: 10.1002/lno.10295,2011-05-28,b26,13.8,-115.8,90,1,4.61,MDT,24,5.23,0.03,106.26,169.54,3.21,,,29.53,18.68,2.05,,,2084.1,56.6,7.6,12.4,34.8
Marañón,Malaspina,Hono-C.Indias,"Marañón et al., 2016",doi: 10.1002/lno.10295,2011-05-30,b27,12.5,-110.4,3,100,0,MDT,24,6.29,,47.23,,8.49,,0.31,0.24,0.74,0.21,,,1691.8,225.8,8.04,29.2,34.2
Marañón,Malaspina,Hono-C.Indias,"Marañón et al., 2016",doi: 10.1002/lno.10295,2011-05-30,b27,12.5,-110.4,125,1,4.61,MDT,24,0.96,,15.66,116.72,7.49,,,38.86,24.02,2.09,,,2154.1,61.6,7.61,13.5,34.8
Marañón,Malaspina,Hono-C.Indias,"Marañón et al., 2016",doi: 10.1002/lno.10295,2011-06-01,b28,11.36,-105,3,100,0,MDT,24,1.46,0.01,626.84,1139.49,8.43,,0.3,0.19,0.74,0.24,,,1689.5,221.2,8.04,28.7,33.6
Marañón,Malaspina,Hono-C.Indias,"Marañón et al., 2016",doi: 10.1002/lno.10295,2011-06-01,b28,11.36,-105,125,1,4.61,MDT,24,1.33,0.01,8.78,34.8,4.12,,,31.55,20.18,1.42,,,2133.9,69.3,7.66,13.6,34.9
Marañón,Malaspina,Hono-C.Indias,"Marañón et al., 2016",doi: 10.1002/lno.10295,2011-06-03,b29,10.09,-99.26,3,100,0,MDT,24,4.28,0.02,109.29,53.65,6.28,,0.32,0.3,0.86,0.16,,,1698.3,223.2,8.03,29.5,33.9
Marañón,Malaspina,Hono-C.Indias,"Marañón et al., 2016",doi: 10.1002/lno.10295,2011-06-03,b29,10.09,-99.26,66,1,4.61,MDT,24,0.56,,58.31,183.88,5.44,,,,,,,,2147.2,62.2,7.6,14.6,34.8
Marañón,Malaspina,C.Indias-Cartag,"Marañón et al., 2016",doi: 10.1002/lno.10295,2011-06-22,b30,15.06,-69.36,3,100,0,MDT,24,31.67,0.15,220.05,1055.65,6.11,,0.09,0.34,1.51,0.07,,,1740.2,245.6,8.04,29.3,35.5
Marañón,Malaspina,C.Indias-Cartag,"Marañón et al., 2016",doi: 10.1002/lno.10295,2011-06-22,b30,15.06,-69.36,31,20,1.61,MDT,24,43.26,0.3,443.2,2126.11,,,,0.37,1.29,0.05,,,1737,246.3,8.05,28.8,35.4
Marañón,Malaspina,C.Indias-Cartag,"Marañón et al., 2016",doi: 10.1002/lno.10295,2011-06-22,b30,15.06,-69.36,95,1,4.61,MDT,24,6.01,0.02,72.46,402.98,8.52,,,1.15,0.91,0.07,,,1864.9,232.8,8.04,25.1,37
Marañón,Malaspina,C.Indias-Cartag,"Marañón et al., 2016",doi: 10.1002/lno.10295,2011-06-25,b31,17.43,-59.83,3,100,0,MDT,24,4.2,,317.94,111.93,6.49,,0.31,0.34,1.16,0.03,,,1752.4,243.3,8.03,29.4,35.5
Marañón,Malaspina,C.Indias-Cartag,"Marañón et al., 2016",doi: 10.1002/lno.10295,2011-06-25,b31,17.43,-59.83,37,20,1.61,MDT,24,11.46,0.02,444.46,1171.62,5.64,,,0.56,1.03,0.01,,,1756.7,246.6,8.05,28.8,35.6
Marañón,Malaspina,C.Indias-Cartag,"Marañón et al., 2016",doi: 10.1002/lno.10295,2011-06-25,b31,17.43,-59.83,90,1,4.61,MDT,24,5.16,0.04,108.3,131.4,6.63,,,0.59,0.63,0.02,,,1830.3,246.6,8.06,25.6,36.8
Marañón,Malaspina,C.Indias-Cartag,"Marañón et al., 2016",doi: 10.1002/lno.10295,2011-06-28,b32,19.99,-52.63,3,100,0,MDT,24,4.28,0.05,256,232.3,5.45,,0.06,0.51,1.37,0.05,,,1781.5,262.2,8.07,28.1,36.7
Marañón,Malaspina,C.Indias-Cartag,"Marañón et al., 2016",doi: 10.1002/lno.10295,2011-06-28,b32,19.99,-52.63,43,20,1.61,MDT,24,4.82,0.05,220.96,127.98,7.74,,,,,,,,1796.3,264.5,8.09,26.1,37.1
Marañón,Malaspina,C.Indias-Cartag,"Marañón et al., 2016",doi: 10.1002/lno.10295,2011-06-28,b32,19.99,-52.63,140,1,4.61,MDT,24,2,,98.1,498.14,5.44,,,,,,,,1899.1,226.1,8.05,23,37.2
Marañón,Malaspina,C.Indias-Cartag,"Marañón et al., 2016",doi: 10.1002/lno.10295,2011-07-01,b33,22.86,-44.52,3,100,0,MDT,24,6.01,,194.62,724.1,3.83,,0.06,,,,,,1785.9,256,8.07,27,37.1
Marañón,Malaspina,C.Indias-Cartag,"Marañón et al., 2016",doi: 10.1002/lno.10295,2011-07-01,b33,22.86,-44.52,43,20,1.61,MDT,24,1.18,0,195.49,203.98,5.78,,,,,,,,1805.5,258.2,8.09,25.5,37.3
Marañón,Malaspina,C.Indias-Cartag,"Marañón et al., 2016",doi: 10.1002/lno.10295,2011-07-04,b34,26.1,-35.25,3,100,0,MDT,24,18.79,0.06,133.25,200.89,4.96,,0.04,,,,,,1882.8,244.9,8.06,24.9,37.6
Marañón,Malaspina,C.Indias-Cartag,"Marañón et al., 2016",doi: 10.1002/lno.10295,2011-07-04,b34,26.1,-35.25,43,20,1.61,MDT,24,13.46,,144.89,429.53,10.57,,,0.28,0.74,0.08,,,1870.9,243.2,8.08,23.2,37.5
Marañón,Malaspina,C.Indias-Cartag,"Marañón et al., 2016",doi: 10.1002/lno.10295,2011-07-04,b34,26.1,-35.25,140,1,4.61,MDT,24,6.79,,100.8,249.54,2.35,,,0.44,0.62,0.07,,,1893.4,232.1,8.08,21.8,37.4
Marchetti,JP Tully - SOLAS,North Pacific,"Marchetti et al., 2006",doi: 10.1016/j.dsr2.2006.05.032,2002-07-10,OUT_1,50.339,-144.764,0.4,100,0,MDT,24,9.87,0.19,763.59,44.45,,,,,,,,,,,,,
Marchetti,JP Tully - SOLAS,North Pacific,"Marchetti et al., 2006",doi: 10.1016/j.dsr2.2006.05.032,2002-07-10,OUT_1,50.339,-144.764,7.3,33,1.11,MDT,24,12.03,2.56,882.89,27.62,,,,,,,,,,,,,
Marchetti,JP Tully - SOLAS,North Pacific,"Marchetti et al., 2006",doi: 10.1016/j.dsr2.2006.05.032,2002-07-10,OUT_1,50.339,-144.764,19.6,10,2.3,MDT,24,11.51,0.13,334.72,22.08,,,,,,,,,,,,,
Marchetti,JP Tully - SOLAS,North Pacific,"Marchetti et al., 2006",doi: 10.1016/j.dsr2.2006.05.032,2002-07-10,OUT_1,50.339,-144.764,32.8,3,3.51,MDT,24,11.21,1.01,150.82,3.23,,,,,,,,,,,,,
Marchetti,JP Tully - SOLAS,North Pacific,"Marchetti et al., 2006",doi: 10.1016/j.dsr2.2006.05.032,2002-07-10,OUT_1,50.339,-144.764,45.7,1,4.61,MDT,24,9.75,1.65,54.65,2.01,,,,,,,,,,,,,
Marchetti,JP Tully - SOLAS,North Pacific,"Marchetti et al., 2006",doi: 10.1016/j.dsr2.2006.05.032,2002-07-10,OUT_1,50.339,-144.764,71,0.1,6.91,MDT,24,9.95,0.01,44.27,2.68,,,,,,,,,,,,,
Marchetti,JP Tully - SOLAS,North Pacific,"Marchetti et al., 2006",doi: 10.1016/j.dsr2.2006.05.032,2002-07-15,OUT_6,50.535,-144.959,2,100,0,MDT,24,16.53,0.44,339.56,16.6,,,,,,,,,,,,,
Marchetti,JP Tully - SOLAS,North Pacific,"Marchetti et al., 2006",doi: 10.1016/j.dsr2.2006.05.032,2002-07-15,OUT_6,50.535,-144.959,7.3,33,1.11,MDT,24,19.86,6.25,338.55,8.98,,,,,,,,,,,,,
Marchetti,JP Tully - SOLAS,North Pacific,"Marchetti et al., 2006",doi: 10.1016/j.dsr2.2006.05.032,2002-07-15,OUT_6,50.535,-144.959,19.6,10,2.3,MDT,24,55.94,4.31,169.68,15.46,,,,,,,,,,,,,
Marchetti,JP Tully - SOLAS,North Pacific,"Marchetti et al., 2006",doi: 10.1016/j.dsr2.2006.05.032,2002-07-15,OUT_6,50.535,-144.959,32.8,3,3.51,MDT,24,17.9,2.69,84.86,3.36,,,,,,,,,,,,,
Marchetti,JP Tully - SOLAS,North Pacific,"Marchetti et al., 2006",doi: 10.1016/j.dsr2.2006.05.032,2002-07-15,OUT_6,50.535,-144.959,45.9,1,4.61,MDT,24,11.55,1.01,59.66,2.48,,,,,,,,,,,,,
Marchetti,JP Tully - SOLAS,North Pacific,"Marchetti et al., 2006",doi: 10.1016/j.dsr2.2006.05.032,2002-07-15,OUT_6,50.535,-144.959,72,0.1,6.91,MDT,24,15.35,0.77,62.6,2.61,,,,,,,,,,,,,
Marchetti,JP Tully - SOLAS,North Pacific,"Marchetti et al., 2006",doi: 10.1016/j.dsr2.2006.05.032,2002-07-25,OUT_16,51.061,-144.204,1.5,100,0,MDT,24,25.38,4.2,437.47,30.56,,,,,,,,,,,,,
Marchetti,JP Tully - SOLAS,North Pacific,"Marchetti et al., 2006",doi: 10.1016/j.dsr2.2006.05.032,2002-07-25,OUT_16,51.061,-144.204,10.8,33,1.11,MDT,24,32.65,10.58,412.25,50.14,,,,,,,,,,,,,
Marchetti,JP Tully - SOLAS,North Pacific,"Marchetti et al., 2006",doi: 10.1016/j.dsr2.2006.05.032,2002-07-25,OUT_16,51.061,-144.204,23.8,10,2.3,MDT,24,14.99,3.02,314.63,28.79,,,,,,,,,,,,,
Marchetti,JP Tully - SOLAS,North Pacific,"Marchetti et al., 2006",doi: 10.1016/j.dsr2.2006.05.032,2002-07-25,OUT_16,51.061,-144.204,40.8,3,3.51,MDT,24,8.71,2.43,138.65,11.67,,,,,,,,,,,,,
Marchetti,JP Tully - SOLAS,North Pacific,"Marchetti et al., 2006",doi: 10.1016/j.dsr2.2006.05.032,2002-07-25,OUT_16,51.061,-144.204,57,1,4.61,MDT,24,11.32,2.87,95.93,4.01,,,,,,,,,,,,,
Marchetti,JP Tully - SOLAS,North Pacific,"Marchetti et al., 2006",doi: 10.1016/j.dsr2.2006.05.032,2002-07-25,OUT_16,51.061,-144.204,76.3,0.1,6.91,MDT,24,8.96,0.36,65.56,2.91,,,,,,,,,,,,,
Marchetti,JP Tully - SOLAS,North Pacific,"Marchetti et al., 2006",doi: 10.1016/j.dsr2.2006.05.032,2002-07-28,OUT_19,51.05,-143.995,1.3,100,0,MDT,24,20.2,3.89,852.94,50.2,,,,,,,,,,,,,
Marchetti,JP Tully - SOLAS,North Pacific,"Marchetti et al., 2006",doi: 10.1016/j.dsr2.2006.05.032,2002-07-28,OUT_19,51.05,-143.995,27.8,10,2.3,MDT,24,19.09,1.89,641.07,11.18,,,,,,,,,,,,,
Marchetti,JP Tully - SOLAS,North Pacific,"Marchetti et al., 2006",doi: 10.1016/j.dsr2.2006.05.032,2002-07-28,OUT_19,51.05,-143.995,60.5,1,4.61,MDT,24,9.55,0.04,120.22,14.75,,,,,,,,,,,,,
Mayers,DY018,Celtic Sea,unpublished,,2014-11-10,1,49.401,-8.58,5,60,0.51,MDT,24,61.08,12.82,1742.33,255.76,77.22,31.44,1.19,2.12,0.86,0.18,2106.7,2334.8,1930.4,161.7,8.07,13.7,35.4
Mayers,DY018,Celtic Sea,unpublished,,2014-11-10,1,49.401,-8.58,8,40,0.92,MDT,24,74.83,7.19,1972.91,,91.1,33.27,1.1,2.14,0.87,0.18,,,,,,13.7,35.4
Mayers,DY018,Celtic Sea,unpublished,,2014-11-10,1,49.401,-8.58,14,20,1.61,MDT,24,56.3,6.24,1577.43,83.9,100.87,42.58,1.01,2.14,0.87,0.18,,,,,,13.7,35.4
Mayers,DY018,Celtic Sea,unpublished,,2014-11-10,1,49.401,-8.58,20,10,2.3,MDT,24,21.57,6.7,530.98,95.9,76.45,41.51,1.01,2.14,0.86,0.18,2103.1,2339.3,1922.2,166.8,8.09,13.7,35.4
Mayers,DY018,Celtic Sea,unpublished,,2014-11-10,1,49.401,-8.58,26,5,3,MDT,24,13.09,,326.58,142.11,89.58,34.64,0.97,2.14,0.87,0.18,2106.2,2334.5,1929.9,161.7,8.07,13.7,35.4
Mayers,DY018,Celtic Sea,unpublished,,2014-11-10,1,49.401,-8.58,40,1,4.61,MDT,24,16.27,1.35,123.72,42.49,83.78,33.57,1.01,3.23,1.22,0.24,,,,,,13.4,35.4
Mayers,DY018,Celtic Sea,unpublished,,2014-11-12,39,49.399,-8.577,4,60,0.51,MDT,24,26.98,13.16,1121.23,446.09,67.45,45.02,0.91,2.11,0.8,0.18,2104.6,2336.5,1926.4,163.8,8.08,13.6,35.4
Mayers,DY018,Celtic Sea,unpublished,,2014-11-12,39,49.399,-8.577,8,40,0.92,MDT,24,23.9,0.45,828,79.25,69.74,42.88,0.95,,,,,,,,,,
Mayers,DY018,Celtic Sea,unpublished,,2014-11-12,39,49.399,-8.577,14,20,1.61,MDT,24,20.89,11.22,833.05,43.5,66.84,38.3,0.92,2.14,0.83,0.19,,,,,,13.7,35.4
Mayers,DY018,Celtic Sea,unpublished,,2014-11-12,39,49.399,-8.577,18,10,2.3,MDT,24,6.1,4.02,403.26,31.85,62.26,34.95,0.92,2.15,0.8,0.19,2104.5,2337.2,1925.6,164.5,8.08,13.7,35.4
Mayers,DY018,Celtic Sea,unpublished,,2014-11-12,39,49.399,-8.577,24,5,3,MDT,24,4.09,2.62,134.95,16.78,64.4,33.42,0.91,2.13,0.83,0.18,2105.6,2334.7,1928.7,162.3,8.07,13.7,35.4
Mayers,DY018,Celtic Sea,unpublished,,2014-11-12,39,49.399,-8.577,28,1,4.61,MDT,24,2.13,1.22,100.16,29.88,67.3,34.03,1.05,2.23,0.87,0.19,2108.8,2338.1,1931.7,162.4,8.07,13.6,35.4
Mayers,DY018,Celtic Sea,unpublished,,2014-11-18,115,48.571,-9.511,20,20,1.61,MDT,24,17.24,5.76,498.74,35.08,49.44,46.24,0.61,3.5,1.39,0.28,,,,,,13.9,35.6
Mayers,DY018,Celtic Sea,unpublished,,2014-11-18,115,48.571,-9.511,30,10,2.3,MDT,24,15.66,0.74,234.22,12.87,56.77,51.73,0.59,3.48,1.37,0.28,,,,,,13.9,35.6
Mayers,DY018,Celtic Sea,unpublished,,2014-11-18,115,48.571,-9.511,40,5,3,MDT,24,5.47,1.91,129.62,4.48,46.77,43.24,0.61,3.5,1.37,0.28,,,,,,13.9,35.6
Mayers,DY018,Celtic Sea,unpublished,,2014-11-18,115,48.571,-9.511,65,1,4.61,MDT,24,9.45,3.38,60.74,6.4,46.51,42.11,0.53,3.72,1.45,0.29,2113.6,2342.3,1936.8,162,8.06,13.9,35.6
Mayers,DY018,Celtic Sea,unpublished,,2014-11-20,150,48.574,-9.506,5,60,0.51,MDT,24,12.06,7.71,1115.2,77.7,35.16,24.11,0.73,2.57,1.32,0.22,2108.3,2341.8,1928.6,165.2,8.07,14.1,35.6
Mayers,DY018,Celtic Sea,unpublished,,2014-11-20,150,48.574,-9.506,10,40,0.92,MDT,24,6.37,4.77,935.13,91.35,30.71,18.31,0.74,2.59,1.25,0.21,,,,,,14.1,35.6
Mayers,DY018,Celtic Sea,unpublished,,2014-11-20,150,48.574,-9.506,20,20,1.61,MDT,24,9.89,9.38,582.41,93.73,39.4,24.02,0.77,2.64,1.2,0.22,,,,,,14.2,35.6
Mayers,DY018,Celtic Sea,unpublished,,2014-11-20,150,48.574,-9.506,30,10,2.3,MDT,24,5.3,1.32,266.74,4.99,39.99,24.21,0.73,2.63,1.26,0.22,,,,,,14.2,35.6
Mayers,DY018,Celtic Sea,unpublished,,2014-11-20,150,48.574,-9.506,40,5,3,MDT,24,3.05,1.8,135.93,21.89,32.85,18.55,0.72,2.73,1.18,0.22,2109.2,2342.9,1929.4,165.3,8.07,14.2,35.6
Mayers,DY018,Celtic Sea,unpublished,,2014-11-20,150,48.574,-9.506,55,1,4.61,MDT,24,2.72,1.21,93.03,10.84,34.39,21.82,0.67,2.84,1.41,0.22,,,,,,14.1,35.6
Mayers,DY018,Celtic Sea,unpublished,,2014-11-22,162,49.394,-8.587,5,60,0.51,MDT,24,27.98,3.76,1766.61,116.34,101.94,14.96,1.15,1.76,1.05,0.21,2105.6,2338.6,1926.8,164.5,8.09,13.1,35.4
Mayers,DY018,Celtic Sea,unpublished,,2014-11-22,162,49.394,-8.587,10,40,0.92,MDT,24,24.74,9.43,1552.27,303.42,57.53,10.22,1.16,1.79,1.02,0.21,,,,,,13.1,35.4
Mayers,DY018,Celtic Sea,unpublished,,2014-11-22,162,49.394,-8.587,20,20,1.61,MDT,24,20.87,1.25,1259.6,100.68,107.28,17.4,1.17,1.74,1.06,0.21,,,,,,13.1,35.4
Mayers,DY018,Celtic Sea,unpublished,,2014-11-22,162,49.394,-8.587,28,10,2.3,MDT,24,9.87,0.48,429.69,111.88,88.97,14.8,1.12,1.74,1.05,0.21,,,,,,13.1,35.4
Mayers,DY018,Celtic Sea,unpublished,,2014-11-22,162,49.394,-8.587,35,5,3,MDT,24,8.12,4.77,382.67,136.87,90.19,16.48,1.13,1.72,1.05,0.21,,,,,,13.1,35.4
Mayers,DY018,Celtic Sea,unpublished,,2014-11-22,162,49.394,-8.587,43,1,4.61,MDT,24,4.58,2.25,145.04,18.78,81.64,14.96,0.76,1.84,1.07,0.21,2107.8,2337.2,1931.1,162.2,8.08,13.1,35.4
Mayers,DY018,Celtic Sea,unpublished,,2014-11-25,201,49.4,-8.583,20,20,1.61,MDT,24,25.76,9.6,1803.87,138.37,87.75,13.58,1,2.59,1.03,0.21,,,,,,13,35.1
Mayers,DY018,Celtic Sea,unpublished,,2014-11-25,201,49.4,-8.583,30,10,2.3,MDT,24,12.54,7.78,414.96,68.61,95.53,14.96,0.97,2.59,1.05,0.21,2107.6,2343.3,1927,166.5,8.1,13,35.1
Mayers,DY018,Celtic Sea,unpublished,,2014-11-25,201,49.4,-8.583,40,5,3,MDT,24,6.44,2.22,133.57,23.23,88.36,17.85,0.97,2.6,1.05,0.21,,,,,,13,35.1
Mayers,DY018,Celtic Sea,unpublished,,2014-11-25,201,49.4,-8.583,50,1,4.61,MDT,24,14.81,7.13,193.5,38.12,88.36,14.19,0.99,2.61,1.04,0.21,2111.4,2342.3,,,,13,35.1
Mayers,DY029,Celtic Sea,"Mayers et al., 2018",doi: 10.1016/j.pocean.2018.02.024,2015-04-04,9,49.39,-8.593,7,60,0.51,MDT,24,12.14,7.13,5920.59,279.88,5.71,9.11,1.29,6,2.76,0.49,2143.7,2342.5,1984.7,142.3,8.07,10,35.3
Mayers,DY029,Celtic Sea,"Mayers et al., 2018",doi: 10.1016/j.pocean.2018.02.024,2015-04-04,9,49.39,-8.593,10,40,0.92,MDT,24,15.67,6.18,5436.41,952.4,3.94,5.96,1.41,6.06,2.78,0.5,,,,,,10,35.3
Mayers,DY029,Celtic Sea,"Mayers et al., 2018",doi: 10.1016/j.pocean.2018.02.024,2015-04-04,9,49.39,-8.593,14,20,1.61,MDT,24,16.83,9.44,3850.57,2263.34,5.72,7.94,1.38,6.07,2.76,0.5,,,,,,10,35.3
Mayers,DY029,Celtic Sea,"Mayers et al., 2018",doi: 10.1016/j.pocean.2018.02.024,2015-04-04,9,49.39,-8.593,20,10,2.3,MDT,24,5.73,1.85,2707.15,675.55,2.4,3.37,1.29,6.04,2.76,0.49,,,,,,10,35.3
Mayers,DY029,Celtic Sea,"Mayers et al., 2018",doi: 10.1016/j.pocean.2018.02.024,2015-04-04,9,49.39,-8.593,25,5,3,MDT,24,9.06,5.19,1197.04,32.03,4.12,5.27,1.41,6.07,2.78,0.49,,,,,,10,35.3
Mayers,DY029,Celtic Sea,"Mayers et al., 2018",doi: 10.1016/j.pocean.2018.02.024,2015-04-04,9,49.39,-8.593,37,1,4.61,MDT,24,3.08,0.69,329.91,186.25,2.67,6.14,1.25,6.05,2.77,0.49,2144.3,2340.1,1987,140.3,8.06,10,35.3
Mayers,DY029,Celtic Sea,"Mayers et al., 2018",doi: 10.1016/j.pocean.2018.02.024,2015-04-06,47,49.405,-8.588,7,60,0.51,MDT,24,18.8,6.57,2461.61,410.42,5.05,8.69,1.75,5.6,2.7,0.43,2142.2,2335.6,1986.1,138.9,8.05,10,35.3
Mayers,DY029,Celtic Sea,"Mayers et al., 2018",doi: 10.1016/j.pocean.2018.02.024,2015-04-06,47,49.405,-8.588,10,40,0.92,MDT,24,20.92,9.29,2705.62,680.97,3.75,6.76,1.56,5.68,2.73,0.45,,,,,,10,35.3
Mayers,DY029,Celtic Sea,"Mayers et al., 2018",doi: 10.1016/j.pocean.2018.02.024,2015-04-06,47,49.405,-8.588,14,20,1.61,MDT,24,21.28,11.05,2906.92,677.08,2.82,9.47,1.67,5.68,2.7,0.45,,,,,,10,35.3
Mayers,DY029,Celtic Sea,"Mayers et al., 2018",doi: 10.1016/j.pocean.2018.02.024,2015-04-06,47,49.405,-8.588,20,10,2.3,MDT,24,11.51,5.91,1886.22,289.38,3.04,5.6,1.66,5.65,2.72,0.46,2139.1,2338.3,1980.1,142.4,8.07,10,35.3
Mayers,DY029,Celtic Sea,"Mayers et al., 2018",doi: 10.1016/j.pocean.2018.02.024,2015-04-06,47,49.405,-8.588,25,5,3,MDT,24,3.93,2.88,421.35,90.87,3.24,6.11,1.62,5.68,2.71,0.46,,,,,,10,35.3
Mayers,DY029,Celtic Sea,"Mayers et al., 2018",doi: 10.1016/j.pocean.2018.02.024,2015-04-06,47,49.405,-8.588,37,1,4.61,MDT,24,0.72,0.41,116.21,36.86,3.1,4.5,1.62,5.66,2.71,0.46,2143.1,2334.7,1988.1,137.7,8.05,10,35.3
Mayers,DY029,Celtic Sea,"Mayers et al., 2018",doi: 10.1016/j.pocean.2018.02.024,2015-04-10,98,48.571,-9.51,7,60,0.51,MDT,24,96.14,12.68,3132.16,238.22,25.06,40.27,0.83,8.2,3.14,0.49,,,,,,11.4,35.6
Mayers,DY029,Celtic Sea,"Mayers et al., 2018",doi: 10.1016/j.pocean.2018.02.024,2015-04-10,98,48.571,-9.51,11,40,0.92,MDT,24,39.92,18.15,3625.33,136.67,32.45,53.67,0.8,8.33,3.16,0.5,,,,,,11.4,35.6
Mayers,DY029,Celtic Sea,"Mayers et al., 2018",doi: 10.1016/j.pocean.2018.02.024,2015-04-10,98,48.571,-9.51,18,20,1.61,MDT,24,40.92,18.87,2694.65,198.83,18.28,30.73,0.81,8.32,3.17,0.51,,,,,,11.4,35.6
Mayers,DY029,Celtic Sea,"Mayers et al., 2018",doi: 10.1016/j.pocean.2018.02.024,2015-04-10,98,48.571,-9.51,24,10,2.3,MDT,24,27.3,16.4,1892.77,102.42,29.37,47.3,0.83,8.3,3.15,0.51,,,,,,11.4,35.6
Mayers,DY029,Celtic Sea,"Mayers et al., 2018",doi: 10.1016/j.pocean.2018.02.024,2015-04-10,98,48.571,-9.51,31,5,3,MDT,24,2.21,1.39,590.7,104.99,27.97,47.65,0.83,8.32,3.19,0.51,,,,,,11.3,35.6
Mayers,DY029,Celtic Sea,"Mayers et al., 2018",doi: 10.1016/j.pocean.2018.02.024,2015-04-10,98,49.397,-8.582,48,1,4.61,MDT,24,9.13,7.64,199.12,12.16,13.01,22.27,0.6,8.53,3.26,0.53,,,,,,11.3,35.6
Mayers,DY029,Celtic Sea,"Mayers et al., 2018",doi: 10.1016/j.pocean.2018.02.024,2015-04-11,111,49.397,-8.582,7,40,0.92,MDT,24,16.2,6.12,8595.5,714.67,11.62,17.69,,3.76,2.6,0.33,,,,,,10.4,35.3
Mayers,DY029,Celtic Sea,"Mayers et al., 2018",doi: 10.1016/j.pocean.2018.02.024,2015-04-11,111,49.397,-8.582,7,60,0.51,MDT,24,24.3,10.41,9082.9,957.84,11.62,17.69,3.06,3.71,2.6,0.33,2139.1,2325.5,1986.6,134.7,8.03,10.4,35.3
Mayers,DY029,Celtic Sea,"Mayers et al., 2018",doi: 10.1016/j.pocean.2018.02.024,2015-04-11,111,49.397,-8.582,12,20,1.61,MDT,24,30.82,13.34,6919.81,252.2,15.22,36.56,3.16,3.87,2.57,0.33,,,,,,10.4,35.3
Mayers,DY029,Celtic Sea,"Mayers et al., 2018",doi: 10.1016/j.pocean.2018.02.024,2015-04-11,111,49.397,-8.582,17,10,2.3,MDT,24,18.8,19.27,4220.98,46.58,9.28,23.07,3.37,3.89,2.61,0.35,2135.8,2319.4,1984.9,132.8,8.03,10.4,35.3
Mayers,DY029,Celtic Sea,"Mayers et al., 2018",doi: 10.1016/j.pocean.2018.02.024,2015-04-11,111,49.397,-8.582,22,5,3,MDT,24,5.51,5.18,1678.35,274.95,14.33,31.6,3.44,3.86,2.6,0.33,2138.5,2321.9,1987.7,132.7,8.03,10.4,35.3
Mayers,DY029,Celtic Sea,"Mayers et al., 2018",doi: 10.1016/j.pocean.2018.02.024,2015-04-11,111,49.397,-8.582,32,1,4.61,MDT,24,5.17,5.41,267.19,30.83,5.72,10.8,1.42,4.84,2.63,0.39,2143.9,,,,,10.2,35.3
Mayers,DY029,Celtic Sea,"Mayers et al., 2018",doi: 10.1016/j.pocean.2018.02.024,2015-04-14,147,50.828,-6.666,20,40,0.92,MDT,24,529.75,54.4,5634.13,357.25,154.62,155.61,,4.21,3.45,0.35,,,,,,9.8,35.2
Mayers,DY029,Celtic Sea,"Mayers et al., 2018",doi: 10.1016/j.pocean.2018.02.024,2015-04-15,156,49.41,-8.586,8,60,0.51,MDT,24,81.34,12.48,33621.76,8017.49,32.29,60.22,7.66,1.42,2.57,0.19,,,,,,10.8,35.3
Mayers,DY029,Celtic Sea,"Mayers et al., 2018",doi: 10.1016/j.pocean.2018.02.024,2015-04-15,156,49.41,-8.586,8,40,0.92,MDT,24,49.36,21.2,30563.94,8922.92,25.11,34.21,,1.3,2.57,0.16,2128.8,,,,,10.8,35.3
Mayers,DY029,Celtic Sea,"Mayers et al., 2018",doi: 10.1016/j.pocean.2018.02.024,2015-04-15,156,49.41,-8.586,13,20,1.61,MDT,24,49.33,12.26,34214.26,3990.61,30.64,52.72,6.76,1.25,2.6,0.18,,,,,,10.7,35.3
Mayers,DY029,Celtic Sea,"Mayers et al., 2018",doi: 10.1016/j.pocean.2018.02.024,2015-04-15,156,49.41,-8.586,16,10,2.3,MDT,24,24.33,0.28,16221.37,1796.74,27.06,53.25,8.39,1.44,2.59,0.19,2127.4,2339.9,1961,150.9,8.09,10.6,35.3
Mayers,DY029,Celtic Sea,"Mayers et al., 2018",doi: 10.1016/j.pocean.2018.02.024,2015-04-15,156,49.41,-8.586,19,5,3,MDT,24,31.78,10.02,1771.97,62.94,38.25,80.92,2.6,3.27,2.6,0.32,,,,,,10.4,35.3
Mayers,DY029,Celtic Sea,"Mayers et al., 2018",doi: 10.1016/j.pocean.2018.02.024,2015-04-15,156,49.41,-8.586,28,1,4.61,MDT,24,6.35,2.57,451.45,151.01,9.78,23.94,1.52,4.1,2.64,0.37,2138.8,2340.7,1978,144.3,8.07,10.3,35.3
Mayers,DY029,Celtic Sea,"Mayers et al., 2018",doi: 10.1016/j.pocean.2018.02.024,2015-04-18,205,48.24,-9.966,20,40,0.92,MDT,24,135.68,66.39,28957.07,38728.34,91.58,187.85,,,,,,,,,,12,35.6
Mayers,DY029,Celtic Sea,"Mayers et al., 2018",doi: 10.1016/j.pocean.2018.02.024,2015-04-20,224,48.401,-8.619,6,40,0.92,MDT,24,24.15,4.87,15708.24,1336.29,25.11,88.29,,2,2.44,0.19,,,,,,10.6,35.3
Mayers,DY029,Celtic Sea,"Mayers et al., 2018",doi: 10.1016/j.pocean.2018.02.024,2015-04-20,224,48.401,-8.619,7,60,0.51,MDT,24,23.33,13.2,14678.23,1218.92,32.29,57.69,,2.04,2.47,0.22,,,,,,10.6,35.3
Mayers,DY029,Celtic Sea,"Mayers et al., 2018",doi: 10.1016/j.pocean.2018.02.024,2015-04-20,224,48.401,-8.619,13,20,1.61,MDT,24,28.4,5.49,10692.24,948.64,30.64,54.46,,2.05,2.46,0.22,,,,,,10.6,35.3
Mayers,DY029,Celtic Sea,"Mayers et al., 2018",doi: 10.1016/j.pocean.2018.02.024,2015-04-20,224,48.401,-8.619,17,10,2.3,MDT,24,37.21,1.32,7031,819.09,27.06,61.54,,2.08,2.47,0.22,2122.9,2340.9,1953.5,154.3,8.1,10.6,35.3
Mayers,DY029,Celtic Sea,"Mayers et al., 2018",doi: 10.1016/j.pocean.2018.02.024,2015-04-20,224,48.401,-8.619,22,5,3,MDT,24,23.37,,1877.08,47.67,38.25,72.05,,2.3,2.48,0.23,2126.4,2334.8,1962.3,148.3,8.08,10.6,35.3
Mayers,DY029,Celtic Sea,"Mayers et al., 2018",doi: 10.1016/j.pocean.2018.02.024,2015-04-20,224,48.401,-8.619,30,1,4.61,MDT,24,3.33,3.14,437.17,56.89,9.78,64.08,,2.89,2.52,0.28,2134.7,2335.6,,,,10.5,35.3
Mayers,DY029,Celtic Sea,"Mayers et al., 2018",doi: 10.1016/j.pocean.2018.02.024,2015-04-24,277,48.571,-9.51,5,60,0.51,MDT,24,61.3,21.99,6891.24,193.58,80.26,146.41,2.26,6.13,2.27,0.37,2127.5,2339.8,1960.7,151,8.07,11.7,35.6
Mayers,DY029,Celtic Sea,"Mayers et al., 2018",doi: 10.1016/j.pocean.2018.02.024,2015-04-24,277,48.571,-9.51,7,40,0.92,MDT,24,45,25.81,8864.66,400.55,84.98,151.13,2.06,6.15,2.28,0.38,,,,,,11.7,35.6
Mayers,DY029,Celtic Sea,"Mayers et al., 2018",doi: 10.1016/j.pocean.2018.02.024,2015-04-24,277,48.571,-9.51,13,20,1.61,MDT,24,65.22,15.84,7085.85,227.83,69.89,140.68,2.13,6.06,2.29,0.37,2130.6,2340.8,1964.9,149.7,8.06,11.7,35.6
Mayers,DY029,Celtic Sea,"Mayers et al., 2018",doi: 10.1016/j.pocean.2018.02.024,2015-04-24,277,48.571,-9.51,19,10,2.3,MDT,24,28.84,11.61,5360.15,486.69,84.74,160.12,2.01,6.09,2.28,0.37,,,,,,11.7,35.6
Mayers,DY029,Celtic Sea,"Mayers et al., 2018",doi: 10.1016/j.pocean.2018.02.024,2015-04-24,277,48.571,-9.51,25,5,3,MDT,24,2.38,0.19,1483.44,301.38,84.6,162.15,1.99,6.47,2.38,0.4,2136.1,2353,1966.4,154.1,8.07,11.6,35.6
Mayers,DY029,Celtic Sea,"Mayers et al., 2018",doi: 10.1016/j.pocean.2018.02.024,2015-04-24,277,48.571,-9.51,31,1,4.61,MDT,24,4.33,6.22,284.42,36.72,31.92,46.44,1.1,7.34,2.65,0.45,2141,2346.2,1977.9,146.7,8.05,11.4,35.6
Mayers,DY029,Celtic Sea,"Mayers et al., 2018",doi: 10.1016/j.pocean.2018.02.024,2015-04-25,293,49.402,-8.619,5,60,0.51,MDT,24,35.74,4.35,15155.15,2095.18,66.73,91.16,3.7,0.39,2.14,0.13,,,,,,11.2,35.3
Mayers,DY029,Celtic Sea,"Mayers et al., 2018",doi: 10.1016/j.pocean.2018.02.024,2015-04-25,293,49.402,-8.619,6,40,0.92,MDT,24,34.52,15.69,17698.6,1145.24,69.62,94.91,3.66,0.41,2.14,0.13,2116.2,2313.1,1958.4,141.1,8.05,11.2,35.3
Mayers,DY029,Celtic Sea,"Mayers et al., 2018",doi: 10.1016/j.pocean.2018.02.024,2015-04-25,293,49.402,-8.619,12,20,1.61,MDT,24,35.37,17,17010.79,1214.19,63.63,86.83,3.67,0.46,2.16,0.14,,,,,,11.2,35.3
Mayers,DY029,Celtic Sea,"Mayers et al., 2018",doi: 10.1016/j.pocean.2018.02.024,2015-04-25,293,49.402,-8.619,18,10,2.3,MDT,24,21.99,8.47,8995.23,494.41,115.03,150.46,3.84,0.67,2.13,0.15,2122.5,2324.4,1961.9,144.2,8.06,11,35.3
Mayers,DY029,Celtic Sea,"Mayers et al., 2018",doi: 10.1016/j.pocean.2018.02.024,2015-04-25,293,49.402,-8.619,24,5,3,MDT,24,3.96,1.03,2824.52,649.66,57.23,67.04,3.1,0.97,2.15,0.17,2119.2,2336.9,1950,154.1,8.09,10.9,35.3
Mayers,DY029,Celtic Sea,"Mayers et al., 2018",doi: 10.1016/j.pocean.2018.02.024,2015-04-25,293,49.402,-8.619,36,1,4.61,MDT,24,0.31,0.42,353.62,35.49,66.42,83.25,1.38,2.83,2.41,0.23,,,,,,10.7,35.3
Mayers,DY029,Celtic Sea,"Mayers et al., 2018",doi: 10.1016/j.pocean.2018.02.024,2015-04-27,329,50.828,-6.666,5,40,0.92,MDT,24,6036.11,1032.03,14032.87,812.78,1956.03,1956.03,2.12,0.69,2.79,0.07,2099.9,2297.6,1942.7,141,8.07,10.4,35
Mayers,DY029,Celtic Sea,"Mayers et al., 2018",doi: 10.1016/j.pocean.2018.02.024,2015-04-27,329,50.828,-6.666,15,20,1.61,MDT,24,5963.75,1665.55,12788.54,374.6,2016.13,2016.13,2.08,0.82,2.84,0.09,,,,,,10.4,35
Mayers,DY033,Celtic Sea,unpublished,,2015-07-14,25,49.387,-8.631,8,60,0.51,MDT,24,3.13,0.26,1298.12,35.35,0.52,0.21,0.26,0.02,0.7,0.09,2098,2330,1918.4,164.8,8.04,16.2,35.4
Mayers,DY033,Celtic Sea,unpublished,,2015-07-14,25,49.387,-8.631,15,40,0.92,MDT,24,5.33,0.33,1615.33,326,0.73,0.47,0.26,0.02,0.69,0.09,2095.9,2333.6,1913.2,168.4,8.05,16.2,35.4
Mayers,DY033,Celtic Sea,unpublished,,2015-07-14,25,49.387,-8.631,26,20,1.61,MDT,24,4.04,2.47,763.43,147.94,0.62,0.21,0.24,0.02,0.69,0.09,2094.9,2339.3,1908,173,8.06,16.2,35.4
Mayers,DY033,Celtic Sea,unpublished,,2015-07-14,25,49.387,-8.631,40,10,2.3,MDT,24,8.17,1.36,1133.79,8.55,0.31,0.05,0.47,0.02,0.92,0.13,2098.8,2341.9,1913.8,171.2,8.09,14.4,35.3
Mayers,DY033,Celtic Sea,unpublished,,2015-07-14,25,49.387,-8.631,50,5,3,MDT,24,2.21,0.82,782.13,80.42,1.98,0.21,0.56,0.02,1.54,0.15,2103.8,2337.8,1925,164.7,8.1,12.8,35.3
Mayers,DY033,Celtic Sea,unpublished,,2015-07-14,25,49.387,-8.631,53,1,4.61,MDT,24,2.97,2.1,549.06,10.32,10.98,0.16,1.13,2.5,2.2,0.3,2127.8,2338.6,1962,150,8.07,11.6,35.3
Mayers,DY033,Celtic Sea,unpublished,,2015-07-15,44,49.379,-8.61,8,60,0.51,MDT,24,4.25,0.61,994.77,225.06,0.47,0.05,0.3,0.02,0.63,0.09,,,,,,16.2,35.4
Mayers,DY033,Celtic Sea,unpublished,,2015-07-15,44,49.379,-8.61,15,40,0.92,MDT,24,4.47,0.96,1178.2,20,0.57,0.26,0.32,0.02,0.6,0.09,,,,,,16.2,35.4
Mayers,DY033,Celtic Sea,unpublished,,2015-07-15,44,49.379,-8.61,26,20,1.61,MDT,24,2.05,0.25,931.13,171.38,0.36,0.21,0.37,0.02,0.67,0.09,,,,,,16.2,35.4
Mayers,DY033,Celtic Sea,unpublished,,2015-07-15,44,49.379,-8.61,40,10,2.3,MDT,24,2.1,0.95,523.28,203.69,0.83,0,0.71,0.02,0.94,0.12,2105.3,2341,1924.4,166.6,8.08,13.8,35.4
Mayers,DY033,Celtic Sea,unpublished,,2015-07-15,44,49.379,-8.61,50,5,3,MDT,24,2.09,0.35,748.19,19.09,54.64,0,1.28,0.76,1.88,0.21,2107.4,2335.9,1932,161,8.1,12,35.3
Mayers,DY033,Celtic Sea,unpublished,,2015-07-15,44,49.379,-8.61,53,1,4.61,MDT,24,0.38,0.22,81.53,16.05,2.08,0.26,0.37,7.53,3.14,0.56,2156.8,2340.5,2005.1,133.3,8.02,10.5,35.4
Mayers,DY033,Celtic Sea,unpublished,,2015-07-19,83,48.571,-9.477,5,60,0.51,MDT,24,26.16,3.21,1808.67,346.42,38.04,31.84,0.92,0.02,0.2,0.07,2085.8,2342.8,1892.1,180.5,8.09,16,35.5
Mayers,DY033,Celtic Sea,unpublished,,2015-07-19,83,48.571,-9.477,8,40,0.92,MDT,24,28.89,4.83,2016.5,245.13,42.28,33.82,0.88,0.02,0.19,0.08,,,,,,16,35.5
Mayers,DY033,Celtic Sea,unpublished,,2015-07-19,83,48.571,-9.477,10,20,1.61,MDT,24,19.5,10.87,2383.85,362.85,42.3,33.36,1.03,0.09,0.17,0.08,2084.3,2345.3,1888,183.4,8.1,15.9,35.5
Mayers,DY033,Celtic Sea,unpublished,,2015-07-19,83,48.571,-9.477,15,10,2.3,MDT,24,5.21,0.99,1551.67,90.89,39.42,31.22,0.97,0.24,0.18,0.1,2089.7,2344.6,1897.5,179,8.09,15.7,35.5
Mayers,DY033,Celtic Sea,unpublished,,2015-07-19,83,48.571,-9.477,18,5,3,MDT,24,7.31,3.26,420.42,81.23,53.14,42.18,0.87,0.36,0.2,0.11,2086.8,2341.2,1894.8,178.9,8.09,15.6,35.6
Mayers,DY033,Celtic Sea,unpublished,,2015-07-19,83,48.571,-9.477,20,1,4.61,MDT,24,1.59,,60.54,8.82,31.53,27.16,0.58,1.02,0.3,0.16,2092,2350.2,1897.9,181.1,8.1,15.2,35.6
Mayers,DY033,Celtic Sea,unpublished,,2015-07-20,102,48.571,-9.51,5,60,0.51,MDT,24,69.4,13.13,1257.73,128.3,110.21,93.66,,,0.17,0.08,,,,,,,
Mayers,DY033,Celtic Sea,unpublished,,2015-07-20,102,48.571,-9.51,5,40,0.92,MDT,24,42.29,17.64,1308.58,174.01,114.9,93.98,0.61,,,,,,,,,16.9,35.4
Mayers,DY033,Celtic Sea,unpublished,,2015-07-20,102,48.571,-9.51,10,20,1.61,MDT,24,64.73,21.97,1241.77,57.96,109.28,88.04,0.77,0.15,0.15,0.07,2087.6,2347,1892.4,182.2,8.08,16.3,35.6
Mayers,DY033,Celtic Sea,unpublished,,2015-07-20,102,48.571,-9.51,14,10,2.3,MDT,24,10.98,0.57,539.95,228.75,115.83,96.79,0.97,0.17,0.17,0.08,2083.6,2343.3,1887.9,182.6,8.09,16.3,35.6
Mayers,DY033,Celtic Sea,unpublished,,2015-07-20,102,48.571,-9.51,16,5,3,MDT,24,2.62,1.33,234.65,16.05,101.16,85.55,0.69,0.2,0.21,0.09,,,,,,16.3,35.6
Mayers,DY033,Celtic Sea,unpublished,,2015-07-20,102,48.571,-9.51,25,1,4.61,MDT,24,0.48,0.31,48.95,6.17,93.1,76.07,0.55,0.34,0.36,0.09,2083.1,2340,1889.4,180.6,8.08,16.1,35.6
Mayers,DY033,Celtic Sea,unpublished,,2015-07-24,162,49.368,-8.627,5,60,0.51,MDT,24,4.98,0.89,1033.33,71.5,7.75,6.45,0.3,0.02,0.16,0.08,2088,2332.7,1901,173.1,8.05,16.9,35.4
Mayers,DY033,Celtic Sea,unpublished,,2015-07-24,162,49.368,-8.627,10,40,0.92,MDT,24,3.74,1.52,824.1,98.1,6.92,6.09,,0.02,0.18,0.08,,,,,,16.9,35.4
Mayers,DY033,Celtic Sea,unpublished,,2015-07-24,162,49.368,-8.627,16,20,1.61,MDT,24,4.08,0.17,983.01,25.75,9.31,4.21,0.33,0.02,0.17,0.08,2092.9,2334.1,1907.8,170.8,8.05,16.8,35.4
Mayers,DY033,Celtic Sea,unpublished,,2015-07-24,162,49.368,-8.627,32,10,2.3,MDT,24,1.53,1.03,576.38,107.59,62.85,1.23,0.72,0.25,1.23,0.13,2102.2,2338,1921.6,166.5,8.09,13.6,35.4
Mayers,DY033,Celtic Sea,unpublished,,2015-07-24,162,49.368,-8.627,42,5,3,MDT,24,6.15,0.78,643.33,1.65,1.04,0.62,1.49,4.74,2.61,0.41,2142.9,2334.3,1987.3,138,8.03,11.1,35.4
Mayers,DY033,Celtic Sea,unpublished,,2015-07-24,162,49.368,-8.627,55,1,4.61,MDT,24,1.54,0.32,52.11,16.7,1.09,0.57,0.26,7.82,3.36,0.6,2142.6,2333.5,1987.8,137.3,8.04,10.4,35.4
Mayers,DY033,Celtic Sea,unpublished,,2015-07-29,203,49.471,-8.576,8,60,0.51,MDT,24,6.55,1.96,683.04,22.68,52.89,52.21,0.31,0.02,0.2,0.06,2086.8,2338.7,1896,177.4,8.07,16.3,35.4
Mayers,DY033,Celtic Sea,unpublished,,2015-07-29,203,49.471,-8.576,14,40,0.92,MDT,24,7.44,1.4,648.98,24.01,53.79,53.09,0.27,0.02,0.18,0.05,2088.5,2339.3,1897.9,177.1,8.07,16.3,35.4
Mayers,DY033,Celtic Sea,unpublished,,2015-07-29,203,49.471,-8.576,24,20,1.61,MDT,24,22.37,0.53,412,49.28,53.08,52.04,0.36,0.02,0.18,0.05,2087,2336.8,1897.1,176.4,8.07,16.3,35.4
Mayers,DY033,Celtic Sea,unpublished,,2015-07-29,203,49.471,-8.576,32,10,2.3,MDT,24,12.2,0.22,315.27,27.4,59.8,58.44,0.34,0.02,0.19,0.06,2091,2337.9,1902.6,174.6,8.07,16.3,35.4
Mayers,DY033,Celtic Sea,unpublished,,2015-07-29,203,49.471,-8.576,42,5,3,MDT,24,5.51,,,,50,47.33,1.98,1.89,2.12,0.27,2121.4,2334.1,1954.4,151.4,8.07,11.8,35.4
Mayers,DY033,Celtic Sea,unpublished,,2015-07-29,203,49.471,-8.576,46,1,4.61,MDT,24,7.29,2.85,235.35,1.64,53.56,0.84,0.33,6.65,3.03,0.31,2094.9,2338.3,1912.2,169.5,8.14,10.7,35.4
Mayers,DY033,Celtic Sea,unpublished,,2015-07-30,227,49.41,-8.573,8,60,0.51,MDT,24,8.33,1.31,682.91,54.59,54.73,53.83,0.29,0.02,0.23,0.05,2086.8,2338,1896.1,177.3,8.07,16.3,35.4
Mayers,DY033,Celtic Sea,unpublished,,2015-07-30,227,49.41,-8.573,14,40,0.92,MDT,24,5.26,1.17,863.67,79.32,53.42,52.21,0.28,0.02,0.21,0.06,,,,,,16.3,35.4
Mayers,DY033,Celtic Sea,unpublished,,2015-07-30,227,49.41,-8.573,24,20,1.61,MDT,24,5.64,1.75,586.58,27.24,12.75,2.34,0.29,0.02,0.22,0.06,2086.8,2339.9,1895.3,178.1,8.08,16.3,35.4
Mayers,DY033,Celtic Sea,unpublished,,2015-07-30,227,49.41,-8.573,32,10,2.3,MDT,24,3.82,0.77,474.72,27.29,72.09,0.23,0.3,0.02,,,2089.6,2338.2,1900.7,175.3,8.07,16.3,35.4
Mayers,DY033,Celtic Sea,unpublished,,2015-07-30,227,49.41,-8.573,45,5,3,MDT,24,3.87,0.8,1720.93,65.86,,,2.36,3.61,2.4,0.39,2130.8,,1935.9,161.5,8.08,11.5,35.4
Mayers,DY033,Celtic Sea,unpublished,,2015-07-30,227,49.41,-8.573,46,1,4.61,MDT,24,2.55,1.04,187.02,6.9,,,,4.9,2.66,0.45,2137.3,2338.8,1976.4,144.3,8.05,11,35.4
Poulton,DY086,South Georgia,Unpublished,,2017-11-16,P3A,-52.6944,-40.1306,41,5,3,MDT,24,16.75,1.1,8079.07,1254.24,,,3.66,19.97,5.44,1.07,,,,,,,
Poulton,DY086,South Georgia,Unpublished,,2017-11-16,P3A,-52.6944,-40.1306,62,1,4.61,MDT,24,0.14,0.02,1066.71,629.91,,,1.31,21.96,14.02,2.39,,,,,,,
Poulton,DY086,South Georgia,Unpublished,,2017-11-18,P3A,-52.6858,-40.1672,7,60,0.51,MDT,24,20.19,9.46,4781.44,271.62,,,5.53,17.96,1.53,0.74,,,,,,,
Poulton,DY086,South Georgia,Unpublished,,2017-11-18,P3A,-52.6858,-40.1672,21,25,1.39,MDT,24,11.11,0.48,5064.89,406.81,,,4.86,18.23,1.63,0.75,,,,,,,
Poulton,DY086,South Georgia,Unpublished,,2017-11-18,P3A,-52.6858,-40.1672,42,5,3,MDT,24,23.59,7.87,3686.91,638.09,,,5.51,19.43,3.17,0.95,,,,,,,
Poulton,DY086,South Georgia,Unpublished,,2017-11-18,P3A,-52.6858,-40.1672,62,1,4.61,MDT,24,6.74,2.13,981.16,9.87,,,3.8,20.82,8.34,1.27,,,,,,,
Poulton,DY086,South Georgia,Unpublished,,2017-11-21,P3A,-52.7192,-40.2169,6,60,0.51,MDT,24,19.75,4.44,6297.4,967.05,,,5.01,18.59,2.24,0.84,,,,,,,
Poulton,DY086,South Georgia,Unpublished,,2017-11-21,P3A,-52.7192,-40.2169,19,25,1.39,MDT,24,5.8,2.14,6923.57,177.8,,,4.4,18.73,2.22,0.86,,,,,,,
Poulton,DY086,South Georgia,Unpublished,,2017-11-21,P3A,-52.7192,-40.2169,45,5,3,MDT,24,20.22,3.58,6075.33,157.38,,,4.69,18.99,2.34,1.09,,,,,,,
Poulton,DY086,South Georgia,Unpublished,,2017-11-21,P3A,-52.7192,-40.2169,70,1,4.61,MDT,24,1.99,0.85,1906.43,299.44,,,3.87,19.56,3.04,0.93,,,,,,,
Poulton,DY086,South Georgia,Unpublished,,2017-11-24,P2A,-56.4,-41.2167,7,60,0.51,MDT,24,9.59,3.96,2135.72,508.08,,,1.51,25.49,22.6,1.74,,,,,,,
Poulton,DY086,South Georgia,Unpublished,,2017-11-24,P2A,-56.4,-41.2167,20,25,1.39,MDT,24,8.43,0.65,2689.93,711.26,,,1.49,25.59,22.5,1.73,,,,,,,
Poulton,DY086,South Georgia,Unpublished,,2017-11-24,P2A,-56.4,-41.2167,41,5,3,MDT,24,5.77,0.9,1431.91,170.45,,,1.49,25.77,22.95,1.75,,,,,,,
Poulton,DY086,South Georgia,Unpublished,,2017-11-24,P2A,-56.4,-41.2167,62,1,4.61,MDT,24,0.49,0.11,481.92,66.45,,,0.96,26.71,28.77,1.94,,,,,,,
Poulton,DY086,South Georgia,Unpublished,,2017-11-30,P3B,-52.7017,-40.0683,6,60,0.51,MDT,24,9.5,1.25,3762.97,205.35,,,3.77,17.38,0.51,0.73,,,,,,,
Poulton,DY086,South Georgia,Unpublished,,2017-11-30,P3B,-52.7017,-40.0683,21,25,1.39,MDT,24,9.06,2.24,4713.25,58.06,,,4.3,17.37,0.49,0.8,,,,,,,
Poulton,DY086,South Georgia,Unpublished,,2017-11-30,P3B,-52.7017,-40.0683,40,5,3,MDT,24,8.85,1.8,5140,1123.14,,,4.54,17.67,0.75,0.87,,,,,,,
Poulton,DY086,South Georgia,Unpublished,,2017-11-30,P3B,-52.7017,-40.0683,61,1,4.61,MDT,24,3.84,3.62,1675.44,128.23,,,4.27,18.35,2.6,0.96,,,,,,,
Poulton,DY086,South Georgia,Unpublished,,2017-12-03,P3B,-52.7672,-40.0503,6,60,0.51,MDT,24,5.08,2.94,4729.43,1085.8,,,3.2,16.71,0.75,0.73,,,,,,,
Poulton,DY086,South Georgia,Unpublished,,2017-12-03,P3B,-52.7672,-40.0503,22,25,1.39,MDT,24,3.82,0.98,4040.8,311.49,,,3,16.85,0.76,0.76,,,,,,,
Poulton,DY086,South Georgia,Unpublished,,2017-12-03,P3B,-52.7672,-40.0503,42,5,3,MDT,24,1.34,0.55,2652.15,534.03,,,3.19,18.02,1.41,1.01,,,,,,,
Poulton,DY086,South Georgia,Unpublished,,2017-12-03,P3B,-52.7672,-40.0503,52,1,4.61,MDT,24,1.14,0.46,827.35,129.99,,,2.14,19.11,4.65,1.2,,,,,,,
Poulton,DY086,South Georgia,Unpublished,,2017-12-05,P3B,-52.7175,-40.3183,7,60,0.51,MDT,24,3.89,0.39,1604.71,335.27,,,1.59,17.04,0.27,0.8,,,,,,,
Poulton,DY086,South Georgia,Unpublished,,2017-12-05,P3B,-52.7175,-40.3183,16,25,1.39,MDT,24,2.5,1.03,1458.65,213.63,,,1.64,17.1,0.24,0.82,,,,,,,
Poulton,DY086,South Georgia,Unpublished,,2017-12-05,P3B,-52.7175,-40.3183,26,5,3,MDT,24,2.38,0.92,1471.67,265.11,,,1.74,17.05,0.22,0.79,,,,,,,
Poulton,DY086,South Georgia,Unpublished,,2017-12-05,P3B,-52.7175,-40.3183,51,1,4.61,MDT,24,1.62,0.74,638.05,145.84,,,1.67,18.01,0.6,0.97,,,,,,,
Poulton,DY086,South Georgia,Unpublished,,2017-12-10,P3C,-52.6853,-40.3178,5,60,0.51,MDT,24,7.73,3.55,2196.38,659.52,,,,,,,,,,,,,
Poulton,DY086,South Georgia,Unpublished,,2017-12-10,P3C,-52.6853,-40.3178,20,25,1.39,MDT,24,6.73,1.35,1981.84,211.8,,,1.18,17.43,0.99,0.96,,,,,,,
Poulton,DY086,South Georgia,Unpublished,,2017-12-10,P3C,-52.6853,-40.3178,40,5,3,MDT,24,4.8,2.13,2115.58,339.66,,,1.38,17.58,1.31,1.02,,,,,,,
Poulton,DY086,South Georgia,Unpublished,,2017-12-12,P3C,-52.7003,-40.2508,8,60,0.51,MDT,24,7.16,0.14,2239.38,618.14,,,1.58,16.87,0.66,0.84,,,,,,,
Poulton,DY086,South Georgia,Unpublished,,2017-12-12,P3C,-52.7003,-40.2508,19,25,1.39,MDT,24,3.93,0.55,2356.33,395.65,,,1.59,16.87,0.63,0.84,,,,,,,
Poulton,DY086,South Georgia,Unpublished,,2017-12-12,P3C,-52.7003,-40.2508,41,5,3,MDT,24,0.78,0.51,1244.74,70.83,,,1.46,17.05,1.02,0.97,,,,,,,
Poulton,DY086,South Georgia,Unpublished,,2017-12-12,P3C,-52.7003,-40.2508,60,1,4.61,MDT,24,0.79,0.42,322.61,52.01,,,0.75,18.11,3.93,1.23,,,,,,,
Poulton,DY090,Namibia,unpublished,,2018-05-27,BS1,-21.6429,9.5107,6,60,0.51,MDT,24,86.7,7.35,1484.83,316.54,,,0.33,0.4,0.59,0.26,,,,,,,
Poulton,DY090,Namibia,unpublished,,2018-05-27,BS1,-21.6429,9.5107,30,25,1.39,MDT,24,68.64,17.26,1543.09,199.91,,,0.33,0.36,0.56,0.26,,,,,,,
Poulton,DY090,Namibia,unpublished,,2018-05-27,BS1,-21.6429,9.5107,40,5,3,MDT,24,20.4,6.89,542.87,95.34,,,,,,,,,,,,,
Poulton,DY090,Namibia,unpublished,,2018-05-27,BS1,-21.6429,9.5107,50,1,4.61,MDT,24,6.44,2.93,147.5,49.75,,,0.34,0.36,0.81,0.26,,,,,,,
Poulton,DY090,Namibia,unpublished,,2018-05-29,BS1,-21.8316,9.6159,6,60,0.51,MDT,24,7.47,1.59,387.48,105.1,,,0.23,0.1,0.6,0.2,,,,,,,
Poulton,DY090,Namibia,unpublished,,2018-05-29,BS1,-21.8316,9.6159,30,25,1.39,MDT,24,14.03,7.47,508.56,103.3,,,0.21,0.09,0.59,0.2,,,,,,,
Poulton,DY090,Namibia,unpublished,,2018-05-29,BS1,-21.8316,9.6159,57,5,3,MDT,24,12.45,0.21,260.31,40.62,,,0.26,0.1,0.61,0.21,,,,,,,
Poulton,DY090,Namibia,unpublished,,2018-05-29,BS1,-21.8316,9.6159,62,1,4.61,MDT,24,2.92,0.38,161.24,43.79,,,0.45,0.29,1.06,0.24,,,,,,,
Poulton,DY090,Namibia,unpublished,,2018-06-04,BN1,-18.0198,11.0084,5,60,0.51,MDT,24,126.31,46.93,8479.21,235.05,,,1.4,13.59,1.95,0.94,,,,,,,
Poulton,DY090,Namibia,unpublished,,2018-06-04,BN1,-18.0198,11.0084,25,25,1.39,MDT,24,111.72,59.84,8369.26,1037.5,,,1.42,13.7,1.92,0.95,,,,,,,
Poulton,DY090,Namibia,unpublished,,2018-06-04,BN1,-18.0198,11.0084,35,5,3,MDT,24,54.61,9.84,1336.93,122.31,,,,,,,,,,,,,
Poulton,DY090,Namibia,unpublished,,2018-06-04,BN1,-18.0198,11.0084,40,1,4.61,MDT,24,5.02,2.66,155.19,46.52,,,1.34,14.01,1.99,0.96,,,,,,,
Poulton,DY090,Namibia,unpublished,,2018-06-07,BN1,-18.0196,11.0083,5,60,0.51,MDT,24,168.96,36.44,9262.49,2063.19,,,1.63,12.36,1.35,0.86,,,,,,,
Poulton,DY090,Namibia,unpublished,,2018-06-07,BN1,-18.0196,11.0083,10,25,1.39,MDT,24,96.37,38.9,7136.67,190.53,,,,,,,,,,,,,
Poulton,DY090,Namibia,unpublished,,2018-06-07,BN1,-18.0196,11.0083,15,5,3,MDT,24,28.65,6.34,1472.23,229.36,,,1.49,12.55,1.33,0.87,,,,,,,
Poulton,DY090,Namibia,unpublished,,2018-06-07,BN1,-18.0196,11.0083,22,1,4.61,MDT,24,6.98,0.32,121.38,10.14,,,,,,,,,,,,,
Poulton,DY090,Namibia,unpublished,,2018-06-09,BN2,-18.0198,11.0082,2,60,0.51,MDT,24,215.34,49.42,7246.78,2219.96,,,,6.62,1.06,0.55,,,,,,,
Poulton,DY090,Namibia,unpublished,,2018-06-09,BN2,-18.0198,11.0082,8,25,1.39,MDT,24,189.56,109.83,5801.57,2253.95,,,0.92,8.84,1.58,0,,,,,,,
Poulton,DY090,Namibia,unpublished,,2018-06-09,BN2,-18.0198,11.0082,13,5,3,MDT,24,40.36,21.86,1351.87,118.14,,,,,,,,,,,,,
Poulton,DY090,Namibia,unpublished,,2018-06-09,BN2,-18.0198,11.0082,18,1,4.61,MDT,24,3.19,1.56,52.21,3.77,,,0.37,14.8,3.18,1,,,,,,,
Poulton,DY090,Namibia,unpublished,,2018-06-11,BN2,-18.0198,11.0083,2,60,0.51,MDT,24,103.56,36.42,4969.33,1411.76,,,0.95,13.71,2.74,0.94,,,,,,,
Poulton,DY090,Namibia,unpublished,,2018-06-11,BN2,-18.0198,11.0083,8,25,1.39,MDT,24,52.3,22.63,5753.27,982.05,,,,14,2.82,0.96,,,,,,,
Poulton,DY090,Namibia,unpublished,,2018-06-11,BN2,-18.0198,11.0083,13,5,3,MDT,24,27.94,0.63,1076.55,38.95,,,0.9,,,,,,,,,,
Poulton,DY090,Namibia,unpublished,,2018-06-11,BN2,-18.0198,11.0083,18,1,4.61,MDT,24,4.82,1.94,114.22,19.55,,,0.84,14.36,2.92,0.98,,,,,,,
Poulton,DY090,Namibia,unpublished,,2018-06-13,BN2,-18.0197,11.0084,3,60,0.51,MDT,24,62.29,68.54,5614,975.89,,,,5.27,0.99,0.5,,,,,,,
Poulton,DY090,Namibia,unpublished,,2018-06-13,BN2,-18.0197,11.0084,9,25,1.39,MDT,24,141.76,71.94,5569.04,233.66,,,1.07,7.49,1.47,0.63,,,,,,,
Poulton,DY090,Namibia,unpublished,,2018-06-13,BN2,-18.0197,11.0084,12,5,3,MDT,24,66.51,22.07,1856.79,366.52,,,,,,,,,,,,,
Poulton,DY090,Namibia,unpublished,,2018-06-13,BN2,-18.0197,11.0084,18,1,4.61,MDT,24,4.61,1.97,92.71,17.31,,,0.92,12.71,2.67,0.93,,,,,,,
Poulton,DY090,Namibia,unpublished,,2018-06-15,BN3,-18.0198,11.0084,5,60,0.51,MDT,24,86.37,16.76,4304.87,440.1,,,0.01,5.61,0.58,0.51,,,,,,,
Poulton,DY090,Namibia,unpublished,,2018-06-15,BN3,-18.0198,11.0084,15,25,1.39,MDT,24,70.24,34.62,3544.76,737.52,,,0.01,7.35,0.94,0.61,,,,,,,
Poulton,DY090,Namibia,unpublished,,2018-06-15,BN3,-18.0198,11.0084,27,5,3,MDT,24,17.04,8.45,792.97,85.75,,,,,,,,,,,,,
Poulton,DY090,Namibia,unpublished,,2018-06-15,BN3,-18.0198,11.0084,40,1,4.61,MDT,24,1.97,1.81,101.1,11.41,,,0.01,15.1,3.34,1.01,,,,,,,
Poulton,DY090,Namibia,unpublished,,2018-06-17,BN3,-18.0197,11.0083,5,60,0.51,MDT,24,39.36,12.81,3320.77,707.12,,,0.9,13.93,2.37,0.96,,,,,,,
Poulton,DY090,Namibia,unpublished,,2018-06-17,BN3,-18.0197,11.0083,10,25,1.39,MDT,24,100.16,11.16,3440.04,650.22,,,0.76,13.94,2.33,0.95,,,,,,,
Poulton,DY090,Namibia,unpublished,,2018-06-17,BN3,-18.0197,11.0083,15,5,3,MDT,24,32.73,9.33,1799.84,169.07,,,,,,,,,,,,,
Poulton,DY090,Namibia,unpublished,,2018-06-17,BN3,-18.0197,11.0083,20,1,4.61,MDT,24,2.68,1.01,102.02,17.36,,,0.63,15.38,2.96,1.03,,,,,,,
Poulton,AMT_16,Sub Tropical Atlantic,"Poulton et al., 2007",doi: 10.1016/j.dsr2.2006.12.003,2005-05-24,3,-31.5,10.3,12,55,0.6,MDT,12,31.39,4.06,930,30,,,0.43,0.53,,0.13,,,,,,19.2,35.5
Poulton,AMT_16,Sub Tropical Atlantic,"Poulton et al., 2007",doi: 10.1016/j.dsr2.2006.12.003,2005-05-28,8,-28.04,-9.15,15,55,0.6,MDT,12,1.36,0.54,71.14,12.48,,,0.07,0.03,1.82,0.03,,,,,,21,36.1
Poulton,AMT_16,Sub Tropical Atlantic,"Poulton et al., 2007",doi: 10.1016/j.dsr2.2006.12.003,2005-05-30,13,-26.32,-17.14,15,55,0.6,MDT,12,6.07,,107.09,11.27,,,0.09,0.03,1.37,0.13,,,,,,23.1,36.7
Poulton,AMT_16,Sub Tropical Atlantic,"Poulton et al., 2007",doi: 10.1016/j.dsr2.2006.12.003,2005-05-31,15,-25.36,-21.56,14,55,0.6,MDT,12,3.46,0.14,45.25,3.12,,,0.07,0.03,1.5,0.11,,,,,,22.7,36.4
Poulton,AMT_16,Sub Tropical Atlantic,"Poulton et al., 2007",doi: 10.1016/j.dsr2.2006.12.003,2005-06-01,17,-22.53,-25,17,55,0.6,MDT,12,2.3,1.32,111.6,5.72,,,0.07,0.03,1.05,0.07,,,,,,25.1,37.1
Poulton,AMT_16,Sub Tropical Atlantic,"Poulton et al., 2007",doi: 10.1016/j.dsr2.2006.12.003,2005-06-02,19,-20.12,-24.6,20,55,0.6,MDT,12,6.94,,112.93,17.65,,,0.06,0.05,1.45,0.12,,,,,,25.5,37.3
Poulton,AMT_16,Sub Tropical Atlantic,"Poulton et al., 2007",doi: 10.1016/j.dsr2.2006.12.003,2005-06-03,21,-16.17,-24.6,20,55,0.6,MDT,12,7.1,,69.57,2.17,,,0.07,0.03,1,0.15,,,,,,25.7,37.3
Poulton,AMT_16,Sub Tropical Atlantic,"Poulton et al., 2007",doi: 10.1016/j.dsr2.2006.12.003,2005-06-04,23,-12.25,-24.6,17,55,0.6,MDT,12,6.05,1.19,180.55,32.1,,,0.09,0.11,0.94,0.08,,,,,,26.6,37
Poulton,AMT_16,Sub Tropical Atlantic,"Poulton et al., 2007",doi: 10.1016/j.dsr2.2006.12.003,2005-06-05,25,-9.05,-24.6,14,55,0.6,MDT,12,2.25,1.05,206.81,6.15,,,0.19,0.03,1.12,0.03,,,,,,27.7,36.3
Poulton,AMT_16,Sub Tropical Atlantic,"Poulton et al., 2007",doi: 10.1016/j.dsr2.2006.12.003,2005-05-06,26,-5.1,-25,12,55,0.6,MDT,12,3.21,0.46,347.6,51.89,,,0.13,0.03,1.02,0.03,,,,,,27.8,35.8
Poulton,AMT_16,Sub Tropical Atlantic,"Poulton et al., 2007",doi: 10.1016/j.dsr2.2006.12.003,2005-06-07,28,-1.38,-24.6,10,55,0.6,MDT,12,17.44,2.06,1204.45,249.79,,,0.24,0.03,1.29,0.06,,,,,,26,36
Poulton,AMT_16,Sub Tropical Atlantic,"Poulton et al., 2007",doi: 10.1016/j.dsr2.2006.12.003,2005-06-08,29,1.1,-25.34,6,55,0.6,MDT,12,7.09,1.96,409.44,41.02,,,0.15,0.03,1.12,0.03,,,,,,28.4,35.1
Poulton,AMT_16,Sub Tropical Atlantic,"Poulton et al., 2007",doi: 10.1016/j.dsr2.2006.12.003,2005-06-09,31,4.16,-27.02,10,55,0.6,MDT,12,6.24,2.44,605.83,100.65,,,0.14,0.03,1.23,0.03,,,,,,28.2,35.2
Poulton,AMT_16,Sub Tropical Atlantic,"Poulton et al., 2007",doi: 10.1016/j.dsr2.2006.12.003,2005-06-10,33,7.15,-28.27,7,55,0.6,MDT,12,7.78,1.55,755.49,458.59,,,0.21,0.05,1.07,0.03,,,,,,28.4,35.5
Poulton,AMT_16,Sub Tropical Atlantic,"Poulton et al., 2007",doi: 10.1016/j.dsr2.2006.12.003,2005-06-11,35,10,-29.48,9,55,0.6,MDT,12,8.28,4.19,563.86,61.23,,,0.12,0.03,0.96,0.03,,,,,,27.6,36.2
Poulton,AMT_16,Sub Tropical Atlantic,"Poulton et al., 2007",doi: 10.1016/j.dsr2.2006.12.003,2005-06-12,UW PP17,12.42,-31.06,5,55,0.6,MDT,12,8.64,1.78,407.9,57.97,,,0.09,,,,,,,,,,
Poulton,AMT_16,Sub Tropical Atlantic,"Poulton et al., 2007",doi: 10.1016/j.dsr2.2006.12.003,2005-06-13,38,15.12,-32.2,13,55,0.6,MDT,12,5.73,2.26,243.55,32.6,,,0.09,0.03,0.66,0.03,,,,,,25.7,36.7
Poulton,AMT_16,Sub Tropical Atlantic,"Poulton et al., 2007",doi: 10.1016/j.dsr2.2006.12.003,2005-06-14,40,18.58,-34.12,20,55,0.6,MDT,12,5.42,0.4,140.98,49.93,,,0.07,0.03,0.92,0.03,,,,,,25.4,36.8
Poulton,AMT_16,Sub Tropical Atlantic,"Poulton et al., 2007",doi: 10.1016/j.dsr2.2006.12.003,2005-06-15,42,22.48,-36.1,14,55,0.6,MDT,12,2.8,0.64,149.55,27.29,,,0.05,0.03,0.7,0.03,,,,,,24.8,37.5
Poulton,AMT_16,Sub Tropical Atlantic,"Poulton et al., 2007",doi: 10.1016/j.dsr2.2006.12.003,2005-06-16,44,25.41,-37.4,5,55,0.6,MDT,12,6.17,1.93,179.74,24.76,,,0.07,,,,,,,,,25.1,37.2
Poulton,AMT_16,Sub Tropical Atlantic,"Poulton et al., 2007",doi: 10.1016/j.dsr2.2006.12.003,2005-06-17,46,29.1,-39.33,18,55,0.6,MDT,12,6.75,0.73,188.19,6.8,,,0.04,0.03,0.84,0.03,,,,,,23.8,36.9
Poulton,AMT_16,Sub Tropical Atlantic,"Poulton et al., 2007",doi: 10.1016/j.dsr2.2006.12.003,2005-06-18,48,31.23,-42.09,15,55,0.6,MDT,12,2.33,0.29,144.75,9.29,,,0.04,0.05,0.81,0.03,,,,,,23.4,36.8
Poulton,AMT_16,Sub Tropical Atlantic,"Poulton et al., 2007",doi: 10.1016/j.dsr2.2006.12.003,2005-06-19,50,33.35,-45.32,10,55,0.6,MDT,12,11.84,0.49,342.24,16.96,,,0.1,0.03,0.62,0.03,,,,,,22.2,36.5
Poulton,AMT_16,Sub Tropical Atlantic,"Poulton et al., 2007",doi: 10.1016/j.dsr2.2006.12.003,2005-06-20,52,34.54,-42.34,12,55,0.6,MDT,12,6.45,0.37,230.92,20.32,,,0.06,0.04,0.66,0.03,,,,,,21.8,36.6
Poulton,AMT_16,Sub Tropical Atlantic,"Poulton et al., 2007",doi: 10.1016/j.dsr2.2006.12.003,2005-06-21,54,36.03,-38.25,10,55,0.6,MDT,12,6.16,0.63,228.71,8.34,,,0.08,0.05,0.63,0.03,,,,,,20.8,36.4
Poulton,AMT_16,Sub Tropical Atlantic,"Poulton et al., 2007",doi: 10.1016/j.dsr2.2006.12.003,2005-06-22,56,37.21,-33.4,9,55,0.6,MDT,12,2.44,0.23,200.85,18.12,,,0.09,0.04,0.38,0.03,,,,,,20,36.2
Poulton,AMT_16,Sub Tropical Atlantic,"Poulton et al., 2007",doi: 10.1016/j.dsr2.2006.12.003,2005-06-23,58,38.18,-30.04,7,55,0.6,MDT,12,12.01,1.75,412.53,33.22,,,0.14,0.05,0.29,0.03,,,,,,19.3,36.2
Poulton,AMT_16,Sub Tropical Atlantic,"Poulton et al., 2007",doi: 10.1016/j.dsr2.2006.12.003,2005-06-24,60,41.08,-26.23,10,55,0.6,MDT,12,17.79,1.26,508.37,7.59,,,0.12,0.03,0.3,0.03,,,,,,18.9,36.1
Poulton,AMT_16,Sub Tropical Atlantic,"Poulton et al., 2007",doi: 10.1016/j.dsr2.2006.12.003,2005-06-25,62,43.44,-22.52,12,55,0.6,MDT,12,9.99,2.37,839.85,43.9,,,0.19,0.05,0.24,0.03,,,,,,17.7,35.9
Poulton,AMT_17,Sub Tropical Atlantic,"Poulton et al., 2007",doi: 10.1016/j.dsr2.2006.12.003,2005-10-20,4,44.35,-19.33,6,55,0.6,MDT,12,3.85,0.31,160,38.15,,,,,,,,,,,,,
Poulton,AMT_17,Sub Tropical Atlantic,"Poulton et al., 2007",doi: 10.1016/j.dsr2.2006.12.003,2005-10-28,7,35.92,-29.13,12,55,0.6,MDT,12,1.53,0.08,120,0.31,,,,,,,,,,,,,
Poulton,AMT_17,Sub Tropical Atlantic,"Poulton et al., 2007",doi: 10.1016/j.dsr2.2006.12.003,2005-10-30,9,31.3,-32.05,13,55,0.6,MDT,12,2.96,0.47,100,3.11,,,,,,,,,,,,,
Poulton,AMT_17,Sub Tropical Atlantic,"Poulton et al., 2007",doi: 10.1016/j.dsr2.2006.12.003,2005-10-31,11,29.53,-36.27,13,55,0.6,MDT,12,4.05,0.45,50,10.24,,,,,,,,,,,,,
Poulton,AMT_17,Sub Tropical Atlantic,"Poulton et al., 2007",doi: 10.1016/j.dsr2.2006.12.003,2005-11-01,13,27.77,-38.81,15,55,0.6,MDT,12,1.35,0.38,50,5.16,,,,,,,,,,,,,
Poulton,AMT_17,Sub Tropical Atlantic,"Poulton et al., 2007",doi: 10.1016/j.dsr2.2006.12.003,2005-11-02,15,23.96,-36.78,19,55,0.6,MDT,12,0.7,0.2,90,9.56,,,,,,,,,,,,,
Poulton,AMT_17,Sub Tropical Atlantic,"Poulton et al., 2007",doi: 10.1016/j.dsr2.2006.12.003,2005-11-03,18,21.05,-35.27,17,55,0.6,MDT,12,1.74,0.35,80,6.27,,,,,,,,,,,,,
Poulton,AMT_17,Sub Tropical Atlantic,"Poulton et al., 2007",doi: 10.1016/j.dsr2.2006.12.003,2005-11-04,20,18.38,-33.91,16,55,0.6,MDT,12,0.81,0.2,120,16.78,,,,,,,,,,,,,
Poulton,AMT_17,Sub Tropical Atlantic,"Poulton et al., 2007",doi: 10.1016/j.dsr2.2006.12.003,2005-11-05,22,15.12,-32.3,11,55,0.6,MDT,12,3.03,0.81,250,8.31,,,,,,,,,,,,,
Poulton,AMT_17,Sub Tropical Atlantic,"Poulton et al., 2007",doi: 10.1016/j.dsr2.2006.12.003,2005-11-06,24,12.07,-30.8,5,55,0.6,MDT,12,4.9,1.04,500,84.62,,,,,,,,,,,,,
Poulton,AMT_17,Sub Tropical Atlantic,"Poulton et al., 2007",doi: 10.1016/j.dsr2.2006.12.003,2005-11-07,26,9.43,-29.52,8,55,0.6,MDT,12,1.38,0.53,350,108.07,,,,,,,,,,,,,
Poulton,AMT_17,Sub Tropical Atlantic,"Poulton et al., 2007",doi: 10.1016/j.dsr2.2006.12.003,2005-11-08,29,6.51,-28.11,6,55,0.6,MDT,12,6.7,0.89,460,47.75,,,,,,,,,,,,,
Poulton,AMT_17,Sub Tropical Atlantic,"Poulton et al., 2007",doi: 10.1016/j.dsr2.2006.12.003,2005-11-09,32,3.48,-26.66,10,55,0.6,MDT,12,1.59,0.65,320,119.04,,,,,,,,,,,,,
Poulton,AMT_17,Sub Tropical Atlantic,"Poulton et al., 2007",doi: 10.1016/j.dsr2.2006.12.003,2005-11-10,34,0.89,-25.44,11,55,0.6,MDT,12,1.57,0.26,330,35.87,,,,,,,,,,,,,
Poulton,AMT_17,Sub Tropical Atlantic,"Poulton et al., 2007",doi: 10.1016/j.dsr2.2006.12.003,2005-11-11,36,-2.89,-25,10,55,0.6,MDT,12,2.58,0.38,280,48.24,,,,,,,,,,,,,
Poulton,AMT_17,Sub Tropical Atlantic,"Poulton et al., 2007",doi: 10.1016/j.dsr2.2006.12.003,2005-11-13,38,-11,-25,17,55,0.6,MDT,12,2.04,0.28,120,18.91,,,,,,,,,,,,,
Poulton,AMT_17,Sub Tropical Atlantic,"Poulton et al., 2007",doi: 10.1016/j.dsr2.2006.12.003,2005-11-14,40,-14.38,-25,19,55,0.6,MDT,12,1.84,0.26,80,14.01,,,,,,,,,,,,,
Poulton,AMT_17,Sub Tropical Atlantic,"Poulton et al., 2007",doi: 10.1016/j.dsr2.2006.12.003,2005-11-15,42,-18.56,-25,22,55,0.6,MDT,12,2.04,0.26,60,2.22,,,,,,,,,,,,,
Poulton,AMT_17,Sub Tropical Atlantic,"Poulton et al., 2007",doi: 10.1016/j.dsr2.2006.12.003,2005-11-16,44,-21.13,-22.44,18,55,0.6,MDT,12,1.77,0.22,70,6.73,,,,,,,,,,,,,
Poulton,AMT_17,Sub Tropical Atlantic,"Poulton et al., 2007",doi: 10.1016/j.dsr2.2006.12.003,2005-11-17,47,-22.16,-20.16,20,55,0.6,MDT,12,1.3,0.53,90,14.83,,,,,,,,,,,,,
Poulton,AMT_17,Sub Tropical Atlantic,"Poulton et al., 2007",doi: 10.1016/j.dsr2.2006.12.003,2005-11-18,49,-23.76,-16.53,21,55,0.6,MDT,12,5.84,,50,9.6,,,,,,,,,,,,,
Poulton,AMT_17,Sub Tropical Atlantic,"Poulton et al., 2007",doi: 10.1016/j.dsr2.2006.12.003,2005-11-20,51,-27.4,-8.12,13,55,0.6,MDT,12,0.89,0.76,90,10.26,,,,,,,,,,,,,
Poulton,AMT_17,Sub Tropical Atlantic,"Poulton et al., 2007",doi: 10.1016/j.dsr2.2006.12.003,2005-11-23,57,-32.53,4.24,8,55,0.6,MDT,12,5.53,2.12,180,17.58,,,,,,,,,,,,,
Poulton,AMT_17,Sub Tropical Atlantic,"Poulton et al., 2007",doi: 10.1016/j.dsr2.2006.12.003,2005-11-24,59,-33.65,8.92,6,55,0.6,MDT,12,11.03,3.64,540,33.95,,,,,,,,,,,,,
Poulton,D321,Iceland Basin,"Poulton et al., 2010",doi: 10.4319/lo.2010.55.4.1601,2007-07-27,uw A (uw 1),58.09,-14.37,5,64,0.45,MDT,24,40.5,3.97,850,238.3,119.82,118.38,0.87,,,,,,,,,,
Poulton,D321,Iceland Basin,"Poulton et al., 2010",doi: 10.4319/lo.2010.55.4.1601,2007-07-28,uw B (uw 10),59.36,-18.29,5,64,0.45,MDT,24,33.7,14.4,240,27.59,73.62,72.66,0.11,,,,,,,,,,
Poulton,D321,Iceland Basin,"Poulton et al., 2010",doi: 10.4319/lo.2010.55.4.1601,2007-07-29,CTD 16204a,59.6,-19.53,10,41,0.89,MDT,24,43.4,7.8,670,77.23,114.94,114.94,0.2,,,,,,,,,,
Poulton,D321,Iceland Basin,"Poulton et al., 2010",doi: 10.4319/lo.2010.55.4.1601,2007-07-29,CTD 16204a,59.6,-19.53,20,16.5,1.8,MDT,24,67.6,15.82,400,25.38,180.62,176,0.23,,,,,,,,,,
Poulton,D321,Iceland Basin,"Poulton et al., 2010",doi: 10.4319/lo.2010.55.4.1601,2007-07-29,CTD 16204a,59.6,-19.53,27,8.8,2.43,MDT,24,38.4,9.99,360,78.04,156.47,152.58,0.29,,,,,,,,,,
Poulton,D321,Iceland Basin,"Poulton et al., 2010",doi: 10.4319/lo.2010.55.4.1601,2007-07-29,CTD 16204a,59.6,-19.53,32,5.6,2.88,MDT,24,49.4,12.3,230,36.72,156.71,152.72,0.27,,,,,,,,,,
Poulton,D321,Iceland Basin,"Poulton et al., 2010",doi: 10.4319/lo.2010.55.4.1601,2007-07-29,CTD 16204a,59.6,-19.53,47,1.5,4.2,MDT,24,3.4,2.09,10,3.22,130.1,126.74,0.19,,,,,,,,,,
Poulton,D321,Iceland Basin,"Poulton et al., 2010",doi: 10.4319/lo.2010.55.4.1601,2007-07-30,16209b,59.42,-20.25,5,64,0.45,MDT,24,35.1,8.35,310,63.09,170.41,165.14,0.18,2.35,0.21,0.19,,,,,,13.6,35.3
Poulton,D321,Iceland Basin,"Poulton et al., 2010",doi: 10.4319/lo.2010.55.4.1601,2007-07-30,16209b,59.42,-20.25,10,41,0.89,MDT,24,45.9,16.77,410,111.9,148.2,147.72,0.2,2.39,0.22,0.17,,,,,,13.6,35.3
Poulton,D321,Iceland Basin,"Poulton et al., 2010",doi: 10.4319/lo.2010.55.4.1601,2007-07-30,16209b,59.42,-20.25,20,16.5,1.8,MDT,24,29.1,7.92,250,68.21,160.04,156.44,0.25,2.59,0.19,0.19,,,,,,13.4,35.3
Poulton,D321,Iceland Basin,"Poulton et al., 2010",doi: 10.4319/lo.2010.55.4.1601,2007-07-30,16209b,59.42,-20.25,27,8.8,2.43,MDT,24,31.6,12.48,170,24.24,203.12,195.74,0.29,2.42,0.23,0.19,,,,,,13.4,35.3
Poulton,D321,Iceland Basin,"Poulton et al., 2010",doi: 10.4319/lo.2010.55.4.1601,2007-07-30,16209b,59.42,-20.25,32,5.6,2.88,MDT,24,6.3,0.52,130,8.95,172.91,170.67,0.28,2.51,0.23,0.25,,,,,,13.4,35.3
Poulton,D321,Iceland Basin,"Poulton et al., 2010",doi: 10.4319/lo.2010.55.4.1601,2007-07-30,16209b,59.42,-20.25,47,1.5,4.2,MDT,24,1.5,0.22,20,2.85,282.52,278.83,0.32,7.55,0.54,0.47,,,,,,11,35.2
Poulton,D321,Iceland Basin,"Poulton et al., 2010",doi: 10.4319/lo.2010.55.4.1601,2007-07-31,16212b,59.43,-18.45,5,64,0.45,MDT,24,55.9,7.97,590,12.68,170.41,159.86,0.25,4.74,0.17,0.5,,,,,,13.5,35.3
Poulton,D321,Iceland Basin,"Poulton et al., 2010",doi: 10.4319/lo.2010.55.4.1601,2007-07-31,16212b,59.43,-18.45,10,41,0.89,MDT,24,70,,680,79.78,139.81,131.9,0.25,2.88,0.19,0.19,,,,,,13.5,35.3
Poulton,D321,Iceland Basin,"Poulton et al., 2010",doi: 10.4319/lo.2010.55.4.1601,2007-07-31,16212b,59.43,-18.45,20,16.5,1.8,MDT,24,72.4,16.91,590,26.95,129.26,119.44,0.24,2.79,0.18,0.2,,,,,,13.5,35.3
Poulton,D321,Iceland Basin,"Poulton et al., 2010",doi: 10.4319/lo.2010.55.4.1601,2007-07-31,16212b,59.43,-18.45,27,8.8,2.43,MDT,24,37.7,7.62,390,39.93,123.49,117.33,0.22,2.43,0.16,0.19,,,,,,13.4,35.3
Poulton,D321,Iceland Basin,"Poulton et al., 2010",doi: 10.4319/lo.2010.55.4.1601,2007-07-31,16212b,59.43,-18.45,32,5.6,2.88,MDT,24,41.2,13.42,350,29.67,126.8,125.16,0.3,2.71,0.18,0.19,,,,,,11.8,35.3
Poulton,D321,Iceland Basin,"Poulton et al., 2010",doi: 10.4319/lo.2010.55.4.1601,2007-07-31,16212b,59.43,-18.45,47,1.5,4.2,MDT,24,10.6,5.07,40,13.54,122.58,121.01,0.2,4.13,0.19,0.19,,,,,,10.7,35.3
Poulton,D321,Iceland Basin,"Poulton et al., 2010",doi: 10.4319/lo.2010.55.4.1601,2007-08-02,16222b,58.51,-21.01,5,64,0.45,MDT,24,27,0.89,380,24.61,103.74,101.39,0.16,2.67,0.16,0.24,,,,,,13.4,35.2
Poulton,D321,Iceland Basin,"Poulton et al., 2010",doi: 10.4319/lo.2010.55.4.1601,2007-08-02,16222b,58.51,-21.01,10,41,0.89,MDT,24,36.5,6.15,290,88.63,136.29,131.9,0.15,2.69,0.15,0.22,,,,,,13.4,35.2
Poulton,D321,Iceland Basin,"Poulton et al., 2010",doi: 10.4319/lo.2010.55.4.1601,2007-08-02,16222b,58.51,-21.01,20,16.5,1.8,MDT,24,22,,160,36.06,147.24,145.78,0.15,2.87,0.16,0.23,,,,,,13.4,35.2
Poulton,D321,Iceland Basin,"Poulton et al., 2010",doi: 10.4319/lo.2010.55.4.1601,2007-08-02,16222b,58.51,-21.01,27,8.8,2.43,MDT,24,25.8,11.71,170,13.03,189.42,184.66,0.15,2.81,0.18,0.25,,,,,,13.3,35.2
Poulton,D321,Iceland Basin,"Poulton et al., 2010",doi: 10.4319/lo.2010.55.4.1601,2007-08-02,16222b,58.51,-21.01,32,5.6,2.88,MDT,24,13.6,1.82,140,20.79,172.16,169.45,0.17,4.93,0.35,0.33,,,,,,12.5,35.2
Poulton,D321,Iceland Basin,"Poulton et al., 2010",doi: 10.4319/lo.2010.55.4.1601,2007-08-02,16222b,58.51,-21.01,47,1.5,4.2,MDT,24,2.4,1.67,30,3.86,123.24,122.84,0.24,9.84,2.52,0.68,,,,,,10.3,35.3
Poulton,D321,Iceland Basin,"Poulton et al., 2010",doi: 10.4319/lo.2010.55.4.1601,2007-08-05,16226b,58.52,-21.01,5,64,0.45,MDT,24,158.8,24.74,1170,179.49,351.49,335.1,0.47,2.32,0.25,0.24,,,,,,13.9,35.3
Poulton,D321,Iceland Basin,"Poulton et al., 2010",doi: 10.4319/lo.2010.55.4.1601,2007-08-05,16226b,58.52,-21.01,10,41,0.89,MDT,24,202.3,7.45,1200,243.68,363.4,344.78,0.47,2.36,0.2,0.21,,,,,,13.9,35.3
Poulton,D321,Iceland Basin,"Poulton et al., 2010",doi: 10.4319/lo.2010.55.4.1601,2007-08-05,16226b,58.52,-21.01,20,16.5,1.8,MDT,24,136.9,41.87,960,204.7,364.15,354.46,0.47,2.33,0.2,0.26,,,,,,13.9,35.3
Poulton,D321,Iceland Basin,"Poulton et al., 2010",doi: 10.4319/lo.2010.55.4.1601,2007-08-05,16226b,58.52,-21.01,27,8.8,2.43,MDT,24,149.6,16.67,950,144.4,274.04,269.36,0.47,4.1,0.62,0.33,,,,,,13.3,35.3
Poulton,D321,Iceland Basin,"Poulton et al., 2010",doi: 10.4319/lo.2010.55.4.1601,2007-08-05,16226b,58.52,-21.01,32,5.6,2.88,MDT,24,73,14.41,420,14.14,112.7,110.88,0.32,9.58,1.75,0.73,,,,,,10.8,35.3
Poulton,D321,Iceland Basin,"Poulton et al., 2010",doi: 10.4319/lo.2010.55.4.1601,2007-08-05,16226b,58.52,-21.01,47,1.5,4.2,MDT,24,11.8,4.43,10,3.86,153.19,148.51,0.13,10.89,2.97,0.7,,,,,,11,35.4
Poulton,D321,Iceland Basin,"Poulton et al., 2010",doi: 10.4319/lo.2010.55.4.1601,2007-08-07,16236b,59.09,-19.19,5,64,0.45,MDT,24,80.6,8.1,610,69.78,103.66,96.21,0.23,,,,,,,,,,
Poulton,D321,Iceland Basin,"Poulton et al., 2010",doi: 10.4319/lo.2010.55.4.1601,2007-08-07,16236b,59.09,-19.19,10,41,0.89,MDT,24,63.8,11.81,480,103.91,108.72,104.25,0.25,,,,,,,,,,
Poulton,D321,Iceland Basin,"Poulton et al., 2010",doi: 10.4319/lo.2010.55.4.1601,2007-08-07,16236b,59.09,-19.19,20,16.5,1.8,MDT,24,60.4,8.11,440,30.46,108.72,103.96,0.3,,,,,,,,,,
Poulton,D321,Iceland Basin,"Poulton et al., 2010",doi: 10.4319/lo.2010.55.4.1601,2007-08-07,16236b,59.09,-19.19,27,8.8,2.43,MDT,24,65,,340,81.21,126.59,120.64,0.39,,,,,,,,,,
Poulton,D321,Iceland Basin,"Poulton et al., 2010",doi: 10.4319/lo.2010.55.4.1601,2007-08-07,16236b,59.09,-19.19,32,5.6,2.88,MDT,24,29.3,6.62,170,9.23,141.19,134.93,0.41,,,,,,,,,,
Poulton,D321,Iceland Basin,"Poulton et al., 2010",doi: 10.4319/lo.2010.55.4.1601,2007-08-07,16236b,59.09,-19.19,47,1.5,4.2,MDT,24,8.6,2.59,50,9.15,114.98,112.3,0.23,,,,,,,,,,
Poulton,D321,Iceland Basin,"Poulton et al., 2010",doi: 10.4319/lo.2010.55.4.1601,2007-08-08,uw C (uw 131),59.34,-19.19,5,64,0.45,MDT,24,76.8,3.62,750,88.12,98.89,98,0.23,,,,,,,,,,
Poulton,D321,Iceland Basin,"Poulton et al., 2010",doi: 10.4319/lo.2010.55.4.1601,2007-08-09,uw D (uw 151),59.52,-19.1,5,64,0.45,MDT,24,79.2,13.55,730,33.3,129.28,125.7,0.22,,,,,,,,,,
Poulton,D321,Iceland Basin,"Poulton et al., 2010",doi: 10.4319/lo.2010.55.4.1601,2007-08-10,16247b,59.59,-20.28,5,64,0.45,MDT,24,234.6,18.89,1810,71.41,470.5,440.22,0.48,2.99,0.51,0.27,,,,,,13.8,35.3
Poulton,D321,Iceland Basin,"Poulton et al., 2010",doi: 10.4319/lo.2010.55.4.1601,2007-08-10,16247b,59.59,-20.28,10,41,0.89,MDT,24,165.5,15.51,1430,160.59,423.23,389.25,0.48,3,0.47,0.27,,,,,,13.7,35.3
Poulton,D321,Iceland Basin,"Poulton et al., 2010",doi: 10.4319/lo.2010.55.4.1601,2007-08-10,16247b,59.59,-20.28,20,16.5,1.8,MDT,24,143.2,11.79,1200,136.43,438,406.98,0.54,3.08,0.47,0.28,,,,,,13.6,35.3
Poulton,D321,Iceland Basin,"Poulton et al., 2010",doi: 10.4319/lo.2010.55.4.1601,2007-08-10,16247b,59.59,-20.28,27,8.8,2.43,MDT,24,116.3,37.37,930,50.95,395.9,360.45,0.64,3.65,0.54,0.31,,,,,,13.6,35.3
Poulton,D321,Iceland Basin,"Poulton et al., 2010",doi: 10.4319/lo.2010.55.4.1601,2007-08-10,16247b,59.59,-20.28,32,5.6,2.88,MDT,24,50.6,20.83,350,15.97,352.32,339.03,0.55,4.58,0.73,0.38,,,,,,13.3,35.3
Poulton,D321,Iceland Basin,"Poulton et al., 2010",doi: 10.4319/lo.2010.55.4.1601,2007-08-10,16247b,59.59,-20.28,47,1.5,4.2,MDT,24,3.7,1.95,40,16.28,167.25,160.39,0.26,10.63,2.28,0.76,,,,,,10.9,35.3
Poulton,D321,Iceland Basin,"Poulton et al., 2010",doi: 10.4319/lo.2010.55.4.1601,2007-08-12,16260b,59.09,-20.29,5,64,0.45,MDT,24,170.2,7.26,1870,81.9,231.27,215.18,0.47,3.18,0.38,0.25,,,,,,13.4,35.2
Poulton,D321,Iceland Basin,"Poulton et al., 2010",doi: 10.4319/lo.2010.55.4.1601,2007-08-12,16260b,59.09,-20.29,10,41,0.89,MDT,24,140.8,2.9,1390,21.99,247.73,223.4,0.48,3.37,0.41,0.53,,,,,,13.4,35.2
Poulton,D321,Iceland Basin,"Poulton et al., 2010",doi: 10.4319/lo.2010.55.4.1601,2007-08-12,16260b,59.09,-20.29,20,16.5,1.8,MDT,24,125.7,5.97,690,218.65,284.28,268.08,0.41,4.43,0.55,0.33,,,,,,12.9,35.2
Poulton,D321,Iceland Basin,"Poulton et al., 2010",doi: 10.4319/lo.2010.55.4.1601,2007-08-12,16260b,59.09,-20.29,27,8.8,2.43,MDT,24,87.9,10.19,640,33.46,214.02,202.85,0.44,5.67,0.84,0.42,,,,,,12.4,35.2
Poulton,D321,Iceland Basin,"Poulton et al., 2010",doi: 10.4319/lo.2010.55.4.1601,2007-08-12,16260b,59.09,-20.29,32,5.6,2.88,MDT,24,47.5,7.01,300,36.31,231.78,226.19,0.41,8.61,1.54,0.64,,,,,,10.8,35.3
Poulton,D321,Iceland Basin,"Poulton et al., 2010",doi: 10.4319/lo.2010.55.4.1601,2007-08-12,16260b,59.09,-20.29,47,1.5,4.2,MDT,24,7.8,4.53,40,7.59,120.04,116.17,0.27,9.95,2.75,0.71,,,,,,10.1,35.3
Poulton,D321,Iceland Basin,"Poulton et al., 2010",doi: 10.4319/lo.2010.55.4.1601,2007-08-13,16266a,59.47,-19.28,5,64,0.45,MDT,24,41.1,6.41,830,27.26,123.49,117.33,,,,,,,,,,,
Poulton,D321,Iceland Basin,"Poulton et al., 2010",doi: 10.4319/lo.2010.55.4.1601,2007-08-14,16274a,59.12,-19.51,5,64,0.45,MDT,24,172.8,5.69,970,74.91,691.54,676.76,0.35,,,,,,,,,,
Poulton,D321,Iceland Basin,"Poulton et al., 2010",doi: 10.4319/lo.2010.55.4.1601,2007-08-14,16274a,59.12,-19.51,10,41,0.89,MDT,24,151,6.99,860,38.29,729.39,691.54,0.37,5.03,0.7,0.33,,,,,,13,35.2
Poulton,D321,Iceland Basin,"Poulton et al., 2010",doi: 10.4319/lo.2010.55.4.1601,2007-08-14,16274a,59.12,-19.51,20,16.5,1.8,MDT,24,126.4,1.24,820,43.6,722,695.23,0.41,5.79,0.95,0.38,,,,,,12.5,35.2
Poulton,D321,Iceland Basin,"Poulton et al., 2010",doi: 10.4319/lo.2010.55.4.1601,2007-08-14,16274a,59.12,-19.51,27,8.8,2.43,MDT,24,32.4,1.83,440,59.29,443.17,415.11,0.35,8.42,1.97,0.55,,,,,,10.8,35.2
Poulton,D321,Iceland Basin,"Poulton et al., 2010",doi: 10.4319/lo.2010.55.4.1601,2007-08-14,16274a,59.12,-19.51,32,5.6,2.88,MDT,24,15,,190,45.24,247.44,243.01,0.32,9.45,2.33,0.64,,,,,,10.4,35.2
Poulton,D321,Iceland Basin,"Poulton et al., 2010",doi: 10.4319/lo.2010.55.4.1601,2007-08-14,16274a,59.12,-19.51,47,1.5,4.2,MDT,24,5.5,4.33,20,3.27,117.95,114.94,0.27,11.8,3.19,0.75,,,,,,9.6,35.3
Poulton,D321,Iceland Basin,"Poulton et al., 2010",doi: 10.4319/lo.2010.55.4.1601,2007-08-18,16285b,59.49,-18.43,5,64,0.45,MDT,24,237.1,12.19,1860,163.39,862.96,807.56,0.83,2.45,0.26,0.18,,,,,,13.5,35.2
Poulton,D321,Iceland Basin,"Poulton et al., 2010",doi: 10.4319/lo.2010.55.4.1601,2007-08-18,16285b,59.49,-18.43,10,41,0.89,MDT,24,246.4,16.16,1880,29.5,872.81,840.8,0.85,2.25,0.22,0.19,,,,,,13.5,35.2
Poulton,D321,Iceland Basin,"Poulton et al., 2010",doi: 10.4319/lo.2010.55.4.1601,2007-08-18,16285b,59.49,-18.43,20,16.5,1.8,MDT,24,232.5,26.42,1690,199.15,859.27,805.1,0.84,3.04,0.24,0.35,,,,,,13.5,35.2
Poulton,D321,Iceland Basin,"Poulton et al., 2010",doi: 10.4319/lo.2010.55.4.1601,2007-08-18,16285b,59.49,-18.43,27,8.8,2.43,MDT,24,168.3,11.68,1360,31.75,861.73,791.56,0.81,2.01,0.24,0.19,,,,,,13.5,35.2
Poulton,D321,Iceland Basin,"Poulton et al., 2010",doi: 10.4319/lo.2010.55.4.1601,2007-08-18,16285b,59.49,-18.43,32,5.6,2.88,MDT,24,118.9,17.72,700,64.63,824.8,757.09,0.42,2.21,0.25,0.18,,,,,,13.5,35.2
Poulton,D321,Iceland Basin,"Poulton et al., 2010",doi: 10.4319/lo.2010.55.4.1601,2007-08-18,16285b,59.49,-18.43,47,1.5,4.2,MDT,24,1.9,1.06,50,3.87,605.67,560.12,0.14,2.82,0.34,0.26,,,,,,13.4,35.2
Poulton,D321,Iceland Basin,"Poulton et al., 2010",doi: 10.4319/lo.2010.55.4.1601,2007-08-19,16286b,59.14,-19.45,5,64,0.45,MDT,24,184.1,16.72,1720,93.99,551.51,505.96,0.51,5.32,0.75,0.32,,,,,,12.9,35.2
Poulton,D321,Iceland Basin,"Poulton et al., 2010",doi: 10.4319/lo.2010.55.4.1601,2007-08-19,16286b,59.14,-19.45,10,41,0.89,MDT,24,112.6,19.64,1240,8.98,569.97,523.19,0.51,7.06,0.75,0.32,,,,,,12.9,35.2
Poulton,D321,Iceland Basin,"Poulton et al., 2010",doi: 10.4319/lo.2010.55.4.1601,2007-08-19,16286b,59.14,-19.45,20,16.5,1.8,MDT,24,112.6,2.91,1010,22.16,619.21,572.43,0.47,5.74,0.76,0.32,,,,,,12.8,35.2
Poulton,D321,Iceland Basin,"Poulton et al., 2010",doi: 10.4319/lo.2010.55.4.1601,2007-08-19,16286b,59.14,-19.45,27,8.8,2.43,MDT,24,60.6,12.82,650,58.56,587.21,547.81,0.45,6.91,1.33,0.42,,,,,,12,35.2
Poulton,D321,Iceland Basin,"Poulton et al., 2010",doi: 10.4319/lo.2010.55.4.1601,2007-08-19,16286b,59.14,-19.45,32,5.6,2.88,MDT,24,23.1,5.11,220,40.54,339.56,309.81,0.33,9.44,2.46,0.6,,,,,,10.6,35.2
Poulton,D321,Iceland Basin,"Poulton et al., 2010",doi: 10.4319/lo.2010.55.4.1601,2007-08-19,16286b,59.14,-19.45,47,1.5,4.2,MDT,24,15.5,1.16,40,5.97,258.52,247.28,0.26,11.71,3.33,0.74,,,,,,9.6,35.3
Poulton,D354,Iceland Basin,unpublished,,2010-07-12,S003,60.01,-20,7,55,0.6,MDT,24,24.65,4.61,3340,150.77,7.58,7.04,1.52,0.6,0.44,0.11,2065.4,2291,1863.5,191.9,8.25,13,35
Poulton,D354,Iceland Basin,unpublished,,2010-07-13,S004,61.82,-21.02,5,55,0.6,MDT,24,24.13,8.91,2780,654.08,125.59,22.71,1.63,1.72,1.17,0.12,2045.7,2311.6,1815.9,221.5,8.31,12.7,35.1
Poulton,D354,Iceland Basin,unpublished,,2010-07-15,S007,59.99,-23.63,6,55,0.6,MDT,24,28.3,5.52,2820,147.01,133.61,29.39,1.31,0.21,0.57,0.06,2060.4,2316.1,1844,206.7,8.22,13,35
Poulton,D354,Iceland Basin,unpublished,,2010-07-16,S009,60.01,-28.14,5,55,0.6,MDT,24,35.94,7.59,4160,468.34,33.28,33.28,2.6,1.99,1.39,0.08,2061.2,2313.9,1849.9,201,8.19,12.2,35
Poulton,D354,Iceland Basin,unpublished,,2010-07-17,S011,60,-35.01,7,55,0.6,MDT,24,80.85,14.53,2340,258.39,10.69,10.69,2.45,4.65,3.03,0.4,,,,,,10.7,34.8
Poulton,D354,Iceland Basin,unpublished,,2010-07-18,S012,59.98,-41.36,5,55,0.6,MDT,24,38.96,5.26,2030,43.87,483.67,128.27,1.26,5.94,4.32,0.48,2094,2307.7,1912.3,168.3,8.07,10,34.9
Poulton,D354,Iceland Basin,unpublished,,2010-07-22,S017,62.99,-35,2,55,0.6,MDT,24,13.73,2.91,1260,833.31,570.36,19.86,1.06,4.39,2.09,0.36,,,,,,11.4,35
Poulton,D354,Iceland Basin,unpublished,,2010-07-23,S019,63,-35,6,55,0.6,MDT,24,95.04,5.75,2410,328.87,1179.79,9.35,1.08,4.31,2.05,0.35,,,,,,11.5,35
Poulton,D354,Iceland Basin,unpublished,,2010-07-24,S020,63,-29.98,7,55,0.6,MDT,24,126.1,23.85,4270,1211.66,566.04,5.42,2.78,1.78,1.7,0.22,2056.5,2298,1875.4,168,8.07,11.9,35
Poulton,D354,Iceland Basin,unpublished,,2010-07-25,S022,60.87,-31.53,7,55,0.6,MDT,24,57.91,2.24,5000,76.57,213.78,7.48,2.99,1.29,1.63,0.15,2054.9,2292.5,1876.1,165.5,8.06,12.3,34.9
Poulton,D354,Iceland Basin,unpublished,,2010-07-27,S025,58.14,-34.98,7,55,0.6,MDT,24,92.03,3.58,2580,91.98,143.23,11.76,1.72,4.39,1.97,0.31,,,,,,11.1,34.8
Poulton,D354,Iceland Basin,unpublished,,2010-07-30,S026,63.82,-35.04,6,55,0.6,MDT,24,140.49,0.57,2300,359.03,289.67,9.62,1.18,5.35,2.23,0.42,2081.7,2302.3,1935.7,127.6,7.93,11.2,35
Poulton,D354,Iceland Basin,unpublished,,2010-07-31,S028,63.82,-35.09,5,55,0.6,MDT,24,141.85,28,2260,423.15,5.34,5.34,1.46,5.59,2.13,0.42,,,,,,11.4,35
Poulton,D354,Iceland Basin,unpublished,,2010-08-01,S029,62.48,-28.36,5,55,0.6,MDT,24,67.28,6.8,2350,49.67,,,1.27,0.1,0.71,0.06,2052.7,,,,,13.1,35
Poulton,D354,Iceland Basin,unpublished,,2010-08-03,S031,62.14,-24.35,12,55,0.6,MDT,24,99.16,33.04,3100,170.56,2.14,2.14,1.62,0.1,1.08,0.08,2047.5,2310.9,1817.6,221.7,8.32,13,35.1
Poulton,D354,Iceland Basin,unpublished,,2010-08-04,S033,61.26,-20.73,7,55,0.6,MDT,24,36.29,5.49,2700,111.95,,,1.27,0.43,0.5,0.06,2055.3,2310.7,1833.1,213.4,8.29,13.6,35.1
Poulton,D354,Iceland Basin,unpublished,,2010-08-05,S035,61.84,-25.68,5,55,0.6,MDT,24,67.72,12.96,3780,621.94,,,1.64,0.28,0.55,0.1,2049.1,2301.2,1835.7,203.6,8.22,12.9,35.1
Poulton,D366,NW European Shelf,"Poulton et al., 2014",doi: 10.5194/bg-11-3919-2014,2011-06-08,6,56.795,-7.406,6,55,0.6,MDT,24,136.08,63.43,4940.15,281.23,239.33,,3.22,1.13,2.2,0.12,2093.8,2308.5,1924.9,154.1,8.1,11.2,34.8
Poulton,D366,NW European Shelf,"Poulton et al., 2014",doi: 10.5194/bg-11-3919-2014,2011-06-08,6,56.795,-7.406,10,20,1.61,MDT,24,94.58,20.34,2832.57,703.57,604.08,,2.99,1.25,2.24,0.14,2092.5,2309,1922.7,155.2,8.1,11.2,34.8
Poulton,D366,NW European Shelf,"Poulton et al., 2014",doi: 10.5194/bg-11-3919-2014,2011-06-08,6,56.795,-7.406,14,14,1.97,MDT,24,128.24,41.68,2974.08,297.33,195.91,,3.17,1.17,2.22,0.14,2092.1,2308.5,1922.3,155.2,8.1,11.2,34.8
Poulton,D366,NW European Shelf,"Poulton et al., 2014",doi: 10.5194/bg-11-3919-2014,2011-06-08,6,56.795,-7.406,20,5,3,MDT,24,65.2,17.39,1868.11,797.63,168.71,,3.08,1,1.89,0.07,2095.7,2310.2,1926.8,154.1,8.09,11.2,34.9
Poulton,D366,NW European Shelf,"Poulton et al., 2014",doi: 10.5194/bg-11-3919-2014,2011-06-08,6,56.795,-7.406,30,1,4.61,MDT,24,18.66,3.96,486.35,156.94,125,,2.97,1.01,1.76,0.07,2096.3,2311.1,1927.2,154.3,8.09,11.2,34.9
Poulton,D366,NW European Shelf,"Poulton et al., 2014",doi: 10.5194/bg-11-3919-2014,2011-06-11,11,52.138,-11.714,5,55,0.6,MDT,24,161.47,15.35,2001.09,227.28,626,,1.13,4.27,1.67,0.24,2108.4,2338.6,1929.7,164.4,8.1,12,35.6
Poulton,D366,NW European Shelf,"Poulton et al., 2014",doi: 10.5194/bg-11-3919-2014,2011-06-11,11,52.138,-11.714,12,20,1.61,MDT,24,138.48,51.93,1912.01,159.74,648,,1.14,4.28,1.67,0.24,,,,,,12,35.6
Poulton,D366,NW European Shelf,"Poulton et al., 2014",doi: 10.5194/bg-11-3919-2014,2011-06-11,11,52.138,-11.714,16,14,1.97,MDT,24,93.25,108.57,1661.39,294.24,613,,1.16,4.49,1.68,0.26,2109.1,2338.7,1930.8,164.1,8.1,12,35.6
Poulton,D366,NW European Shelf,"Poulton et al., 2014",doi: 10.5194/bg-11-3919-2014,2011-06-11,11,52.138,-11.714,25,5,3,MDT,24,93.75,65.05,1459.12,189.26,6,,1.27,4.57,1.69,0.26,2109,2339.3,1930.4,164.4,8.1,11.9,35.6
Poulton,D366,NW European Shelf,"Poulton et al., 2014",doi: 10.5194/bg-11-3919-2014,2011-06-11,11,52.138,-11.714,35,1,4.61,MDT,24,22.28,10.47,686.37,80.4,,,1.04,0.11,0.22,0,2111.4,2338.4,1934.7,162.3,8.1,11.9,35.6
Poulton,D366,NW European Shelf,"Poulton et al., 2014",doi: 10.5194/bg-11-3919-2014,2011-06-13,15,51.609,-5.716,10,55,0.6,MDT,24,26.36,17.03,1641.87,176.77,,,1,0.06,0.22,0,2093.1,2336.6,1906,173.8,8.11,13.3,35.2
Poulton,D366,NW European Shelf,"Poulton et al., 2014",doi: 10.5194/bg-11-3919-2014,2011-06-13,15,51.609,-5.716,13,20,1.61,MDT,24,49.17,8.29,2567.27,476.36,,,0.98,0.09,0.22,0,2092.5,2336.3,1905.2,174,8.11,13.3,35.2
Poulton,D366,NW European Shelf,"Poulton et al., 2014",doi: 10.5194/bg-11-3919-2014,2011-06-13,15,51.609,-5.716,18,14,1.97,MDT,24,41.39,25.42,2351.33,1093.64,,,1.02,0.1,0.3,0.01,2092.1,2337.3,1904.1,174.9,8.11,13.4,35.2
Poulton,D366,NW European Shelf,"Poulton et al., 2014",doi: 10.5194/bg-11-3919-2014,2011-06-13,15,51.609,-5.716,22,5,3,MDT,24,8.65,4.27,1207.25,81.76,,,1.33,0.09,0.38,0.03,2095.6,2337.2,1909.6,172.6,8.11,13.3,35.2
Poulton,D366,NW European Shelf,"Poulton et al., 2014",doi: 10.5194/bg-11-3919-2014,2011-06-13,15,51.609,-5.716,25,1,4.61,MDT,24,4.55,1.95,403.42,94.92,,,2.54,0.01,0.33,0,2097.6,2338.2,1912.2,171.9,8.11,13.2,35.2
Poulton,D366,NW European Shelf,"Poulton et al., 2014",doi: 10.5194/bg-11-3919-2014,2011-06-15,19,50.029,-4.38,3,55,0.6,MDT,24,318.25,94.04,1287.15,52.48,568.7,,0.72,0,0.33,0,2090.3,2337.8,1900.7,176.5,8.11,13.8,35.3
Poulton,D366,NW European Shelf,"Poulton et al., 2014",doi: 10.5194/bg-11-3919-2014,2011-06-15,19,50.029,-4.38,8,20,1.61,MDT,24,297.19,147.93,1201.26,132.87,590.47,,0.74,0,0.31,0,2089,2336.8,1899.2,176.7,8.11,13.8,35.3
Poulton,D366,NW European Shelf,"Poulton et al., 2014",doi: 10.5194/bg-11-3919-2014,2011-06-15,19,50.029,-4.38,12,14,1.97,MDT,24,319.62,132.38,1100.48,99.6,710.2,,0.8,0.01,0.34,0,2088,2338,1897,178,8.12,13.7,35.3
Poulton,D366,NW European Shelf,"Poulton et al., 2014",doi: 10.5194/bg-11-3919-2014,2011-06-15,19,50.029,-4.38,18,5,3,MDT,24,293.3,6.22,1136.78,170.67,786.39,,1.22,0.16,0.89,0.02,2090.5,2338.1,1901.1,176.3,8.12,13.3,35.3
Poulton,D366,NW European Shelf,"Poulton et al., 2014",doi: 10.5194/bg-11-3919-2014,2011-06-15,19,50.029,-4.38,22,1,4.61,MDT,24,89.94,6,947.16,92.97,735,,2.67,0.88,1.12,0.08,2112.2,2344.4,1931.4,166.6,8.09,12.8,35.3
Poulton,D366,NW European Shelf,"Poulton et al., 2014",doi: 10.5194/bg-11-3919-2014,2011-06-19,24,46.496,-7.207,5,55,0.6,MDT,24,24.72,3.42,1535.14,35.36,26,,0.56,0.88,1.12,0.08,2094,2352.3,1897.3,183.9,8.1,15,35.8
Poulton,D366,NW European Shelf,"Poulton et al., 2014",doi: 10.5194/bg-11-3919-2014,2011-06-19,24,46.496,-7.207,18,20,1.61,MDT,24,13.74,1.29,1108.52,199.04,12,,0.59,0.88,1.1,0.08,2093.6,2352.1,1896.7,184,8.1,15,35.8
Poulton,D366,NW European Shelf,"Poulton et al., 2014",doi: 10.5194/bg-11-3919-2014,2011-06-19,24,46.496,-7.207,22,14,1.97,MDT,24,14.11,3.95,1156.87,398.66,48,,0.58,0.87,1.12,0.08,2093.2,2351.4,1896.6,183.7,8.1,15,35.8
Poulton,D366,NW European Shelf,"Poulton et al., 2014",doi: 10.5194/bg-11-3919-2014,2011-06-19,24,46.496,-7.207,33,5,3,MDT,24,6.37,3.66,791.07,149.69,8,,0.58,1.22,1.16,0.1,2093.4,2353.2,1895.9,184.7,8.11,15,35.8
Poulton,D366,NW European Shelf,"Poulton et al., 2014",doi: 10.5194/bg-11-3919-2014,2011-06-19,24,46.496,-7.207,46,1,4.61,MDT,24,8.84,,193.62,13.61,27,,0.53,0.61,0.63,0.05,2101.7,2351.1,1910.3,178,8.09,14.9,35.7
Poulton,D366,NW European Shelf,"Poulton et al., 2014",doi: 10.5194/bg-11-3919-2014,2011-06-21,26,46.177,-7.229,10,55,0.6,MDT,24,31.43,10.88,1620.71,193.44,29,,0.64,0.63,0.63,0.05,2092.9,2350.2,1896.7,183.3,8.1,15.3,35.8
Poulton,D366,NW European Shelf,"Poulton et al., 2014",doi: 10.5194/bg-11-3919-2014,2011-06-21,26,46.177,-7.229,18,20,1.61,MDT,24,41.35,16.9,1988.02,468.18,17,,0.66,0.65,0.63,0.05,2092.3,2350.1,1895.8,183.6,8.1,15.3,35.8
Poulton,D366,NW European Shelf,"Poulton et al., 2014",doi: 10.5194/bg-11-3919-2014,2011-06-21,26,46.177,-7.229,22,14,1.97,MDT,24,40.47,21.31,1317.11,131.43,24,,0.62,1.17,0.71,0.09,2094.3,2350.1,1898.9,182.3,8.1,15.3,35.8
Poulton,D366,NW European Shelf,"Poulton et al., 2014",doi: 10.5194/bg-11-3919-2014,2011-06-21,26,46.177,-7.229,33,5,3,MDT,24,30.66,27.57,727.7,202.15,9,,0.56,2.47,0.97,0.16,2099.5,2348.9,1907.9,178.1,8.09,15.1,35.8
Poulton,D366,NW European Shelf,"Poulton et al., 2014",doi: 10.5194/bg-11-3919-2014,2011-06-21,26,46.177,-7.229,50,1,4.61,MDT,24,7.51,4.83,157.28,54.18,2,,0.43,0.23,1.29,0.02,2106.1,2347.9,1919.3,172.9,8.08,14.6,35.8
Poulton,D366,NW European Shelf,"Poulton et al., 2014",doi: 10.5194/bg-11-3919-2014,2011-06-22,28,48.002,-7.192,5,55,0.6,MDT,24,44.19,14.91,4268.18,592.83,135,,1.82,0.25,1.28,0.02,2086.9,2342.1,1892.5,181.6,8.11,14.5,35.6
Poulton,D366,NW European Shelf,"Poulton et al., 2014",doi: 10.5194/bg-11-3919-2014,2011-06-22,28,48.002,-7.192,12,20,1.61,MDT,24,50.67,6.68,4386.96,118.11,104,,1.82,0.26,1.3,0.02,2085.8,2341.2,1891.4,181.6,8.11,14.5,35.6
Poulton,D366,NW European Shelf,"Poulton et al., 2014",doi: 10.5194/bg-11-3919-2014,2011-06-22,28,48.002,-7.192,15,14,1.97,MDT,24,43.35,8.22,3983.9,227.03,104,,1.79,0.29,1.29,0.03,2088,2340.5,1895.2,179.7,8.1,14.5,35.6
Poulton,D366,NW European Shelf,"Poulton et al., 2014",doi: 10.5194/bg-11-3919-2014,2011-06-22,28,48.002,-7.192,22,5,3,MDT,24,26.4,22.77,2885.63,211,85,,1.9,0.34,1.3,0.03,2088.1,2340.5,1895.5,179.6,8.1,14.5,35.6
Poulton,D366,NW European Shelf,"Poulton et al., 2014",doi: 10.5194/bg-11-3919-2014,2011-06-22,28,48.002,-7.192,35,1,4.61,MDT,24,10.31,4.07,934.51,110.69,60,,1.85,0.29,0.6,0.03,2087.7,2340.6,1894.7,180,8.1,14.5,35.6
Poulton,D366,NW European Shelf,"Poulton et al., 2014",doi: 10.5194/bg-11-3919-2014,2011-06-24,32,50.026,-4.359,3,55,0.6,MDT,24,220.57,118.3,1955.11,355.64,680.27,,1.15,0.56,0.86,0.03,2089.4,2340.9,1897.3,179.2,8.12,14,35.3
Poulton,D366,NW European Shelf,"Poulton et al., 2014",doi: 10.5194/bg-11-3919-2014,2011-06-24,32,50.026,-4.359,8,20,1.61,MDT,24,170.86,81.01,2216.21,137.49,637,,1.18,0.47,0.82,0.02,2099.4,2341.7,1912.5,173.4,8.1,14,35.3
Poulton,D366,NW European Shelf,"Poulton et al., 2014",doi: 10.5194/bg-11-3919-2014,2011-06-24,32,50.026,-4.359,11,14,1.97,MDT,24,200.25,90.93,2520.6,230.66,697,,1.33,1.89,1.82,0.14,2098.8,2341.9,1911.5,173.9,8.1,14,35.3
Poulton,D366,NW European Shelf,"Poulton et al., 2014",doi: 10.5194/bg-11-3919-2014,2011-06-24,32,50.026,-4.359,15,5,3,MDT,24,126.77,,2247.76,657.25,457,,1.51,2.92,2.65,0.23,2126.1,2347.6,1951.2,159.9,8.07,12.9,35.3
Poulton,D366,NW European Shelf,"Poulton et al., 2014",doi: 10.5194/bg-11-3919-2014,2011-06-24,32,50.026,-4.359,25,1,4.61,MDT,24,1.54,1.22,407.6,133,103,,0.88,0.73,0.8,0.16,2139.5,2349.2,1971.2,152.3,8.06,12.2,35.3
Poulton,D366,NW European Shelf,"Poulton et al., 2014",doi: 10.5194/bg-11-3919-2014,2011-06-26,37,52.995,2.501,2,55,0.6,MDT,24,63.06,2.72,2971.67,176.94,20,,1.21,0.74,0.79,0.13,2087.9,2293.4,1922.1,150.1,8.04,14.6,34.1
Poulton,D366,NW European Shelf,"Poulton et al., 2014",doi: 10.5194/bg-11-3919-2014,2011-06-26,37,52.995,2.501,5,20,1.61,MDT,24,43.34,3.8,3205.12,570.49,47,,1.29,0.87,0.79,0.12,2085.3,2292.9,1918.4,151.4,8.04,14.6,34.1
Poulton,D366,NW European Shelf,"Poulton et al., 2014",doi: 10.5194/bg-11-3919-2014,2011-06-26,37,52.995,2.501,10,14,1.97,MDT,24,22.56,1,2814.32,207.78,25.69,,1.34,0.75,0.79,0.13,2088.8,2294.1,1923.2,150,8.03,14.6,34.1
Poulton,D366,NW European Shelf,"Poulton et al., 2014",doi: 10.5194/bg-11-3919-2014,2011-06-26,37,52.995,2.501,15,5,3,MDT,24,24.13,3.99,1878.63,329.02,18.1,,1.19,0.75,0.8,0.12,2087.9,2293.7,1922,150.3,8.04,14.6,34.1
Poulton,D366,NW European Shelf,"Poulton et al., 2014",doi: 10.5194/bg-11-3919-2014,2011-06-26,37,52.995,2.501,20,1,4.61,MDT,24,7.09,1.44,558.05,,22.68,,1.08,0.76,0.8,0.12,2089.7,2293.6,1924.9,149,8.03,14.6,34.1
Poulton,D366,NW European Shelf,"Poulton et al., 2014",doi: 10.5194/bg-11-3919-2014,2011-06-27,39,54.305,7.31,2,55,0.6,MDT,24,824.92,245.15,5032.08,568.38,897.95,,2.38,4.26,3.48,0.03,2119.3,2340.3,1942.9,161.8,8.08,14.3,33.2
Poulton,D366,NW European Shelf,"Poulton et al., 2014",doi: 10.5194/bg-11-3919-2014,2011-06-27,39,54.305,7.31,6,20,1.61,MDT,24,586.56,316.56,5995,310.39,832.65,,3.6,4.53,3.64,0.06,2125.3,2341.2,1952.2,158.3,8.08,13.6,33.2
Poulton,D366,NW European Shelf,"Poulton et al., 2014",doi: 10.5194/bg-11-3919-2014,2011-06-27,39,54.305,7.31,10,14,1.97,MDT,24,583.26,188.28,5558.33,289.82,723.8,,4.14,4.61,3.74,0.07,2127.2,2342.4,1954.4,157.8,8.08,13.5,33.2
Poulton,D366,NW European Shelf,"Poulton et al., 2014",doi: 10.5194/bg-11-3919-2014,2011-06-27,39,54.305,7.31,15,5,3,MDT,24,197.97,68.71,3884.92,557.98,250.34,,4.36,4.74,3.83,0.08,2131.1,2342.7,1960.4,155.5,8.07,13.4,33.2
Poulton,D366,NW European Shelf,"Poulton et al., 2014",doi: 10.5194/bg-11-3919-2014,2011-06-27,39,54.305,7.31,22,1,4.61,MDT,24,34.09,,1726.72,,397.28,,4.66,4.73,3.82,0.06,2131.3,2342,1961.1,154.9,8.07,13.4,33.2
Poulton,D366,NW European Shelf,"Poulton et al., 2014",doi: 10.5194/bg-11-3919-2014,2011-06-29,48,57.763,4.59,5,55,0.6,MDT,24,73.21,31.55,1385.84,455.52,476.19,,0.45,0.27,0.29,0,2054,2293.3,1871,170,8.12,13.2,34.8
Poulton,D366,NW European Shelf,"Poulton et al., 2014",doi: 10.5194/bg-11-3919-2014,2011-06-29,48,57.763,4.59,12,20,1.61,MDT,24,47.16,31.36,816.55,66.48,476.19,,0.58,0.04,0.27,0,2068,2307.7,1884.8,170.2,8.12,12.4,35.1
Poulton,D366,NW European Shelf,"Poulton et al., 2014",doi: 10.5194/bg-11-3919-2014,2011-06-29,48,57.763,4.59,26,14,1.97,MDT,24,41.5,23.39,908.9,85.74,176.87,,0.82,0.09,0.42,0.05,2082.3,2313.6,1904.8,164.1,8.13,10.6,35.1
Poulton,D366,NW European Shelf,"Poulton et al., 2014",doi: 10.5194/bg-11-3919-2014,2011-06-29,48,57.763,4.59,32,5,3,MDT,24,34.19,30.51,313.72,38.17,401.36,,0.98,0.47,0.52,0.11,2099.1,2318.4,1928.7,156.2,8.13,9.4,35.1
Poulton,D366,NW European Shelf,"Poulton et al., 2014",doi: 10.5194/bg-11-3919-2014,2011-06-29,48,57.763,4.59,40,1,4.61,MDT,24,5.82,5.38,51.77,7.36,238.09,,0.68,1.23,0.64,0.19,2104.2,2327,1931.7,158.5,8.13,9.4,35.2
Poulton,D366,NW European Shelf,"Poulton et al., 2014",doi: 10.5194/bg-11-3919-2014,2011-07-02,59,56.493,3.608,12,55,0.6,MDT,24,31.33,16.65,766.9,55.88,231,,,,,,,,,,,,
Poulton,D366,NW European Shelf,"Poulton et al., 2014",doi: 10.5194/bg-11-3919-2014,2011-07-02,59,56.493,3.608,12,20,1.61,MDT,24,34.4,14.03,536.07,141.04,231,,0.25,0.19,0.06,0.02,2093.9,2312.9,1920.9,158.1,8.06,13.8,35
Poulton,D366,NW European Shelf,"Poulton et al., 2014",doi: 10.5194/bg-11-3919-2014,2011-07-02,59,56.493,3.608,17,14,1.97,MDT,24,51.25,38.09,626.01,44.3,38,,0.25,0.2,0.06,0.02,2095.9,2314.9,1922.8,158.2,8.06,13.8,35
Poulton,D366,NW European Shelf,"Poulton et al., 2014",doi: 10.5194/bg-11-3919-2014,2011-07-02,59,56.493,3.608,26,5,3,MDT,24,28.66,6.74,349.98,27.48,234,,0.55,0.14,0.14,0.04,2095.7,2321.4,1921.2,160.6,8.13,10,35
Poulton,D366,NW European Shelf,"Poulton et al., 2014",doi: 10.5194/bg-11-3919-2014,2011-07-02,59,56.493,3.608,36,1,4.61,MDT,24,22.9,,273.92,31.72,242,,2.06,0.38,1.06,0.22,2103,,,,,6.5,35
Poulton,D366,NW European Shelf,"Poulton et al., 2014",doi: 10.5194/bg-11-3919-2014,2011-07-03,61,59.679,4.127,4,55,0.6,MDT,24,83.8,21.91,1404.8,158.86,531,,0.67,0.18,0.02,0,2009.3,2215.5,1845.4,150.5,8.11,13.3,30.7
Poulton,D366,NW European Shelf,"Poulton et al., 2014",doi: 10.5194/bg-11-3919-2014,2011-07-03,61,59.679,4.127,8,20,1.61,MDT,24,47.6,22.67,1812.65,117.89,665,,0.74,0.19,0.03,0,2012.8,2217.1,1849.8,149.4,8.11,13.3,30.7
Poulton,D366,NW European Shelf,"Poulton et al., 2014",doi: 10.5194/bg-11-3919-2014,2011-07-03,61,59.679,4.127,12,14,1.97,MDT,24,49.19,24.29,1447.92,156.22,82,,1,0.19,0.04,0,2014.8,2220.3,1851.3,149.9,8.11,13,30.8
Poulton,D366,NW European Shelf,"Poulton et al., 2014",doi: 10.5194/bg-11-3919-2014,2011-07-03,61,59.679,4.127,18,5,3,MDT,24,70.04,36.44,1846.59,90.87,298,,2.44,0.19,0.22,0,2049.6,2281.9,1870.8,166,8.14,12,33.5
Poulton,D366,NW European Shelf,"Poulton et al., 2014",doi: 10.5194/bg-11-3919-2014,2011-07-03,61,59.679,4.127,35,1,4.61,MDT,24,36.36,20.4,77.81,5.86,155,,0.51,5.63,2,0.36,2134.9,2314,1986.8,130.7,8.08,7.1,34.6
Poulton,D366,NW European Shelf,"Poulton et al., 2014",doi: 10.5194/bg-11-3919-2014,2011-07-05,65,59.99,-5.984,5,55,0.6,MDT,24,12.98,1.88,2712.27,214.8,84,,1.05,4.73,1.72,0.32,2088.3,2327.9,1905.1,170,8.13,11.7,35.3
Poulton,D366,NW European Shelf,"Poulton et al., 2014",doi: 10.5194/bg-11-3919-2014,2011-07-05,65,59.99,-5.984,12,20,1.61,MDT,24,34.52,0.85,2798.41,92.33,74,,1.14,4.9,1.76,0.35,2088.5,2328.8,1905.1,170.3,8.13,11.6,35.3
Poulton,D366,NW European Shelf,"Poulton et al., 2014",doi: 10.5194/bg-11-3919-2014,2011-07-05,65,59.99,-5.984,18,14,1.97,MDT,24,11.25,3.67,1923.22,192.25,113,,1.06,5.37,1.91,0.37,2093.5,2330.6,1911.9,168.2,8.13,11.3,35.3
Poulton,D366,NW European Shelf,"Poulton et al., 2014",doi: 10.5194/bg-11-3919-2014,2011-07-05,65,59.99,-5.984,25,5,3,MDT,24,25.85,12.6,732.66,154.33,76,,0.97,6.81,2.26,0.47,2107.5,2327.9,1935.5,157.4,8.11,10.7,35.3
Poulton,D366,NW European Shelf,"Poulton et al., 2014",doi: 10.5194/bg-11-3919-2014,2011-07-05,65,59.99,-5.984,40,1,4.61,MDT,24,2.66,1.14,102.57,10.85,87,,0.72,8.65,2.77,0.6,2121.5,2329.3,1956.7,149.2,8.09,10,35.3
Poulton,KNOX22,Patagonian Shelf,"Poulton et al., 2013",doi: 10.1002/2013GB004641,2008-12-06,a1,-37,-54,1,55,0.6,MDT,24,33.31,1.81,3010,22.16,12.73,7.82,2.29,,,,1877.5,2037.1,1742.7,119.1,7.98,,
Poulton,KNOX22,Patagonian Shelf,"Poulton et al., 2013",doi: 10.1002/2013GB004641,2008-12-06,a1,-37,-54,2,33,1.11,MDT,24,23.79,2.05,3610,58.56,15.35,7.56,2.29,0.03,14.2,0.24,,,,,,17.4,28.7
Poulton,KNOX22,Patagonian Shelf,"Poulton et al., 2013",doi: 10.1002/2013GB004641,2008-12-06,a1,-37,-54,7,14,1.97,MDT,24,22.43,3.58,4510,40.54,17.67,11.51,2.29,0.03,14.1,0.24,,,,,,17.4,28.7
Poulton,KNOX22,Patagonian Shelf,"Poulton et al., 2013",doi: 10.1002/2013GB004641,2008-12-06,a1,-37,-54,9,7,2.66,MDT,24,11.46,,2500,5.97,17.09,10.93,2.12,0.03,14,0.24,,,,,,17.3,28.9
Poulton,KNOX22,Patagonian Shelf,"Poulton et al., 2013",doi: 10.1002/2013GB004641,2008-12-06,a1,-37,-54,11,5,3,MDT,24,21.37,0.72,3300,869.54,19.88,13.26,2.21,0.03,13.5,0.25,,,,,,17.3,28.8
Poulton,KNOX22,Patagonian Shelf,"Poulton et al., 2013",doi: 10.1002/2013GB004641,2008-12-06,a1,-37,-54,16,1,4.61,MDT,24,23.66,4.64,4400,1249.74,19.3,18.72,2.71,1.15,2.9,0.4,,,,,,13.3,33
Poulton,KNOX22,Patagonian Shelf,"Poulton et al., 2013",doi: 10.1002/2013GB004641,2008-12-07,a2,-38.46,-52.38,1,55,0.6,MDT,24,15.67,2.67,400,25.68,30.37,17.57,0.14,0.01,1.01,0.21,2056.7,2362.8,1829.8,216.3,8.13,18.1,35.6
Poulton,KNOX22,Patagonian Shelf,"Poulton et al., 2013",doi: 10.1002/2013GB004641,2008-12-07,a2,-38.46,-52.38,9,33,1.11,MDT,24,7.63,2.91,410,92.69,32.78,14.59,0.15,0.02,0.89,0.2,,,,,,18.1,35.6
Poulton,KNOX22,Patagonian Shelf,"Poulton et al., 2013",doi: 10.1002/2013GB004641,2008-12-07,a2,-38.46,-52.38,27,14,1.97,MDT,24,9.18,,350,49.47,34.34,17.32,0.19,0.02,0.89,0.21,,,,,,17.8,35.6
Poulton,KNOX22,Patagonian Shelf,"Poulton et al., 2013",doi: 10.1002/2013GB004641,2008-12-07,a2,-38.46,-52.38,35,7,2.66,MDT,24,7.77,2.64,390,33.49,21.75,10.5,0.17,0.02,0.67,0.19,,,,,,17.5,35.6
Poulton,KNOX22,Patagonian Shelf,"Poulton et al., 2013",doi: 10.1002/2013GB004641,2008-12-07,a2,-38.46,-52.38,44,5,3,MDT,24,7.22,1.21,510,21.52,20.43,8.85,0.25,0.02,0.66,0.2,,,,,,17.3,35.6
Poulton,KNOX22,Patagonian Shelf,"Poulton et al., 2013",doi: 10.1002/2013GB004641,2008-12-07,a2,-38.46,-52.38,63,1,4.61,MDT,24,7.37,,170,2.29,93.69,38.53,0.43,0.03,0.33,0.19,,,,,,17,35.8
Poulton,KNOX22,Patagonian Shelf,"Poulton et al., 2013",doi: 10.1002/2013GB004641,2008-12-08,a3,-39.23,-51.24,1,55,0.6,MDT,24,31.41,4.5,2280,223.73,98.65,6.13,0.4,1.36,2.27,0.32,1988.4,2326.5,1743.7,236,8.22,16.9,34.8
Poulton,KNOX22,Patagonian Shelf,"Poulton et al., 2013",doi: 10.1002/2013GB004641,2008-12-08,a3,-39.23,-51.24,6,33,1.11,MDT,24,13.69,2.24,1680,253.02,112.66,7.88,0.39,1.68,1.95,0.34,,,,,,16.9,34.8
Poulton,KNOX22,Patagonian Shelf,"Poulton et al., 2013",doi: 10.1002/2013GB004641,2008-12-08,a3,-39.23,-51.24,17,14,1.97,MDT,24,18.19,7.16,1530,258,79.39,7.88,0.43,2.29,1.54,0.38,,,,,,16,34.8
Poulton,KNOX22,Patagonian Shelf,"Poulton et al., 2013",doi: 10.1002/2013GB004641,2008-12-08,a3,-39.23,-51.24,22,7,2.66,MDT,24,16.53,2.61,1390,63.51,100.74,7.85,0.44,2.29,1.53,0.38,,,,,,15.5,34.8
Poulton,KNOX22,Patagonian Shelf,"Poulton et al., 2013",doi: 10.1002/2013GB004641,2008-12-08,a3,-39.23,-51.24,28,5,3,MDT,24,13.69,1.58,810,79.84,68,7.59,0.28,2.65,1.32,0.41,,,,,,15.3,34.8
Poulton,KNOX22,Patagonian Shelf,"Poulton et al., 2013",doi: 10.1002/2013GB004641,2008-12-08,a3,-39.23,-51.24,40,1,4.61,MDT,24,10.1,1.99,290,64.46,191.9,11.67,0.54,3.07,1.11,0.45,,,,,,14.4,34.8
Poulton,KNOX22,Patagonian Shelf,"Poulton et al., 2013",doi: 10.1002/2013GB004641,2008-12-09,a4,-41.32,-55.1,1,55,0.6,MDT,24,11.54,1.21,3130,195.86,46.31,4.28,1.19,2.18,1.01,0.43,2034.5,2314.3,1826.4,197.2,8.15,15.1,34.6
Poulton,KNOX22,Patagonian Shelf,"Poulton et al., 2013",doi: 10.1002/2013GB004641,2008-12-09,a4,-41.32,-55.1,4,33,1.11,MDT,24,15.51,0.25,2780,71.32,39.69,2.33,1.7,2.19,1,0.42,,,,,,15.1,34.6
Poulton,KNOX22,Patagonian Shelf,"Poulton et al., 2013",doi: 10.1002/2013GB004641,2008-12-09,a4,-41.32,-55.1,10,14,1.97,MDT,24,16.25,,2940,263.94,40.32,2.3,1.29,2.19,0.89,0.42,,,,,,,
Poulton,KNOX22,Patagonian Shelf,"Poulton et al., 2013",doi: 10.1002/2013GB004641,2008-12-09,a4,-41.32,-55.1,13,7,2.66,MDT,24,9.32,1.87,2320,388.5,31.67,1.91,0.88,2.2,0.88,0.43,,,,,,15.1,34.6
Poulton,KNOX22,Patagonian Shelf,"Poulton et al., 2013",doi: 10.1002/2013GB004641,2008-12-09,a4,-41.32,-55.1,19,5,3,MDT,24,13.76,5.55,2090,248.73,31.13,2.33,0.73,2.31,0.98,0.45,,,,,,14.8,34.6
Poulton,KNOX22,Patagonian Shelf,"Poulton et al., 2013",doi: 10.1002/2013GB004641,2008-12-09,a4,-41.32,-55.1,24,1,4.61,MDT,24,1.57,0.84,370,13.9,46.85,4.99,0.52,2.57,1.07,0.46,,,,,,14.4,34.6
Poulton,KNOX22,Patagonian Shelf,"Poulton et al., 2013",doi: 10.1002/2013GB004641,2008-12-10,a5,-43.22,-58.27,3,55,0.6,MDT,24,20.57,,940,120.79,249.34,244.33,1.64,6.66,0.07,0.66,2023.2,2292.6,1824,188.5,8.2,11.3,34.1
Poulton,KNOX22,Patagonian Shelf,"Poulton et al., 2013",doi: 10.1002/2013GB004641,2008-12-10,a5,-43.22,-58.27,3,33,1.11,MDT,24,24.58,2.25,1170,197.29,201.97,198.47,2.19,6.62,0.05,0.66,,,,,,11.3,34.1
Poulton,KNOX22,Patagonian Shelf,"Poulton et al., 2013",doi: 10.1002/2013GB004641,2008-12-10,a5,-43.22,-58.27,7,14,1.97,MDT,24,20.9,5.94,1100,102.36,221.82,217.73,1.81,6.63,0.04,0.63,,,,,,11.3,34.1
Poulton,KNOX22,Patagonian Shelf,"Poulton et al., 2013",doi: 10.1002/2013GB004641,2008-12-10,a5,-43.22,-58.27,10,7,2.66,MDT,24,16.36,6.11,880,32,257.42,253.34,1.91,6.68,0.04,0.63,,,,,,11.2,34.1
Poulton,KNOX22,Patagonian Shelf,"Poulton et al., 2013",doi: 10.1002/2013GB004641,2008-12-10,a5,-43.22,-58.27,13,5,3,MDT,24,13.57,,1070,128.11,207.22,204.89,1.62,6.85,0.03,0.63,,,,,,11.2,34.1
Poulton,KNOX22,Patagonian Shelf,"Poulton et al., 2013",doi: 10.1002/2013GB004641,2008-12-10,a5,-43.22,-58.27,19,1,4.61,MDT,24,13.41,2.38,550,38.78,195.55,188.54,1.45,7.63,,0.7,,,,,,10.6,34.1
Poulton,KNOX22,Patagonian Shelf,"Poulton et al., 2013",doi: 10.1002/2013GB004641,2008-12-11,a6,-45,-61.29,3,55,0.6,MDT,24,11.65,1.94,4360,368.52,33.62,30.12,0.76,1.16,0.92,0.45,1942.3,2248.2,1720.8,212.7,8.24,,
Poulton,KNOX22,Patagonian Shelf,"Poulton et al., 2013",doi: 10.1002/2013GB004641,2008-12-11,a6,-45,-61.29,4,33,1.11,MDT,24,28.75,3.93,3760,334.46,47.21,36.98,0.75,1.17,0.79,0.46,,,,,,14.1,33.4
Poulton,KNOX22,Patagonian Shelf,"Poulton et al., 2013",doi: 10.1002/2013GB004641,2008-12-11,a6,-45,-61.29,11,14,1.97,MDT,24,23.69,6.06,3620,373.45,54.2,48.64,0.76,1.63,0.78,0.49,,,,,,13.5,33.4
Poulton,KNOX22,Patagonian Shelf,"Poulton et al., 2013",doi: 10.1002/2013GB004641,2008-12-11,a6,-45,-61.29,14,7,2.66,MDT,24,21.26,3.6,2560,120.66,50.67,47.17,0.75,1.69,0.77,0.56,,,,,,13.3,33.4
Poulton,KNOX22,Patagonian Shelf,"Poulton et al., 2013",doi: 10.1002/2013GB004641,2008-12-11,a6,-45,-61.29,17,5,3,MDT,24,16.5,5.98,2290,182.66,61.38,59.53,0.77,2.45,0.75,0.63,,,,,,12.8,33.4
Poulton,KNOX22,Patagonian Shelf,"Poulton et al., 2013",doi: 10.1002/2013GB004641,2008-12-11,a6,-45,-61.29,25,1,4.61,MDT,24,10.07,3.2,620,58.47,28.84,25.61,0.11,5.1,0.72,0.91,,,,,,11.1,33.5
Poulton,KNOX22,Patagonian Shelf,"Poulton et al., 2013",doi: 10.1002/2013GB004641,2008-12-12,a7,-44.59,-58.42,1,55,0.6,MDT,24,206.92,48.08,2350,496.67,656.11,643.27,1.73,7.7,,0.66,,,,,,,
Poulton,KNOX22,Patagonian Shelf,"Poulton et al., 2013",doi: 10.1002/2013GB004641,2008-12-12,a7,-44.59,-58.42,4,33,1.11,MDT,24,208.29,11.4,2260,197.71,705.14,705.14,1.55,8.32,,0.73,,,,,,,
Poulton,KNOX22,Patagonian Shelf,"Poulton et al., 2013",doi: 10.1002/2013GB004641,2008-12-12,a7,-44.59,-58.42,12,14,1.97,MDT,24,420.2,31.78,2400,277.54,1085.73,1079.9,1.18,9.54,,0.8,,,,,,,
Poulton,KNOX22,Patagonian Shelf,"Poulton et al., 2013",doi: 10.1002/2013GB004641,2008-12-12,a7,-44.59,-58.42,15,7,2.66,MDT,24,228.36,23.99,2540,359.07,1104.41,1097.41,1.3,9.7,,0.81,,,,,,,
Poulton,KNOX22,Patagonian Shelf,"Poulton et al., 2013",doi: 10.1002/2013GB004641,2008-12-12,a7,-44.59,-58.42,19,5,3,MDT,24,258.87,7.58,3140,110.75,1098.58,1096.24,1.6,9.85,,0.82,,,,,,,
Poulton,KNOX22,Patagonian Shelf,"Poulton et al., 2013",doi: 10.1002/2013GB004641,2008-12-12,a7,-44.59,-58.42,28,1,4.61,MDT,24,65.21,48.33,600,53.21,936.3,932.8,1.42,10.32,0.1,0.86,,,,,,,
Poulton,KNOX22,Patagonian Shelf,"Poulton et al., 2013",doi: 10.1002/2013GB004641,2008-12-13,a8,-46.15,-57,1,55,0.6,MDT,24,21.05,0.85,2390,96.64,205.47,160.53,0.89,6.96,0.5,0.67,2041.7,2291.8,1853.2,176.5,8.15,12.2,34.2
Poulton,KNOX22,Patagonian Shelf,"Poulton et al., 2013",doi: 10.1002/2013GB004641,2008-12-13,a8,-46.15,-57,4,33,1.11,MDT,24,20.44,2.12,2280,113.76,178.04,145.35,0.91,6.98,0.6,0.67,,,,,,12.2,34.2
Poulton,KNOX22,Patagonian Shelf,"Poulton et al., 2013",doi: 10.1002/2013GB004641,2008-12-13,a8,-46.15,-57,11,14,1.97,MDT,24,20.08,0.45,2220,86.48,174.54,131.77,1.03,6.98,0.5,0.67,,,,,,12.2,34.2
Poulton,KNOX22,Patagonian Shelf,"Poulton et al., 2013",doi: 10.1002/2013GB004641,2008-12-13,a8,-46.15,-57,14,7,2.66,MDT,24,17.78,2.27,2020,77.24,170.49,132.93,0.99,6.99,0.5,0.67,,,,,,,
Poulton,KNOX22,Patagonian Shelf,"Poulton et al., 2013",doi: 10.1002/2013GB004641,2008-12-13,a8,-46.15,-57,18,5,3,MDT,24,14.85,4.02,1830,12.38,219.87,167.34,0.95,6.99,0.3,0.67,,,,,,12.1,34.2
Poulton,KNOX22,Patagonian Shelf,"Poulton et al., 2013",doi: 10.1002/2013GB004641,2008-12-13,a8,-46.15,-57,25,1,4.61,MDT,24,4.41,0.07,340,43.27,172.78,141.85,0.84,6.61,0.1,0.65,,,,,,11,34.2
Poulton,KNOX22,Patagonian Shelf,"Poulton et al., 2013",doi: 10.1002/2013GB004641,2008-12-14,a9,-46.14,-61.29,3,55,0.6,MDT,24,17.54,6.54,5810,404.96,68.65,55.34,2.63,0.49,1,0.46,1991.3,2258.5,1792.9,187.7,8.17,13.8,33.6
Poulton,KNOX22,Patagonian Shelf,"Poulton et al., 2013",doi: 10.1002/2013GB004641,2008-12-14,a9,-46.14,-61.29,3,33,1.11,MDT,24,16.18,2.93,5330,316.26,59.07,45.06,2.58,0.51,1,0.45,,,,,,,
Poulton,KNOX22,Patagonian Shelf,"Poulton et al., 2013",doi: 10.1002/2013GB004641,2008-12-14,a9,-46.14,-61.29,7,14,1.97,MDT,24,18.98,6.12,5990,537.06,83.12,72.15,3.19,0.46,1,0.46,,,,,,13.7,33.6
Poulton,KNOX22,Patagonian Shelf,"Poulton et al., 2013",doi: 10.1002/2013GB004641,2008-12-14,a9,-46.14,-61.29,9,7,2.66,MDT,24,24.72,3.88,5690,60.31,83.62,78.06,2.73,0.52,1,0.45,,,,,,13.8,33.6
Poulton,KNOX22,Patagonian Shelf,"Poulton et al., 2013",doi: 10.1002/2013GB004641,2008-12-14,a9,-46.14,-61.29,12,5,3,MDT,24,24.13,2.44,5230,158.08,68.84,62.79,,0.48,1,0.45,,,,,,13.8,33.6
Poulton,KNOX22,Patagonian Shelf,"Poulton et al., 2013",doi: 10.1002/2013GB004641,2008-12-14,a9,-46.14,-61.29,18,1,4.61,MDT,24,6.31,2.14,1150,172.3,59.53,51.89,2.77,0.5,1,0.47,,,,,,,
Poulton,KNOX22,Patagonian Shelf,"Poulton et al., 2013",doi: 10.1002/2013GB004641,2008-12-15,a10,-47.29,-60.13,1,55,0.6,MDT,24,45.07,7.46,2390,15.75,428.62,428.62,1.11,7.65,0.3,0.59,1989.9,2269.9,1785.1,194.9,8.23,,
Poulton,KNOX22,Patagonian Shelf,"Poulton et al., 2013",doi: 10.1002/2013GB004641,2008-12-15,a10,-47.29,-60.13,3,33,1.11,MDT,24,41.85,2.11,1960,148.39,436.13,435.29,1.1,7.67,0.3,0.6,,,,,,11.3,33.8
Poulton,KNOX22,Patagonian Shelf,"Poulton et al., 2013",doi: 10.1002/2013GB004641,2008-12-15,a10,-47.29,-60.13,10,14,1.97,MDT,24,42.31,4.38,2100,156.34,510.35,510.35,1.1,7.62,0.3,0.59,,,,,,11.3,33.8
Poulton,KNOX22,Patagonian Shelf,"Poulton et al., 2013",doi: 10.1002/2013GB004641,2008-12-15,a10,-47.29,-60.13,13,7,2.66,MDT,24,40.93,5.46,1500,130.2,431.96,430.29,1.11,7.67,0.3,0.6,,,,,,,
Poulton,KNOX22,Patagonian Shelf,"Poulton et al., 2013",doi: 10.1002/2013GB004641,2008-12-15,a10,-47.29,-60.13,17,5,3,MDT,24,52.06,1.94,1480,63.81,734.4,734.4,1.23,9.13,0.3,0.65,,,,,,11.1,33.8
Poulton,KNOX22,Patagonian Shelf,"Poulton et al., 2013",doi: 10.1002/2013GB004641,2008-12-15,a10,-47.29,-60.13,24,1,4.61,MDT,24,15.04,1.73,400,57.97,765.99,765.99,1.47,11.37,0.6,0.73,,,,,,10.2,33.9
Poulton,KNOX22,Patagonian Shelf,"Poulton et al., 2013",doi: 10.1002/2013GB004641,2008-12-16,a11,-47.3,-57,1,55,0.6,MDT,24,13.37,3.5,2230,206.41,148.43,64.63,1.15,6.98,1.4,0.64,2034.7,2304.5,1834.1,189.6,8.18,12.5,34.2
Poulton,KNOX22,Patagonian Shelf,"Poulton et al., 2013",doi: 10.1002/2013GB004641,2008-12-16,a11,-47.3,-57,5,33,1.11,MDT,24,12.43,1.37,2180,217.45,135.93,60.87,2.14,6.93,1.1,0.63,,,,,,,
Poulton,KNOX22,Patagonian Shelf,"Poulton et al., 2013",doi: 10.1002/2013GB004641,2008-12-16,a11,-47.3,-57,14,14,1.97,MDT,24,22.1,2.5,2380,143.42,132.59,56.29,1.62,6.85,1,0.63,,,,,,12.5,34.2
Poulton,KNOX22,Patagonian Shelf,"Poulton et al., 2013",doi: 10.1002/2013GB004641,2008-12-16,a11,-47.3,-57,18,7,2.66,MDT,24,13.1,5.11,1660,111.21,149.27,70.05,1.11,6.85,1,0.63,,,,,,12.5,34.2
Poulton,KNOX22,Patagonian Shelf,"Poulton et al., 2013",doi: 10.1002/2013GB004641,2008-12-16,a11,-47.3,-57,23,5,3,MDT,24,11.63,3.5,1570,68.37,151.77,79.64,1.06,6.86,0.9,0.63,,,,,,12.5,34.2
Poulton,KNOX22,Patagonian Shelf,"Poulton et al., 2013",doi: 10.1002/2013GB004641,2008-12-16,a11,-47.3,-57,33,1,4.61,MDT,24,8.81,4.98,350,52.87,143.01,112.99,0.81,10.3,0.8,0.89,,,,,,9.7,34.2
Poulton,KNOX22,Patagonian Shelf,"Poulton et al., 2013",doi: 10.1002/2013GB004641,2008-12-17,a12,-48.44,-59.09,1,55,0.6,MDT,24,26.8,9.24,2620,418.35,605.62,596.86,2.02,10.33,0.3,0.72,2024.5,2279.4,1834.4,178.8,8.19,,
Poulton,KNOX22,Patagonian Shelf,"Poulton et al., 2013",doi: 10.1002/2013GB004641,2008-12-17,a12,-48.44,-59.09,3,33,1.11,MDT,24,25.16,3.64,2880,486.69,701.93,697.56,2.02,10.32,0.3,0.69,,,,,,11,34
Poulton,KNOX22,Patagonian Shelf,"Poulton et al., 2013",doi: 10.1002/2013GB004641,2008-12-17,a12,-48.44,-59.09,7,14,1.97,MDT,24,40.56,9.83,3970,567.72,655.23,649.4,2.54,10.22,0.4,0.69,,,,,,10.9,34
Poulton,KNOX22,Patagonian Shelf,"Poulton et al., 2013",doi: 10.1002/2013GB004641,2008-12-17,a12,-48.44,-59.09,9,7,2.66,MDT,24,30.23,6.84,3520,144.15,836.19,833.27,2.98,10.01,0.6,0.74,,,,,,10.7,34
Poulton,KNOX22,Patagonian Shelf,"Poulton et al., 2013",doi: 10.1002/2013GB004641,2008-12-17,a12,-48.44,-59.09,10,5,3,MDT,24,31.02,6.08,4010,378.86,672.75,669.83,3.4,10.01,0.6,0.71,,,,,,10.2,34
Poulton,KNOX22,Patagonian Shelf,"Poulton et al., 2013",doi: 10.1002/2013GB004641,2008-12-17,a12,-48.44,-59.09,13,1,4.61,MDT,24,8.2,0.48,560,44.51,125.02,122.1,1.41,11.35,1.4,0.88,,,,,,9.8,34
Poulton,KNOX22,Patagonian Shelf,"Poulton et al., 2013",doi: 10.1002/2013GB004641,2008-12-18,a13,-49.38,-62.47,1,55,0.6,MDT,24,91.02,0.83,1180,151.45,1408.24,1406.42,0.24,6.69,0.3,0.74,2007.8,2241.6,1830.5,165,8.15,11.7,33.4
Poulton,KNOX22,Patagonian Shelf,"Poulton et al., 2013",doi: 10.1002/2013GB004641,2008-12-18,a13,-49.38,-62.47,5,33,1.11,MDT,24,152.44,61.37,1240,104.05,1514.04,1512.22,0.26,6.77,,0.74,,,,,,11.7,33.4
Poulton,KNOX22,Patagonian Shelf,"Poulton et al., 2013",doi: 10.1002/2013GB004641,2008-12-18,a13,-49.38,-62.47,15,14,1.97,MDT,24,140.17,5.03,1450,134.08,2002.92,2002.92,0.39,7.02,,0.75,,,,,,11.3,33.4
Poulton,KNOX22,Patagonian Shelf,"Poulton et al., 2013",doi: 10.1002/2013GB004641,2008-12-18,a13,-49.38,-62.47,20,7,2.66,MDT,24,116.41,43.59,1500,152.02,2608.54,2608.54,0.5,7.27,,0.76,,,,,,10.7,33.5
Poulton,KNOX22,Patagonian Shelf,"Poulton et al., 2013",doi: 10.1002/2013GB004641,2008-12-18,a13,-49.38,-62.47,25,5,3,MDT,24,156.12,12.94,1580,95.16,2991.61,2991.61,0.78,7.52,,0.78,,,,,,10.2,33.5
Poulton,KNOX22,Patagonian Shelf,"Poulton et al., 2013",doi: 10.1002/2013GB004641,2008-12-18,a13,-49.38,-62.47,35,1,4.61,MDT,24,11.31,4.6,330,60.42,1156.51,1154.69,0.82,7.96,0.2,0.73,,,,,,9.4,33.5
Poulton,KNOX22,Patagonian Shelf,"Poulton et al., 2013",doi: 10.1002/2013GB004641,2008-12-19,a14,-49.45,-60.28,2,55,0.6,MDT,24,9.49,1.9,4570,539.81,239.33,235.68,1.72,1.54,0.6,0.43,1978.8,2279.3,1761,208.7,8.26,,
Poulton,KNOX22,Patagonian Shelf,"Poulton et al., 2013",doi: 10.1002/2013GB004641,2008-12-19,a14,-49.45,-60.28,4,33,1.11,MDT,24,9.16,2.11,3810,314.42,199.93,199.93,1.72,1.45,0.6,0.43,,,,,,11.5,33.7
Poulton,KNOX22,Patagonian Shelf,"Poulton et al., 2013",doi: 10.1002/2013GB004641,2008-12-19,a14,-49.45,-60.28,11,14,1.97,MDT,24,9.06,3.01,4200,87.74,232.76,232.76,1.74,1.27,0.4,0.42,,,,,,11.5,33.7
Poulton,KNOX22,Patagonian Shelf,"Poulton et al., 2013",doi: 10.1002/2013GB004641,2008-12-19,a14,-49.45,-60.28,16,7,2.66,MDT,24,6.03,2.6,3960,416.11,214.52,214.52,1.93,0.73,0.5,0.39,,,,,,11.2,33.7
Poulton,KNOX22,Patagonian Shelf,"Poulton et al., 2013",doi: 10.1002/2013GB004641,2008-12-19,a14,-49.45,-60.28,19,5,3,MDT,24,2.93,0.97,3960,167.75,204.3,203.58,2.1,0.84,0.5,0.4,,,,,,11,33.7
Poulton,KNOX22,Patagonian Shelf,"Poulton et al., 2013",doi: 10.1002/2013GB004641,2008-12-19,a14,-49.45,-60.28,27,1,4.61,MDT,24,5.32,0.78,1770,60.65,166.36,164.9,2.84,1.33,0.3,0.4,,,,,,10.5,33.7
Poulton,KNOX22,Patagonian Shelf,"Poulton et al., 2013",doi: 10.1002/2013GB004641,2008-12-20,a15,-49.45,-57.12,1,55,0.6,MDT,24,508.17,40.28,1380,53.96,3626.41,3626.41,0.64,13.13,,0.92,2046.4,2262,1879.9,152.8,8.13,9.5,33.9
Poulton,KNOX22,Patagonian Shelf,"Poulton et al., 2013",doi: 10.1002/2013GB004641,2008-12-20,a15,-49.45,-57.12,4,33,1.11,MDT,24,461.81,28.14,1180,133.5,3480.48,3480.48,0.39,13.13,,0.92,,,,,,9.5,33.9
Poulton,KNOX22,Patagonian Shelf,"Poulton et al., 2013",doi: 10.1002/2013GB004641,2008-12-20,a15,-49.45,-57.12,12,14,1.97,MDT,24,393.67,72.88,1390,33.01,3392.92,3392.92,0.73,13.29,,0.92,,,,,,9.5,33.9
Poulton,KNOX22,Patagonian Shelf,"Poulton et al., 2013",doi: 10.1002/2013GB004641,2008-12-20,a15,-49.45,-57.12,16,7,2.66,MDT,24,258.66,4.74,1120,162.33,2670.56,2670.56,1.01,13.7,,0.96,,,,,,8.7,33.9
Poulton,KNOX22,Patagonian Shelf,"Poulton et al., 2013",doi: 10.1002/2013GB004641,2008-12-20,a15,-49.45,-57.12,18,5,3,MDT,24,144.42,53.15,1240,17.55,3283.47,3283.47,1.06,13.92,,0.98,,,,,,8.7,33.9
Poulton,KNOX22,Patagonian Shelf,"Poulton et al., 2013",doi: 10.1002/2013GB004641,2008-12-20,a15,-49.45,-57.12,26,1,4.61,MDT,24,19.81,4.52,220,24.67,1991.97,1991.97,1.03,14.9,0.1,1.12,,,,,,7.4,33.9
Poulton,KNOX22,Patagonian Shelf,"Poulton et al., 2013",doi: 10.1002/2013GB004641,2008-12-21,a16,-50.58,-54.46,1,55,0.6,MDT,24,39.03,4.46,2540,158.64,354.41,354.41,1.64,14.05,,1.01,2084.2,2335,1896.1,176.3,8.22,8.1,34
Poulton,KNOX22,Patagonian Shelf,"Poulton et al., 2013",doi: 10.1002/2013GB004641,2008-12-21,a16,-50.58,-54.46,7,33,1.11,MDT,24,24.33,5.12,2320,221.08,461.98,461.98,1.57,14.12,,1,,,,,,8.1,34
Poulton,KNOX22,Patagonian Shelf,"Poulton et al., 2013",doi: 10.1002/2013GB004641,2008-12-21,a16,-50.58,-54.46,21,14,1.97,MDT,24,42.34,5.2,2090,527.35,398.07,398.07,1.6,14.08,,1.01,,,,,,8.1,34
Poulton,KNOX22,Patagonian Shelf,"Poulton et al., 2013",doi: 10.1002/2013GB004641,2008-12-21,a16,-50.58,-54.46,26,7,2.66,MDT,24,31.86,11.01,1900,60.23,390.7,390.7,1.51,14.15,,1,,,,,,8.1,34
Poulton,KNOX22,Patagonian Shelf,"Poulton et al., 2013",doi: 10.1002/2013GB004641,2008-12-21,a16,-50.58,-54.46,34,5,3,MDT,24,32.82,13.11,2630,173.71,400.91,400.91,1.24,14.68,,1.06,,,,,,7.7,34
Poulton,KNOX22,Patagonian Shelf,"Poulton et al., 2013",doi: 10.1002/2013GB004641,2008-12-21,a16,-50.58,-54.46,47,1,4.61,MDT,24,30.92,27.18,820,219.73,282.85,282.85,1.51,18.05,,1.35,,,,,,6.1,34
Poulton,KNOX22,Patagonian Shelf,"Poulton et al., 2013",doi: 10.1002/2013GB004641,2008-12-22,a17,-49.45,-57.39,4,55,0.6,MDT,24,81.62,25.29,1130,13.22,2376.61,2376.61,0.53,14.27,0.7,1.05,2064.4,2276.5,1900,150.5,8.14,8.5,33.8
Poulton,KNOX22,Patagonian Shelf,"Poulton et al., 2013",doi: 10.1002/2013GB004641,2008-12-22,a17,-49.45,-57.39,7,33,1.11,MDT,24,126.18,20.44,990,127.04,2405.79,2405.79,0.53,14.22,0.6,1.06,,,,,,8.5,33.8
Poulton,KNOX22,Patagonian Shelf,"Poulton et al., 2013",doi: 10.1002/2013GB004641,2008-12-22,a17,-49.45,-57.39,18,14,1.97,MDT,24,158.77,41.72,1190,87.3,2155.62,2155.62,0.52,14.23,0.6,1.06,,,,,,8.5,33.8
Poulton,KNOX22,Patagonian Shelf,"Poulton et al., 2013",doi: 10.1002/2013GB004641,2008-12-22,a17,-49.45,-57.39,23,7,2.66,MDT,24,125.73,23.46,930,40.87,2134.78,2134.78,0.54,14.34,0.6,1.07,,,,,,8.4,33.9
Poulton,KNOX22,Patagonian Shelf,"Poulton et al., 2013",doi: 10.1002/2013GB004641,2008-12-22,a17,-49.45,-57.39,30,5,3,MDT,24,82.06,50.03,780,56.69,2243.18,2243.18,0.49,14.81,0.8,1.11,,,,,,8.2,33.9
Poulton,KNOX22,Patagonian Shelf,"Poulton et al., 2013",doi: 10.1002/2013GB004641,2008-12-22,a17,-49.45,-57.39,42,1,4.61,MDT,24,12.74,4.5,220,57.44,2188.98,2188.98,0.48,14.77,0.7,1.11,,,,,,8.2,33.9
Poulton,KNOX22,Patagonian Shelf,"Poulton et al., 2013",doi: 10.1002/2013GB004641,2008-12-23,a18,-48.45,-59.14,3,55,0.6,MDT,24,46.65,15.7,920,41.12,502.84,502.84,0.41,13.04,1.4,0.9,2058.6,2277.5,1889.7,155.3,8.14,9.5,34
Poulton,KNOX22,Patagonian Shelf,"Poulton et al., 2013",doi: 10.1002/2013GB004641,2008-12-23,a18,-48.45,-59.14,4,33,1.11,MDT,24,46.42,16.73,850,181.9,451.97,451.97,0.43,13.04,1.3,0.89,,,,,,9.5,34
Poulton,KNOX22,Patagonian Shelf,"Poulton et al., 2013",doi: 10.1002/2013GB004641,2008-12-23,a18,-48.45,-59.14,12,14,1.97,MDT,24,40.1,11.12,940,57.62,419.45,419.45,0.41,13.09,1.3,0.9,,,,,,,
Poulton,KNOX22,Patagonian Shelf,"Poulton et al., 2013",doi: 10.1002/2013GB004641,2008-12-23,a18,-48.45,-59.14,17,7,2.66,MDT,24,64.32,,930,55.02,388.6,387.76,0.41,13.15,1.4,0.91,,,,,,9.3,34
Poulton,KNOX22,Patagonian Shelf,"Poulton et al., 2013",doi: 10.1002/2013GB004641,2008-12-23,a18,-48.45,-59.14,20,5,3,MDT,24,15.54,6.07,860,39.94,403.61,403.61,0.47,13.25,1.5,0.93,,,,,,9.3,34
Poulton,KNOX22,Patagonian Shelf,"Poulton et al., 2013",doi: 10.1002/2013GB004641,2008-12-23,a18,-48.45,-59.14,28,1,4.61,MDT,24,8.65,2.24,310,53.04,459.55,459.55,0.55,13.31,1.4,0.93,,,,,,9.2,34
Poulton,KNOX22,Patagonian Shelf,"Poulton et al., 2013",doi: 10.1002/2013GB004641,2008-12-24,a19,-48.45,-59.14,3,55,0.6,MDT,24,71.71,19.68,990,231.14,529.52,529.52,0.34,13.28,1.5,0.95,2059.3,2276.3,1891.4,154.1,8.13,9.8,34
Poulton,KNOX22,Patagonian Shelf,"Poulton et al., 2013",doi: 10.1002/2013GB004641,2008-12-24,a19,-48.45,-59.14,5,33,1.11,MDT,24,80.81,11.22,1110,138,548.7,548.7,0.34,13.23,1.5,0.92,,,,,,9.8,34
Poulton,KNOX22,Patagonian Shelf,"Poulton et al., 2013",doi: 10.1002/2013GB004641,2008-12-24,a19,-48.45,-59.14,12,14,1.97,MDT,24,92.58,2.75,1210,25.67,503.67,503.67,0.36,13.28,1.4,0.93,,,,,,9.6,34
Poulton,KNOX22,Patagonian Shelf,"Poulton et al., 2013",doi: 10.1002/2013GB004641,2008-12-24,a19,-48.45,-59.14,16,7,2.66,MDT,24,38.3,3.74,890,86.63,441.13,441.13,0.4,13.5,1.5,0.94,,,,,,9.3,34
Poulton,KNOX22,Patagonian Shelf,"Poulton et al., 2013",doi: 10.1002/2013GB004641,2008-12-24,a19,-48.45,-59.14,20,5,3,MDT,24,22.82,9.2,960,84.27,445.81,445.81,0.51,13.65,1.4,0.95,,,,,,9.1,34
Poulton,KNOX22,Patagonian Shelf,"Poulton et al., 2013",doi: 10.1002/2013GB004641,2008-12-24,a19,-48.45,-59.14,28,1,4.61,MDT,24,6.19,2.39,310,4.63,525.36,525.36,0.56,14.12,1.6,1,,,,,,8.8,34
Poulton,KNOX22,Patagonian Shelf,"Poulton et al., 2013",doi: 10.1002/2013GB004641,2008-12-25,a20,-50.22,-56.13,4,55,0.6,MDT,24,28.67,1.32,980,80.58,643.77,643.77,0.64,14.93,0.5,1.07,2067.6,2276.5,1904.7,148.6,8.13,8.7,34
Poulton,KNOX22,Patagonian Shelf,"Poulton et al., 2013",doi: 10.1002/2013GB004641,2008-12-25,a20,-50.22,-56.13,5,33,1.11,MDT,24,25.58,2.14,840,140.59,642.93,642.93,0.65,14.91,0.5,1.07,,,,,,8.7,34
Poulton,KNOX22,Patagonian Shelf,"Poulton et al., 2013",doi: 10.1002/2013GB004641,2008-12-25,a20,-50.22,-56.13,17,14,1.97,MDT,24,22.54,6.89,1010,95.84,769.69,769.69,0.65,14.96,0.6,1.07,,,,,,8.7,34
Poulton,KNOX22,Patagonian Shelf,"Poulton et al., 2013",doi: 10.1002/2013GB004641,2008-12-25,a20,-50.22,-56.13,23,7,2.66,MDT,24,12.13,3.45,790,91.47,833.06,833.06,0.81,15,0.5,1.09,,,,,,8.3,34
Poulton,KNOX22,Patagonian Shelf,"Poulton et al., 2013",doi: 10.1002/2013GB004641,2008-12-25,a20,-50.22,-56.13,28,5,3,MDT,24,13.7,3.15,750,180.32,1036.42,1036.42,0.89,15,0.3,1.08,,,,,,8.2,34
Poulton,KNOX22,Patagonian Shelf,"Poulton et al., 2013",doi: 10.1002/2013GB004641,2008-12-25,a20,-50.22,-56.13,41,1,4.61,MDT,24,3.8,1.99,290,21.78,992.74,992.74,0.9,15.13,0.4,1.12,,,,,,8.1,34
Poulton,KNOX22,Patagonian Shelf,"Poulton et al., 2013",doi: 10.1002/2013GB004641,2008-12-26,a21,-51.58,-57.37,3,55,0.6,MDT,24,118.03,15.62,6110,329.48,906.86,906.86,3.21,12.31,,0.98,2047.1,2253.4,1886.3,146.7,8.13,,
Poulton,KNOX22,Patagonian Shelf,"Poulton et al., 2013",doi: 10.1002/2013GB004641,2008-12-26,a21,-51.58,-57.37,4,33,1.11,MDT,24,107.29,30.67,4390,951.39,906.41,906.41,3.21,12.26,0.1,0.98,,,,,,8.9,33.7
Poulton,KNOX22,Patagonian Shelf,"Poulton et al., 2013",doi: 10.1002/2013GB004641,2008-12-26,a21,-51.58,-57.37,12,14,1.97,MDT,24,125.27,15.11,4390,670.24,870.38,870.38,2.02,12.26,0.1,0.98,,,,,,8.9,33.7
Poulton,KNOX22,Patagonian Shelf,"Poulton et al., 2013",doi: 10.1002/2013GB004641,2008-12-26,a21,-51.58,-57.37,15,7,2.66,MDT,24,44.15,9.05,3380,568.9,948.11,948.11,2.04,12.25,,0.98,,,,,,8.9,33.7
Poulton,KNOX22,Patagonian Shelf,"Poulton et al., 2013",doi: 10.1002/2013GB004641,2008-12-26,a21,-51.58,-57.37,20,5,3,MDT,24,54.43,20.3,2890,309.02,1002.66,1002.66,1.95,12.25,,0.98,,,,,,8.9,33.7
Poulton,KNOX22,Patagonian Shelf,"Poulton et al., 2013",doi: 10.1002/2013GB004641,2008-12-26,a21,-51.58,-57.37,27,1,4.61,MDT,24,9.7,2.36,550,141.64,1046.54,1046.54,1.91,12.48,0.1,1.01,,,,,,8.8,33.7
Poulton,KNOX22,Patagonian Shelf,"Poulton et al., 2013",doi: 10.1002/2013GB004641,2008-12-27,a22,-52.54,-55.2,3,55,0.6,MDT,24,34.26,12.21,1950,171.11,194.58,194.58,1.25,15.7,,1.17,2067.1,2287.7,1898.7,155.2,8.18,7,33.1
Poulton,KNOX22,Patagonian Shelf,"Poulton et al., 2013",doi: 10.1002/2013GB004641,2008-12-27,a22,-52.54,-55.2,7,33,1.11,MDT,24,18.06,0.83,1840,156.29,277.97,277.97,1.16,15.65,,1.17,,,,,,7,34.1
Poulton,KNOX22,Patagonian Shelf,"Poulton et al., 2013",doi: 10.1002/2013GB004641,2008-12-27,a22,-52.54,-55.2,20,14,1.97,MDT,24,39.57,7.56,2200,50.73,251.68,251.68,1.27,15.65,,1.17,,,,,,7,34.1
Poulton,KNOX22,Patagonian Shelf,"Poulton et al., 2013",doi: 10.1002/2013GB004641,2008-12-27,a22,-52.54,-55.2,27,7,2.66,MDT,24,25.06,0.8,1540,112.98,214.43,214.01,1.15,15.65,,1.17,,,,,,7,34.1
Poulton,KNOX22,Patagonian Shelf,"Poulton et al., 2013",doi: 10.1002/2013GB004641,2008-12-27,a22,-52.54,-55.2,32,5,3,MDT,24,24.57,2.36,1370,145.93,231.84,231.38,1.19,15.69,,1.17,,,,,,7,34.1
Poulton,KNOX22,Patagonian Shelf,"Poulton et al., 2013",doi: 10.1002/2013GB004641,2008-12-27,a22,-52.54,-55.2,46,1,4.61,MDT,24,7.18,3.97,530,122.08,229.09,229.09,1.41,15.68,,1.18,,,,,,6.9,34.1
Poulton,KNOX22,Patagonian Shelf,"Poulton et al., 2013",doi: 10.1002/2013GB004641,2008-12-28,a23,-52.23,-58.19,3,55,0.6,MDT,24,55.16,3.24,2310,140.51,395.27,395.27,1.04,12.01,0.5,1.05,2042.6,2254.8,1878.6,150.4,8.14,9,33.7
Poulton,KNOX22,Patagonian Shelf,"Poulton et al., 2013",doi: 10.1002/2013GB004641,2008-12-28,a23,-52.23,-58.19,6,33,1.11,MDT,24,50.71,13.68,2110,206.33,405.93,405.93,1.06,12.01,0.5,1.05,,,,,,9,33.7
Poulton,KNOX22,Patagonian Shelf,"Poulton et al., 2013",doi: 10.1002/2013GB004641,2008-12-28,a23,-52.23,-58.19,17,14,1.97,MDT,24,48.29,3.95,2250,215.92,321.37,321.37,1.12,12.01,0.6,1.05,,,,,,9,33.7
Poulton,KNOX22,Patagonian Shelf,"Poulton et al., 2013",doi: 10.1002/2013GB004641,2008-12-28,a23,-52.23,-58.19,22,7,2.66,MDT,24,20.45,8.57,1490,232.79,377.49,377.49,1.1,11.97,0.5,1.04,,,,,,9,33.7
Poulton,KNOX22,Patagonian Shelf,"Poulton et al., 2013",doi: 10.1002/2013GB004641,2008-12-28,a23,-52.23,-58.19,28,5,3,MDT,24,26.81,3.81,1370,57.23,336.21,336.21,0.98,12.01,0.5,1.04,,,,,,9,33.7
Poulton,KNOX22,Patagonian Shelf,"Poulton et al., 2013",doi: 10.1002/2013GB004641,2008-12-28,a23,-52.23,-58.19,39,1,4.61,MDT,24,4.99,1.34,450,57.38,282.29,282.29,0.8,12.11,0.4,1.06,,,,,,8.9,33.7
Poulton,KNOX22,Patagonian Shelf,"Poulton et al., 2013",doi: 10.1002/2013GB004641,2008-12-29,a24,-54.07,-58.18,1,55,0.6,MDT,24,185.08,69.01,1040,44.73,528.69,528.69,0.59,17.34,2,1.33,2081.4,2275.4,1927.7,138.4,8.12,7,34
Poulton,KNOX22,Patagonian Shelf,"Poulton et al., 2013",doi: 10.1002/2013GB004641,2008-12-29,a24,-54.07,-58.18,6,33,1.11,MDT,24,157.14,78.94,1030,59.47,643.11,643.11,0.6,17.38,2,1.33,,,,,,7,34
Poulton,KNOX22,Patagonian Shelf,"Poulton et al., 2013",doi: 10.1002/2013GB004641,2008-12-29,a24,-54.07,-58.18,17,14,1.97,MDT,24,154.1,56.27,900,43.1,692.67,692.67,0.61,17.42,1.8,1.33,,,,,,7,34
Poulton,KNOX22,Patagonian Shelf,"Poulton et al., 2013",doi: 10.1002/2013GB004641,2008-12-29,a24,-54.07,-58.18,22,7,2.66,MDT,24,97.98,5.47,540,15.54,561.78,561.78,0.59,17.41,1.9,1.34,,,,,,7,34
Poulton,KNOX22,Patagonian Shelf,"Poulton et al., 2013",doi: 10.1002/2013GB004641,2008-12-29,a24,-54.07,-58.18,27,5,3,MDT,24,91.73,14.12,540,25.24,708.81,708.81,0.55,17.45,1.9,1.33,,,,,,7,34
Poulton,KNOX22,Patagonian Shelf,"Poulton et al., 2013",doi: 10.1002/2013GB004641,2008-12-29,a24,-54.07,-58.18,39,1,4.61,MDT,24,9.5,6.39,100,12.22,634.27,634.27,0.56,17.44,1.9,1.41,,,,,,7,34
Poulton,KNOX22,Patagonian Shelf,"Poulton et al., 2013",doi: 10.1002/2013GB004641,2008-12-30,a25,-52.36,-60.17,2,55,0.6,MDT,24,67.33,4.6,4520,297.15,446.97,446.97,1.93,10.26,,0.9,2031.7,2256.2,1860.7,158.2,8.16,9,33.6
Poulton,KNOX22,Patagonian Shelf,"Poulton et al., 2013",doi: 10.1002/2013GB004641,2008-12-30,a25,-52.36,-60.17,5,33,1.11,MDT,24,54.69,5.33,3920,386.85,474.39,474.39,2.02,10.17,,0.89,,,,,,9,33.6
Poulton,KNOX22,Patagonian Shelf,"Poulton et al., 2013",doi: 10.1002/2013GB004641,2008-12-30,a25,-52.36,-60.17,15,14,1.97,MDT,24,44.62,12.9,4110,159.88,475.7,475.7,1.85,10.18,,0.89,,,,,,9,33.6
Poulton,KNOX22,Patagonian Shelf,"Poulton et al., 2013",doi: 10.1002/2013GB004641,2008-12-30,a25,-52.36,-60.17,19,7,2.66,MDT,24,33.13,20.6,2620,570.08,487.73,487.73,1.89,10.19,,0.88,,,,,,9,33.6
Poulton,KNOX22,Patagonian Shelf,"Poulton et al., 2013",doi: 10.1002/2013GB004641,2008-12-30,a25,-52.36,-60.17,24,5,3,MDT,24,27.79,8.57,2760,163.47,448,448,1.95,10.24,,0.9,,,,,,9,33.6
Poulton,KNOX22,Patagonian Shelf,"Poulton et al., 2013",doi: 10.1002/2013GB004641,2008-12-30,a25,-52.36,-60.17,34,1,4.61,MDT,24,11.26,4.01,620,133.2,398.07,398.07,1.85,10.3,,0.9,,,,,,,
Poulton,AMT_14,Sub Tropical Atlantic,"Poulton et al., 2006",doi: 10.1029/2006GB002712,2004-05-02,C6,-41.04,-41.57,5,97,0.03,MDT,12,87.64,13.79,514,37.8,,,,1.18,1.66,0.2,,,,,,,
Poulton,AMT_14,Sub Tropical Atlantic,"Poulton et al., 2006",doi: 10.1029/2006GB002712,2004-05-02,C6,-41.04,-41.57,10,55,0.6,MDT,12,94.79,13.77,560,97.98,,,,1.21,1.61,0.21,,,,,,,
Poulton,AMT_14,Sub Tropical Atlantic,"Poulton et al., 2006",doi: 10.1029/2006GB002712,2004-05-02,C6,-41.04,-41.57,18,33,1.11,MDT,12,36.79,14.14,377,96.43,,,0.56,1.25,1.62,0.23,,,,,,,
Poulton,AMT_14,Sub Tropical Atlantic,"Poulton et al., 2006",doi: 10.1029/2006GB002712,2004-05-02,C6,-41.04,-41.57,32,14,1.97,MDT,12,101.78,34.52,425,41.56,,,0.6,1.44,1.63,0.24,,,,,,,
Poulton,AMT_14,Sub Tropical Atlantic,"Poulton et al., 2006",doi: 10.1029/2006GB002712,2004-05-02,C6,-41.04,-41.57,65,1,4.61,MDT,12,19.52,10.45,16,4.73,,,0.57,2.21,1.76,0.26,,,,,,,
Poulton,AMT_14,Sub Tropical Atlantic,"Poulton et al., 2006",doi: 10.1029/2006GB002712,2004-05-05,C15,-32.98,-31.01,4,97,0.03,MDT,12,15.13,3.17,118,9.85,,,,0.03,2.48,0.03,,,,,,,
Poulton,AMT_14,Sub Tropical Atlantic,"Poulton et al., 2006",doi: 10.1029/2006GB002712,2004-05-05,C15,-32.98,-31.01,13,55,0.6,MDT,12,9.78,0.86,104,4.78,,,0.14,0.03,2.48,0.03,,,,,,,
Poulton,AMT_14,Sub Tropical Atlantic,"Poulton et al., 2006",doi: 10.1029/2006GB002712,2004-05-05,C15,-32.98,-31.01,24,33,1.11,MDT,12,52.81,23.99,110,13.66,,,0.14,0.03,2.48,0.03,,,,,,,
Poulton,AMT_14,Sub Tropical Atlantic,"Poulton et al., 2006",doi: 10.1029/2006GB002712,2004-05-05,C15,-32.98,-31.01,44,14,1.97,MDT,12,33.13,17.02,91,27.37,,,0.14,0.03,2.71,0.05,,,,,,,
Poulton,AMT_14,Sub Tropical Atlantic,"Poulton et al., 2006",doi: 10.1029/2006GB002712,2004-05-05,C15,-32.98,-31.01,100,1,4.61,MDT,12,6.31,0.36,30,13.48,,,0.25,0.06,2.94,0.07,,,,,,,
Poulton,AMT_14,Sub Tropical Atlantic,"Poulton et al., 2006",doi: 10.1029/2006GB002712,2004-05-11,C36,-12.28,-25,2,97,0.03,MDT,12,42.29,16.49,133,11.2,,,,0.03,,0.03,,,,,,,
Poulton,AMT_14,Sub Tropical Atlantic,"Poulton et al., 2006",doi: 10.1029/2006GB002712,2004-05-11,C36,-12.28,-25,17,55,0.6,MDT,12,69.85,,110,11.04,,,0.05,0.03,,0.04,,,,,,,
Poulton,AMT_14,Sub Tropical Atlantic,"Poulton et al., 2006",doi: 10.1029/2006GB002712,2004-05-11,C36,-12.28,-25,31,33,1.11,MDT,12,20.6,16.07,133,6.53,,,0.06,0.03,,0.04,,,,,,,
Poulton,AMT_14,Sub Tropical Atlantic,"Poulton et al., 2006",doi: 10.1029/2006GB002712,2004-05-11,C36,-12.28,-25,56,14,1.97,MDT,12,3.15,1.13,88,2.54,,,0.08,0.03,,0.05,,,,,,,
Poulton,AMT_14,Sub Tropical Atlantic,"Poulton et al., 2006",doi: 10.1029/2006GB002712,2004-05-11,C36,-12.28,-25,130,1,4.61,MDT,12,0.38,,60,30.33,,,0.27,3.8,,0.2,,,,,,,
Poulton,AMT_14,Sub Tropical Atlantic,"Poulton et al., 2006",doi: 10.1029/2006GB002712,2004-05-14,C44,-0.1,-25,2,97,0.03,MDT,12,83.63,6.54,424,16.4,,,,0.03,0.84,0.03,,,,,,,
Poulton,AMT_14,Sub Tropical Atlantic,"Poulton et al., 2006",doi: 10.1029/2006GB002712,2004-05-14,C44,-0.1,-25,8,55,0.6,MDT,12,33.85,11.68,466,53.94,,,0.17,0.03,0.76,0.03,,,,,,,
Poulton,AMT_14,Sub Tropical Atlantic,"Poulton et al., 2006",doi: 10.1029/2006GB002712,2004-05-14,C44,-0.1,-25,15,33,1.11,MDT,12,54.7,,578,88.56,,,0.17,0.03,0.66,0.03,,,,,,,
Poulton,AMT_14,Sub Tropical Atlantic,"Poulton et al., 2006",doi: 10.1029/2006GB002712,2004-05-14,C44,-0.1,-25,27,14,1.97,MDT,12,45.61,5.95,515,116.27,,,0.18,0.03,0.57,0.03,,,,,,,
Poulton,AMT_14,Sub Tropical Atlantic,"Poulton et al., 2006",doi: 10.1029/2006GB002712,2004-05-14,C44,-0.1,-25,60,1,4.61,MDT,12,12.05,2.79,108,32.53,,,0.42,3.48,1.14,0.13,,,,,,,
Poulton,AMT_14,Sub Tropical Atlantic,"Poulton et al., 2006",doi: 10.1029/2006GB002712,2004-05-16,C50,7.3,-27.71,8,55,0.6,MDT,12,3.49,1.62,762,95.94,,,0.2,0.04,1.05,0.03,,,,,,,
Poulton,AMT_14,Sub Tropical Atlantic,"Poulton et al., 2006",doi: 10.1029/2006GB002712,2004-05-16,C50,7.3,-27.71,15,33,1.11,MDT,12,22.74,11.98,705,47.33,,,0.23,0.04,0.99,0.03,,,,,,,
Poulton,AMT_14,Sub Tropical Atlantic,"Poulton et al., 2006",doi: 10.1029/2006GB002712,2004-05-16,C50,7.3,-27.71,60,1,4.61,MDT,12,2.26,1.57,203,26.88,,,0.51,9.28,2.74,0.37,,,,,,,
Poulton,AMT_14,Sub Tropical Atlantic,"Poulton et al., 2006",doi: 10.1029/2006GB002712,2004-05-17,C53,11.41,-29.37,2,97,0.03,MDT,12,3.32,1.32,388,89.52,,,,0.03,1,0.03,,,,,,,
Poulton,AMT_14,Sub Tropical Atlantic,"Poulton et al., 2006",doi: 10.1029/2006GB002712,2004-05-17,C53,11.41,-29.37,10,55,0.6,MDT,12,12.71,,374,82.24,,,0.14,0.03,1.03,0.03,,,,,,,
Poulton,AMT_14,Sub Tropical Atlantic,"Poulton et al., 2006",doi: 10.1029/2006GB002712,2004-05-17,C53,11.41,-29.37,19,33,1.11,MDT,12,11.16,3.74,374,16.32,,,0.17,0.03,1.03,0.03,,,,,,,
Poulton,AMT_14,Sub Tropical Atlantic,"Poulton et al., 2006",doi: 10.1029/2006GB002712,2004-05-17,C53,11.41,-29.37,34,14,1.97,MDT,12,5.69,3.57,406,78.41,,,0.15,0.03,1.07,0.03,,,,,,,
Poulton,AMT_14,Sub Tropical Atlantic,"Poulton et al., 2006",doi: 10.1029/2006GB002712,2004-05-17,C53,11.41,-29.37,80,1,4.61,MDT,12,3.84,1.89,99,4.06,,,0.39,22.48,4.74,1.14,,,,,,,
Poulton,AMT_14,Sub Tropical Atlantic,"Poulton et al., 2006",doi: 10.1029/2006GB002712,2004-05-20,C63,22.34,-33.76,2,97,0.03,MDT,12,21.91,,346,90.51,,,,0.03,0.59,0.03,,,,,,,
Poulton,AMT_14,Sub Tropical Atlantic,"Poulton et al., 2006",doi: 10.1029/2006GB002712,2004-05-20,C63,22.34,-33.76,15,55,0.6,MDT,12,18.92,5.72,244,26.78,,,0.06,0.03,0.58,0.03,,,,,,,
Poulton,AMT_14,Sub Tropical Atlantic,"Poulton et al., 2006",doi: 10.1029/2006GB002712,2004-05-20,C63,22.34,-33.76,28,33,1.11,MDT,12,13.14,3.73,280,53.23,,,0.06,0.03,0.56,0.03,,,,,,,
Poulton,AMT_14,Sub Tropical Atlantic,"Poulton et al., 2006",doi: 10.1029/2006GB002712,2004-05-20,C63,22.34,-33.76,50,14,1.97,MDT,12,72.92,21.36,314,59.17,,,0.06,0.03,0.54,0.03,,,,,,,
Poulton,AMT_14,Sub Tropical Atlantic,"Poulton et al., 2006",doi: 10.1029/2006GB002712,2004-05-20,C63,22.34,-33.76,115,1,4.61,MDT,12,18.33,0.91,194,41.72,,,0.43,0.74,0.67,0.04,,,,,,,
Poulton,AMT_14,Sub Tropical Atlantic,"Poulton et al., 2006",doi: 10.1029/2006GB002712,2004-05-22,C71,29.31,-36.69,2,97,0.03,MDT,12,20.52,9.65,141,6.77,,,,0.03,0.82,0.03,,,,,,,
Poulton,AMT_14,Sub Tropical Atlantic,"Poulton et al., 2006",doi: 10.1029/2006GB002712,2004-05-22,C71,29.31,-36.69,17,55,0.6,MDT,12,10.03,2.99,140,32.04,,,0.05,0.03,0.82,0.03,,,,,,,
Poulton,AMT_14,Sub Tropical Atlantic,"Poulton et al., 2006",doi: 10.1029/2006GB002712,2004-05-22,C71,29.31,-36.69,31,33,1.11,MDT,12,9.8,,177,61.95,,,0.05,0.03,0.8,0.03,,,,,,,
Poulton,AMT_14,Sub Tropical Atlantic,"Poulton et al., 2006",doi: 10.1029/2006GB002712,2004-05-22,C71,29.31,-36.69,56,14,1.97,MDT,12,6.42,1.49,245,,,,0.06,0.03,0.82,0.03,,,,,,,
Poulton,AMT_14,Sub Tropical Atlantic,"Poulton et al., 2006",doi: 10.1029/2006GB002712,2004-05-22,C71,29.31,-36.69,130,1,4.61,MDT,12,8.53,2.56,8,0.81,,,0.47,0.14,0.83,0.03,,,,,,,
Poulton,AMT_14,Sub Tropical Atlantic,"Poulton et al., 2006",doi: 10.1029/2006GB002712,2004-05-25,C77,35.76,-22.85,2,97,0.03,MDT,12,32.67,13.32,424,7.53,,,,0.03,   ,0.03,,,,,,,
Poulton,AMT_14,Sub Tropical Atlantic,"Poulton et al., 2006",doi: 10.1029/2006GB002712,2004-05-25,C77,35.76,-22.85,11,55,0.6,MDT,12,81.42,4.15,357,34.31,,,0.1,0.03,   ,0.03,,,,,,,
Poulton,AMT_14,Sub Tropical Atlantic,"Poulton et al., 2006",doi: 10.1029/2006GB002712,2004-05-25,C77,35.76,-22.85,20,33,1.11,MDT,12,16.13,1.73,287,26.63,,,0.11,0.03,   ,0.03,,,,,,,
Poulton,AMT_14,Sub Tropical Atlantic,"Poulton et al., 2006",doi: 10.1029/2006GB002712,2004-05-25,C77,35.76,-22.85,36,14,1.97,MDT,12,6.53,4.28,259,24.37,,,0.13,0.03,   ,0.03,,,,,,,
Poulton,AMT_14,Sub Tropical Atlantic,"Poulton et al., 2006",doi: 10.1029/2006GB002712,2004-05-25,C77,35.76,-22.85,80,1,4.61,MDT,12,1.27,,126,,,,0.4,0.83,0.8,0.03,,,,,,,
Poulton,AMT_14,Sub Tropical Atlantic,"Poulton et al., 2006",doi: 10.1029/2006GB002712,2004-05-26,C80,38.68,-19.97,7,55,0.6,MDT,12,24.57,11.02,419,27.09,,,0.15,0.03,   ,0.03,,,,,,,
Poulton,AMT_14,Sub Tropical Atlantic,"Poulton et al., 2006",doi: 10.1029/2006GB002712,2004-05-26,C80,38.68,-19.97,13,33,1.11,MDT,12,10.37,2.86,345,76.28,,,0.15,0.04,   ,0.03,,,,,,,
Poulton,AMT_14,Sub Tropical Atlantic,"Poulton et al., 2006",doi: 10.1029/2006GB002712,2004-05-26,C80,38.68,-19.97,50,1,4.61,MDT,12,22,6.14,130,26.66,,,0.5,1.09,   ,0.03,,,,,,,
Poulton,AMT_14,Sub Tropical Atlantic,"Poulton et al., 2006",doi: 10.1029/2006GB002712,2004-05-29,C88,49.01,-16.4,4,97,0.03,MDT,12,5.05,2.43,456,12.55,,,0.17,5.56,   ,0.26,,,,,,,
Poulton,AMT_14,Sub Tropical Atlantic,"Poulton et al., 2006",doi: 10.1029/2006GB002712,2004-05-29,C88,49.01,-16.4,8,55,0.6,MDT,12,64.43,2.04,796,227.07,,,0.17,5.68,   ,0.32,,,,,,,
Poulton,AMT_14,Sub Tropical Atlantic,"Poulton et al., 2006",doi: 10.1029/2006GB002712,2004-05-29,C88,49.01,-16.4,15,33,1.11,MDT,12,43.5,11.52,694,36.76,,,0.17,5.72,   ,0.33,,,,,,,
Poulton,AMT_14,Sub Tropical Atlantic,"Poulton et al., 2006",doi: 10.1029/2006GB002712,2004-05-29,C88,49.01,-16.4,61,1,4.61,MDT,12,7.68,3.12,103,15.15,,,,7.78,0.93,0.49,,,,,,,
Poulton,DY180,Iceland Basin,unpublished,,2024-05-28,27,60,-24,14.53,66,0.42,MDT,24,114.88,1.57,2143.11,529.77,,,,,,,,,,,,,
Poulton,DY180,Iceland Basin,unpublished,,2024-05-28,27,60,-24,14.53,38,0.97,MDT,24,263.63,12.62,2269.51,100.08,,,,,,,,,,,,,
Poulton,DY180,Iceland Basin,unpublished,,2024-05-28,27,60,-24,14.53,21,1.56,MDT,24,270.53,65.26,1727.5,204.08,146.9,136.02,1.17,9.97,5.34,0.64,,,,,8.21,9.6,35.2
Poulton,DY180,Iceland Basin,unpublished,,2024-05-28,27,60,-24,20.56,8,2.53,MDT,24,133.99,16.14,764.29,138.17,142.82,126.5,1.39,10.02,5.38,0.65,,,,,8.21,9.5,35.2
Poulton,DY180,Iceland Basin,unpublished,,2024-05-28,27,60,-24,25.96,5,3,MDT,24,36.98,5.22,260.69,24.32,118.34,107.46,1.05,10.48,5.46,0.69,,,,,8.2,9.4,35.2
Poulton,DY180,Iceland Basin,unpublished,,2024-05-31,63,56.22,-26.83,16.24,66,0.42,MDT,24,553,37.13,3053.74,890.43,,,,,,,,,,,,,
Poulton,DY180,Iceland Basin,unpublished,,2024-05-31,63,56.22,-26.83,16.24,38,0.97,MDT,24,471.65,88.79,1951.83,82.06,,,,,,,,,,,,,
Poulton,DY180,Iceland Basin,unpublished,,2024-05-31,63,56.22,-26.83,16.24,21,1.56,MDT,24,468.56,28.32,1471.37,186.44,634.68,609.76,1.02,8.46,3.94,0.56,,,,,8.22,10,35.1
Poulton,DY180,Iceland Basin,unpublished,,2024-05-31,63,56.22,-26.83,20.79,8,2.53,MDT,24,174.56,20.02,688.03,107.56,600.58,576.98,0.91,8.58,3.98,0.57,,,,,8.22,10.1,35.2
Poulton,DY180,Iceland Basin,unpublished,,2024-05-31,63,56.22,-26.83,25.88,5,3,MDT,24,63.51,6.74,314.12,85.14,495.68,478.63,0.9,8.57,3.99,0.57,,,,,8.21,10.1,35.2
Poulton,DY180,Iceland Basin,unpublished,,2024-06-04,103,57.12,-26.27,15.88,66,0.42,MDT,24,511.21,23.85,3493.11,326.85,,,,,,,,,,,,,
Poulton,DY180,Iceland Basin,unpublished,,2024-06-04,103,57.12,-26.27,15.88,38,0.97,MDT,24,341.34,83.07,2557.31,470.6,,,,,,,,,,,,,
Poulton,DY180,Iceland Basin,unpublished,,2024-06-04,103,57.12,-26.27,15.88,21,1.56,MDT,24,331.34,64.2,1066.05,145.96,713.92,682.07,1.22,7.76,3.71,0.5,,,,,8.23,10.3,35.1
Poulton,DY180,Iceland Basin,unpublished,,2024-06-04,103,57.12,-26.27,21.18,8,2.53,MDT,24,189.42,24.63,1181.62,251.06,733.83,703.31,1.28,7.79,3.71,0.51,,,,,8.23,10.3,35.1
Poulton,DY180,Iceland Basin,unpublished,,2024-06-04,103,57.12,-26.27,26.21,5,3,MDT,24,113.24,15.11,372,54.87,709.94,663.5,1.29,7.77,3.69,0.5,,,,,8.23,10.3,35.1
Poulton,DY180,Iceland Basin,unpublished,,2024-06-07,124,59.42,-22.61,15.8,66,0.42,MDT,24,1422.31,225.58,3583.57,224.22,,,,,,,,,,,,,
Poulton,DY180,Iceland Basin,unpublished,,2024-06-07,124,59.42,-22.61,15.8,38,0.97,MDT,24,1324.14,42.58,2936.42,39.68,,,,,,,,,,,,,
Poulton,DY180,Iceland Basin,unpublished,,2024-06-07,124,59.42,-22.61,15.8,21,1.56,MDT,24,683.21,135.7,2024.18,195.75,697.32,658.06,0.91,9.31,4.96,0.6,,,,,8.23,9.8,35.2
Poulton,DY180,Iceland Basin,unpublished,,2024-06-07,124,59.42,-22.61,21.02,8,2.53,MDT,24,455.71,26.45,789.45,138.39,792.11,742.01,0.98,9.38,4.93,0.61,,,,,8.22,9.8,35.2
Poulton,DY180,Iceland Basin,unpublished,,2024-06-07,124,59.42,-22.61,25.89,5,3,MDT,24,174.21,29.9,306,0.5,637.75,607.96,0.98,9.39,4.92,0.6,,,,,8.22,9.8,35.2
Poulton,DY180,Iceland Basin,unpublished,,2024-06-10,156,57.23,-28.34,15.75,66,0.42,MDT,24,163.96,12.07,2665.19,261.48,,,,,,,,,,,,,
Poulton,DY180,Iceland Basin,unpublished,,2024-06-10,156,57.23,-28.34,15.75,38,0.97,MDT,24,377.52,28.23,3185.78,842.2,,,,,,,,,,,,,
Poulton,DY180,Iceland Basin,unpublished,,2024-06-10,156,57.23,-28.34,15.75,21,1.56,MDT,24,243.5,1.2,1787.57,112.1,306.48,298.65,0.59,7.46,1.62,0.49,,,,,8.25,10.8,35.2
Poulton,DY180,Iceland Basin,unpublished,,2024-06-10,156,57.23,-28.35,20.67,8,2.53,MDT,24,107,20.27,668.24,135.59,292.13,276.48,0.74,7.48,1.61,0.48,,,,,8.25,10.8,35.2
Poulton,DY180,Iceland Basin,unpublished,,2024-06-10,156,57.23,-28.35,25.57,5,3,MDT,24,18.13,14.84,319.62,28.25,318.21,310.39,0.77,7.53,1.66,0.49,,,,,8.25,10.7,35.2
Poulton,DY180,Iceland Basin,unpublished,,2024-06-13,191,59.28,-21.96,16.08,66,0.42,MDT,24,1152.91,194.24,4567.43,975.26,,,,,,,,,,,,,
Poulton,DY180,Iceland Basin,unpublished,,2024-06-13,191,59.28,-21.96,16.08,38,0.97,MDT,24,1127.59,266.27,4241.95,708.85,,,,,,,,,,,,,
Poulton,DY180,Iceland Basin,unpublished,,2024-06-13,191,59.28,-21.96,16.08,21,1.56,MDT,24,793.49,186.43,2195.02,288.19,1095.96,1053.76,1.07,8.07,2.95,0.53,,,,,8.24,10.4,35.2
Poulton,DY180,Iceland Basin,unpublished,,2024-06-13,191,59.28,-21.96,20.74,8,2.53,MDT,24,226.56,119.59,738.5,157.62,1015.4,968.08,1.05,8.49,3.22,0.55,,,,,8.24,10.3,35.2
Poulton,DY180,Iceland Basin,unpublished,,2024-06-13,191,59.28,-21.96,27.33,5,3,MDT,24,72.66,27.38,217.27,21.14,384.93,372.14,0.74,9.54,4.29,0.63,,,,,8.23,10,35.2
Poulton,DY180,Iceland Basin,unpublished,,2024-06-16,218,58.99,-24.68,13.91,66,0.42,MDT,24,1643.69,85.58,4053.7,409.68,,,,,,,,,,,,,
Poulton,DY180,Iceland Basin,unpublished,,2024-06-16,218,58.99,-24.68,13.91,38,0.97,MDT,24,1625.76,49.92,5145.7,757.34,,,,,,,,,,,,,
Poulton,DY180,Iceland Basin,unpublished,,2024-06-16,218,58.99,-24.68,13.91,21,1.56,MDT,24,1119.69,171.62,3281.42,936.54,4586.39,4549.63,1.39,6.94,1.44,0.38,,,,,8.26,10.6,35.2
Poulton,DY180,Iceland Basin,unpublished,,2024-06-16,218,58.99,-24.68,21.05,8,2.53,MDT,24,506.52,69.54,1791.28,147.82,2884.39,2876.79,1.08,7.59,1.52,0.44,,,,,8.25,10.1,35.2
Poulton,DY180,Iceland Basin,unpublished,,2024-06-16,218,58.99,-24.67,25.88,5,3,MDT,24,205.64,36.57,470.52,57.47,1788.17,1776.77,0.95,8.36,2.38,0.53,,,,,8.25,9.7,35.2
Poulton,DY180,Iceland Basin,unpublished,,2024-06-18,249,60.26,-21.08,16.2,66,0.42,MDT,24,1833.71,163.94,3849.53,108.6,,,,,,,,,,,,,
Poulton,DY180,Iceland Basin,unpublished,,2024-06-18,249,60.26,-21.08,16.2,38,0.97,MDT,24,1781.4,34.37,3448.39,164.97,,,,,,,,,,,,,
Poulton,DY180,Iceland Basin,unpublished,,2024-06-18,249,60.26,-21.08,16.2,21,1.56,MDT,24,2036.84,457.15,3641.49,869.07,4486.58,4454.48,1.42,7.95,3.73,0.51,,,,,8.24,10.5,35.2
Poulton,DY180,Iceland Basin,unpublished,,2024-06-18,249,60.26,-21.08,22.51,8,2.53,MDT,24,891.86,66.73,1264.57,18.44,3201.21,3166.54,1.22,8.27,4.13,0.56,,,,,8.24,10.3,35.2
Poulton,DY180,Iceland Basin,unpublished,,2024-06-18,249,60.26,-21.08,27.02,5,3,MDT,24,373.06,11.13,803,199.94,2439.75,2407.65,1.13,8.5,4.43,0.58,,,,,8.24,10.1,35.2
Poulton,DY180,Iceland Basin,unpublished,,2024-06-21,274,60.12,-18.92,16.08,66,0.42,MDT,24,468.11,33.67,3169.66,512.78,,,,,,,,,,,,,
Poulton,DY180,Iceland Basin,unpublished,,2024-06-21,274,60.12,-18.92,16.08,38,0.97,MDT,24,422.23,21.1,3397.27,411.09,,,,,,,,,,,,,
Poulton,DY180,Iceland Basin,unpublished,,2024-06-21,274,60.12,-18.92,16.08,21,1.56,MDT,24,276.53,46.29,2290.39,297.68,383.28,362.28,1.33,6.44,0.37,0.39,,,,,8.29,11.3,35.3
Poulton,DY180,Iceland Basin,unpublished,,2024-06-21,274,60.12,-18.92,21.22,8,2.53,MDT,24,130.49,7.86,1208.17,317.55,357.03,338.65,1.3,6.55,0.31,0.39,,,,,8.29,11.3,35.3
Poulton,DY180,Iceland Basin,unpublished,,2024-06-21,274,60.12,-18.92,25.97,5,3,MDT,24,64.05,13.18,591.33,57.07,443.66,421.34,1.29,6.41,0.32,0.4,,,,,8.29,11.3,35.3
Rees,D241,North Sea,"Rees et al., 2002",doi: 10.1016/S0967-0645(02)00063-2,1999-06-18,1803,58.88,3.08,8,33,1.11,Diff,24,210.83,,1550,,,,,0.05,0.07,0.01,,,,,,,
Rees,D241,North Sea,"Rees et al., 2002",doi: 10.1016/S0967-0645(02)00063-2,1999-06-18,1803,58.88,3.08,12,20,1.61,Diff,24,68.33,,1850,,,,,0.03,0.06,0.02,,,,,,,
Rees,D241,North Sea,"Rees et al., 2002",doi: 10.1016/S0967-0645(02)00063-2,1999-06-18,1803,58.88,3.08,15,14,1.97,Diff,24,64.17,,1700,,,,,0.02,0.06,0.02,,,,,,,
Rees,D241,North Sea,"Rees et al., 2002",doi: 10.1016/S0967-0645(02)00063-2,1999-06-18,1803,58.88,3.08,20,7,2.66,Diff,24,5.83,,1390,,,,,0.02,0.03,0.06,,,,,,,
Rees,D241,North Sea,"Rees et al., 2002",doi: 10.1016/S0967-0645(02)00063-2,1999-06-18,1803,58.88,3.08,27,3,3.51,Diff,24,34.17,,4020,,,,,0.01,0.2,0.08,,,,,,,
Rees,D241,North Sea,"Rees et al., 2002",doi: 10.1016/S0967-0645(02)00063-2,1999-06-19,1904,58.83,3.22,0,100,0,Diff,24,77.5,,1730,,,,,0.01,0.05,0.01,,,,,,,
Rees,D241,North Sea,"Rees et al., 2002",doi: 10.1016/S0967-0645(02)00063-2,1999-06-19,1904,58.83,3.22,6,55,0.6,Diff,24,525.83,,1990,,,,,0.01,0.08,0.01,,,,,,,
Rees,D241,North Sea,"Rees et al., 2002",doi: 10.1016/S0967-0645(02)00063-2,1999-06-19,1904,58.83,3.22,11,33,1.11,Diff,24,6.67,,1290,,,,,0.01,0.01,0.03,,,,,,,
Rees,D241,North Sea,"Rees et al., 2002",doi: 10.1016/S0967-0645(02)00063-2,1999-06-19,1904,58.83,3.22,16,20,1.61,Diff,24,32.5,,1330,,,,,0.04,0.01,0.03,,,,,,,
Rees,D241,North Sea,"Rees et al., 2002",doi: 10.1016/S0967-0645(02)00063-2,1999-06-19,1904,58.83,3.22,19,14,1.97,Diff,24,40.83,,1190,,,,,0.04,0.08,0.03,,,,,,,
Rees,D241,North Sea,"Rees et al., 2002",doi: 10.1016/S0967-0645(02)00063-2,1999-06-19,1904,58.83,3.22,34,3,3.51,Diff,24,44.17,,1040,,,,,0.04,0.16,0.06,,,,,,,
Rees,D241,North Sea,"Rees et al., 2002",doi: 10.1016/S0967-0645(02)00063-2,1999-06-19,1904,58.83,3.22,46,1,4.61,Diff,24,24.17,,230,,,,,2.09,0.64,0.31,,,,,,,
Rees,D241,North Sea,"Rees et al., 2002",doi: 10.1016/S0967-0645(02)00063-2,1999-06-21,2103,58.62,3.53,0,100,0,Diff,24,339.17,,2810,,,,,0,,,,,,,,,
Rees,D241,North Sea,"Rees et al., 2002",doi: 10.1016/S0967-0645(02)00063-2,1999-06-21,2103,58.62,3.53,4,55,0.6,Diff,24,312.5,,2770,,,,,0,0.1,0.03,,,,,,,
Rees,D241,North Sea,"Rees et al., 2002",doi: 10.1016/S0967-0645(02)00063-2,1999-06-21,2103,58.62,3.53,7,33,1.11,Diff,24,196.67,,2800,,,,,0.01,0.09,0.03,,,,,,,
Rees,D241,North Sea,"Rees et al., 2002",doi: 10.1016/S0967-0645(02)00063-2,1999-06-21,2103,58.62,3.53,11,20,1.61,Diff,24,286.67,,2930,,,,,0.01,0.1,0.03,,,,,,,
Rees,D241,North Sea,"Rees et al., 2002",doi: 10.1016/S0967-0645(02)00063-2,1999-06-21,2103,58.62,3.53,13,14,1.97,Diff,24,1475.83,,3950,,,,,0.01,0.1,0.03,,,,,,,
Rees,D241,North Sea,"Rees et al., 2002",doi: 10.1016/S0967-0645(02)00063-2,1999-06-21,2103,58.62,3.53,17,7,2.66,Diff,24,615,,2720,,,,,0.01,0.1,0.03,,,,,,,
Rees,D241,North Sea,"Rees et al., 2002",doi: 10.1016/S0967-0645(02)00063-2,1999-06-21,2103,58.62,3.53,23,3,3.51,Diff,24,38.33,,1240,,,,,0.01,0.1,0.04,,,,,,,
Rees,D241,North Sea,"Rees et al., 2002",doi: 10.1016/S0967-0645(02)00063-2,1999-06-21,2103,58.62,3.53,30,1,4.61,Diff,24,135.83,,920,,,,,0.07,0.1,0.06,,,,,,,
Rees,D241,North Sea,"Rees et al., 2002",doi: 10.1016/S0967-0645(02)00063-2,1999-06-22,2204,58.52,3.5,0,100,0,Diff,24,1385.83,,3330,,,,,0.01,,,,,,,,,
Rees,D241,North Sea,"Rees et al., 2002",doi: 10.1016/S0967-0645(02)00063-2,1999-06-22,2204,58.52,3.5,5,55,0.6,Diff,24,32.5,,2510,,,,,0.01,0.71,0,,,,,,,
Rees,D241,North Sea,"Rees et al., 2002",doi: 10.1016/S0967-0645(02)00063-2,1999-06-22,2204,58.52,3.5,10,33,1.11,Diff,24,13.33,,2550,,,,,0.01,0.18,0,,,,,,,
Rees,D241,North Sea,"Rees et al., 2002",doi: 10.1016/S0967-0645(02)00063-2,1999-06-22,2204,58.52,3.5,14,20,1.61,Diff,24,80,,2420,,,,,0.01,0.06,0,,,,,,,
Rees,D241,North Sea,"Rees et al., 2002",doi: 10.1016/S0967-0645(02)00063-2,1999-06-22,2204,58.52,3.5,17,14,1.97,Diff,24,90.83,,2390,,,,,0.01,0.06,0,,,,,,,
Rees,D241,North Sea,"Rees et al., 2002",doi: 10.1016/S0967-0645(02)00063-2,1999-06-22,2204,58.52,3.5,23,7,2.66,Diff,24,23.33,,2390,,,,,0.01,0.06,0.01,,,,,,,
Rees,D241,North Sea,"Rees et al., 2002",doi: 10.1016/S0967-0645(02)00063-2,1999-06-22,2204,58.52,3.5,30,3,3.51,Diff,24,325.83,,2550,,,,,0.01,0.06,0.08,,,,,,,
Rees,D241,North Sea,"Rees et al., 2002",doi: 10.1016/S0967-0645(02)00063-2,1999-06-23,2303,58.43,3.49,0,100,0,Diff,24,43.33,,2460,,,,,0,,,,,,,,,
Rees,D241,North Sea,"Rees et al., 2002",doi: 10.1016/S0967-0645(02)00063-2,1999-06-23,2303,58.43,3.49,5,55,0.6,Diff,24,16.67,,2320,,,,,0,0.07,0.02,,,,,,,
Rees,D241,North Sea,"Rees et al., 2002",doi: 10.1016/S0967-0645(02)00063-2,1999-06-23,2303,58.43,3.49,12,20,1.61,Diff,24,38.33,,2440,,,,,0.01,0.08,0.02,,,,,,,
Rees,D241,North Sea,"Rees et al., 2002",doi: 10.1016/S0967-0645(02)00063-2,1999-06-23,2303,58.43,3.49,20,7,2.66,Diff,24,130,,2000,,,,,0.01,0.09,0.03,,,,,,,
Rees,D241,North Sea,"Rees et al., 2002",doi: 10.1016/S0967-0645(02)00063-2,1999-06-23,2303,58.43,3.49,35,1,4.61,Diff,24,24.17,,400,,,,,0.03,0.17,0.15,,,,,,,
Rees,D241,North Sea,"Rees et al., 2002",doi: 10.1016/S0967-0645(02)00063-2,1999-06-24,2403,58.35,3.47,0,100,0,Diff,24,2.5,,2160,,,,,0.01,,,,,,,,,
Rees,D241,North Sea,"Rees et al., 2002",doi: 10.1016/S0967-0645(02)00063-2,1999-06-24,2403,58.35,3.47,5,55,0.6,Diff,24,221.67,,1880,,,,,0.01,0.1,0.01,,,,,,,
Rees,D241,North Sea,"Rees et al., 2002",doi: 10.1016/S0967-0645(02)00063-2,1999-06-24,2403,58.35,3.47,12,20,1.61,Diff,24,26.67,,1860,,,,,0.03,0.07,0,,,,,,,
Rees,D241,North Sea,"Rees et al., 2002",doi: 10.1016/S0967-0645(02)00063-2,1999-06-24,2403,58.35,3.47,15,14,1.97,Diff,24,66.67,,1720,,,,,0.03,0.07,0,,,,,,,
Rees,D241,North Sea,"Rees et al., 2002",doi: 10.1016/S0967-0645(02)00063-2,1999-06-24,2403,58.35,3.47,20,7,2.66,Diff,24,142.5,,1390,,,,,0.02,0.07,0.01,,,,,,,
Rees,D241,North Sea,"Rees et al., 2002",doi: 10.1016/S0967-0645(02)00063-2,1999-06-26,2603,58.24,3.57,0,100,0,Diff,24,13.33,,1820,,,,,,,,,,,,,,
Rees,D241,North Sea,"Rees et al., 2002",doi: 10.1016/S0967-0645(02)00063-2,1999-06-26,2603,58.24,3.57,5,55,0.6,Diff,24,42.5,,1910,,,,,,,,,,,,,,
Rees,D241,North Sea,"Rees et al., 2002",doi: 10.1016/S0967-0645(02)00063-2,1999-06-26,2603,58.24,3.57,15,14,1.97,Diff,24,43.33,,2080,,,,,,,,,,,,,,
Rees,D241,North Sea,"Rees et al., 2002",doi: 10.1016/S0967-0645(02)00063-2,1999-06-26,2603,58.24,3.57,20,7,2.66,Diff,24,115.83,,1850,,,,,,,,,,,,,,
Rees,D241,North Sea,"Rees et al., 2002",doi: 10.1016/S0967-0645(02)00063-2,1999-06-26,2603,58.24,3.57,27,3,3.51,Diff,24,95,,1890,,,,,,,,,,,,,,
Rees,D241,North Sea,"Rees et al., 2002",doi: 10.1016/S0967-0645(02)00063-2,1999-06-26,2603,58.24,3.57,35,1,4.61,Diff,24,54.17,,260,,,,,,,,,,,,,,
Rees,D241,North Sea,"Rees et al., 2002",doi: 10.1016/S0967-0645(02)00063-2,1999-06-27,2703,58.77,2.67,0,100,0,Diff,24,109.17,,1400,,,,,,,,,,,,,,
Rees,D241,North Sea,"Rees et al., 2002",doi: 10.1016/S0967-0645(02)00063-2,1999-06-27,2703,58.77,2.67,13,14,1.97,Diff,24,216.67,,1850,,,,,,,,,,,,,,
Rees,D241,North Sea,"Rees et al., 2002",doi: 10.1016/S0967-0645(02)00063-2,1999-06-27,2703,58.77,2.67,17,7,2.66,Diff,24,141.67,,1720,,,,,,,,,,,,,,
Rees,D241,North Sea,"Rees et al., 2002",doi: 10.1016/S0967-0645(02)00063-2,1999-06-27,2703,58.77,2.67,23,3,3.51,Diff,24,161.67,,1840,,,,,,,,,,,,,,
Rees,D241,North Sea,"Rees et al., 2002",doi: 10.1016/S0967-0645(02)00063-2,1999-06-28,2803,58.68,2.52,0,100,0,Diff,24,646.67,,2080,,,,,,,,,,,,,,
Rees,D241,North Sea,"Rees et al., 2002",doi: 10.1016/S0967-0645(02)00063-2,1999-06-28,2803,58.68,2.52,5,55,0.6,Diff,24,214.17,,1770,,,,,,,,,,,,,,
Rees,D241,North Sea,"Rees et al., 2002",doi: 10.1016/S0967-0645(02)00063-2,1999-06-28,2803,58.68,2.52,8,33,1.11,Diff,24,94.17,,2040,,,,,,,,,,,,,,
Rees,D241,North Sea,"Rees et al., 2002",doi: 10.1016/S0967-0645(02)00063-2,1999-06-28,2803,58.68,2.52,12,20,1.61,Diff,24,162.5,,1900,,,,,,,,,,,,,,
Rees,D241,North Sea,"Rees et al., 2002",doi: 10.1016/S0967-0645(02)00063-2,1999-06-28,2803,58.68,2.52,15,14,1.97,Diff,24,5.83,,1730,,,,,,,,,,,,,,
Rees,D241,North Sea,"Rees et al., 2002",doi: 10.1016/S0967-0645(02)00063-2,1999-06-28,2803,58.68,2.52,20,7,2.66,Diff,24,9.17,,1870,,,,,,,,,,,,,,
Rees,D241,North Sea,"Rees et al., 2002",doi: 10.1016/S0967-0645(02)00063-2,1999-06-28,2803,58.68,2.52,27,3,3.51,Diff,24,530,,3470,,,,,,,,,,,,,,
Tynan,JR219,Arctic,unpublished,,2010-06-29,I44,80.266,2.919,5,5,3.1,MDT,24,5.3,1.95,181.68,12.53,,,,,,,,,,,,,
Tynan,JR219,Arctic,unpublished,,2010-06-29,I44,80.266,2.919,10,1,4.61,MDT,24,2.16,1.3,28,2.98,,,,,,,,,,,,,
Tynan,JR219,Arctic,unpublished,,2010-07-04,35,79.017,10.701,4,55,0.6,MDT,24,0.8,0.18,384,59.16,,,,,,,,,,,,,
Tynan,JR219,Arctic,unpublished,,2010-07-04,35,79.017,10.701,7,33,1.11,MDT,24,2.14,0.62,400.26,12.37,,,,,,,,,,,,,
Tynan,JR219,Arctic,unpublished,,2010-07-04,35,79.017,10.701,15,14,1.97,MDT,24,0.53,0.3,306.9,61.45,,,,,,,,,,,,,
Tynan,JR219,Arctic,unpublished,,2010-07-04,35,79.017,10.701,26,5,3.1,MDT,24,0.06,0.44,68.81,13.39,,,,,,,,,,,,,
Tynan,JR219,Arctic,unpublished,,2010-07-04,35,79.017,10.701,45,1,4.61,MDT,24,0.71,0.3,12.78,3.59,,,,,,,,,,,,,
Tynan,JR219,Arctic,unpublished,,2010-07-06,43,78.975,6.706,2,80,0.22,MDT,24,46.99,20.57,2004.42,231.96,,,,,,,,,,,,,
Tynan,JR219,Arctic,unpublished,,2010-07-06,43,78.975,6.706,5,55,0.6,MDT,24,52.72,9.32,1316.56,61,,,,,,,,,,,,,
Tynan,JR219,Arctic,unpublished,,2010-07-06,43,78.975,6.706,8,33,1.11,MDT,24,131.98,48.97,1999.99,242.52,,,,,,,,,,,,,
Tynan,JR219,Arctic,unpublished,,2010-07-06,43,78.975,6.706,13,14,1.97,MDT,24,104.81,37.3,2934.73,91.07,,,,,,,,,,,,,
Tynan,JR219,Arctic,unpublished,,2010-07-06,43,78.975,6.706,19,5,3.1,MDT,24,50.94,18.3,1347.42,30.78,,,,,,,,,,,,,
Tynan,JR219,Arctic,unpublished,,2010-07-06,43,78.975,6.706,25,1,4.61,MDT,24,26.07,10.88,179.69,37.57,,,,,,,,,,,,,
Tynan,JR219,Arctic,unpublished,,2010-07-07,UW26,78.199,-0.213,6,55,0.6,MDT,24,6.12,2.46,487.66,14.73,,,,,,,,,,,,,
Tynan,JR219,Arctic,unpublished,,2010-07-08,49,77.772,-5.596,2,55,0.6,MDT,24,3.83,0.84,1120.34,126.97,,,,,,,,,,,,,
Tynan,JR219,Arctic,unpublished,,2010-07-08,49,77.772,-5.596,5,33,1.11,MDT,24,3.66,1.53,1007.91,205.56,,,,,,,,,,,,,
Tynan,JR219,Arctic,unpublished,,2010-07-08,49,77.772,-5.596,9,14,1.97,MDT,24,7.57,4.43,3305.86,230.04,,,,,,,,,,,,,
Tynan,JR219,Arctic,unpublished,,2010-07-08,49,77.772,-5.596,16,5,3.1,MDT,24,2.34,1.23,767.23,65.73,,,,,,,,,,,,,
Tynan,JR219,Arctic,unpublished,,2010-07-08,49,77.772,-5.596,29,1,4.61,MDT,24,4.68,0.65,59.51,9.8,,,,,,,,,,,,,
Tynan,JR219,Arctic,unpublished,,2010-07-09,53,77.604,-6.233,2,80,0.22,MDT,24,0.32,0.19,637.56,44.96,,,,,,,,,,,,,
Tynan,JR219,Arctic,unpublished,,2010-07-09,53,77.604,-6.233,5,55,0.6,MDT,24,0.38,0.6,347.3,18.41,,,,,,,,,,,,,
Tynan,JR219,Arctic,unpublished,,2010-07-09,53,77.604,-6.233,8,33,1.11,MDT,24,0.1,0.2,225.04,8.29,,,,,,,,,,,,,
Tynan,JR219,Arctic,unpublished,,2010-07-10,56,78.283,0,2,80,0.22,MDT,24,9.59,6.86,947.71,23.42,,,,,,,,,,,,,
Tynan,JR219,Arctic,unpublished,,2010-07-10,56,78.283,0,3,55,0.6,MDT,24,3.81,0.98,921.73,50.78,,,,,,,,,,,,,
Tynan,JR219,Arctic,unpublished,,2010-07-10,56,78.283,0,9,33,1.11,MDT,24,35.19,13.26,7859.81,262.32,,,,,,,,,,,,,
Tynan,JR219,Arctic,unpublished,,2010-07-10,56,78.283,0,18,14,1.97,MDT,24,7.53,1.11,2692.78,75.36,,,,,,,,,,,,,
Tynan,JR219,Arctic,unpublished,,2010-07-10,56,78.283,0,27,5,3.1,MDT,24,5.85,4.31,101.08,8.48,,,,,,,,,,,,,
Tynan,JR219,Arctic,unpublished,,2010-07-10,56,78.283,0,50,1,4.61,MDT,24,0.98,0.04,27.89,2.41,,,,,,,,,,,,,
Wal,BLOOM_93,North Sea,"Wal et al., 1995",doi: 10.3354/meps126247,1993-07-01,7,60.58,1.2,2,83,0.19,Ca45,24,250,,2800,,,,,,,,,,,,,,
Wal,BLOOM_93,North Sea,"Wal et al., 1995",doi: 10.3354/meps126247,1993-07-01,7,60.58,1.2,5,63,0.46,Ca45,24,466.67,,2968.75,,,,,,,,,,,,,,
Wal,BLOOM_93,North Sea,"Wal et al., 1995",doi: 10.3354/meps126247,1993-07-01,7,60.58,1.2,10,40,0.92,Ca45,24,320.83,,2200,,,,,,,,,,,,,,
Wal,BLOOM_93,North Sea,"Wal et al., 1995",doi: 10.3354/meps126247,1993-07-01,7,60.58,1.2,15,25,1.39,Ca45,24,383.33,,1280,,,,,,,,,,,,,,
Wal,BLOOM_93,North Sea,"Wal et al., 1995",doi: 10.3354/meps126247,1993-07-01,7,60.58,1.2,27,10,2.3,Ca45,24,11.67,,22.92,,,,,,,,,,,,,,
Wal,BLOOM_93,North Sea,"Wal et al., 1995",doi: 10.3354/meps126247,1993-07-01,7,60.58,1.2,40,2.5,3.69,Ca45,24,18.33,,,,,,,,,,,,,,,,
Wal,BLOOM_93,North Sea,"Wal et al., 1995",doi: 10.3354/meps126247,1993-07-04,12,60.25,0.1,2,83,0.19,Ca45,24,66.67,,6166.67,,,,,,,,,,,,,,
Wal,BLOOM_93,North Sea,"Wal et al., 1995",doi: 10.3354/meps126247,1993-07-04,12,60.25,0.1,5,63,0.46,Ca45,24,83.33,,6666.67,,,,,,,,,,,,,,
Wal,BLOOM_93,North Sea,"Wal et al., 1995",doi: 10.3354/meps126247,1993-07-04,12,60.25,0.1,10,40,0.92,Ca45,24,41.67,,5416.67,,,,,,,,,,,,,,
Wal,BLOOM_93,North Sea,"Wal et al., 1995",doi: 10.3354/meps126247,1993-07-04,12,60.25,0.1,15,25,1.39,Ca45,24,41.67,,3666.67,,,,,,,,,,,,,,
Wal,BLOOM_93,North Sea,"Wal et al., 1995",doi: 10.3354/meps126247,1993-07-04,12,60.25,0.1,25,10,2.3,Ca45,24,10,,666.67,,,,,,,,,,,,,,
Wal,BLOOM_93,North Sea,"Wal et al., 1995",doi: 10.3354/meps126247,1993-07-07,15,60.5,1.45,2,83,0.19,Ca45,24,108.33,,3333.33,,,,,,,,,,,,,,
Wal,BLOOM_93,North Sea,"Wal et al., 1995",doi: 10.3354/meps126247,1993-07-07,15,60.5,1.45,5,63,0.46,Ca45,24,100,,3466.67,,,,,,,,,,,,,,
Wal,BLOOM_93,North Sea,"Wal et al., 1995",doi: 10.3354/meps126247,1993-07-07,15,60.5,1.45,10,40,0.92,Ca45,24,87.5,,2833.33,,,,,,,,,,,,,,
Wal,BLOOM_93,North Sea,"Wal et al., 1995",doi: 10.3354/meps126247,1993-07-07,15,60.5,1.45,15,25,1.39,Ca45,24,66.67,,1629.17,,,,,,,,,,,,,,
Wal,BLOOM_93,North Sea,"Wal et al., 1995",doi: 10.3354/meps126247,1993-07-07,15,60.5,1.45,40,2.5,3.69,Ca45,24,16.67,,,,,,,,,,,,,,,,
Wal,BLOOM_93,North Sea,"Wal et al., 1995",doi: 10.3354/meps126247,1993-07-07,15,60.5,1.45,50,1,4.61,Ca45,24,25,,,,,,,,,,,,,,,,
Wal,BLOOM_93,North Sea,"Wal et al., 1995",doi: 10.3354/meps126247,1993-07-10,19,60.7,0.4,2,83,0.19,Ca45,24,58.33,,4833.33,,,,,,,,,,,,,,
Wal,BLOOM_93,North Sea,"Wal et al., 1995",doi: 10.3354/meps126247,1993-07-10,19,60.7,0.4,5,63,0.46,Ca45,24,66.67,,4526.25,,,,,,,,,,,,,,
Wal,BLOOM_93,North Sea,"Wal et al., 1995",doi: 10.3354/meps126247,1993-07-10,19,60.7,0.4,10,40,0.92,Ca45,24,83.33,,4266.67,,,,,,,,,,,,,,
Wal,BLOOM_93,North Sea,"Wal et al., 1995",doi: 10.3354/meps126247,1993-07-10,19,60.7,0.4,15,25,1.39,Ca45,24,41.67,,3583.33,,,,,,,,,,,,,,
Wal,BLOOM_93,North Sea,"Wal et al., 1995",doi: 10.3354/meps126247,1993-07-10,19,60.7,0.4,25,10,2.3,Ca45,24,27.5,,1356.25,,,,,,,,,,,,,,
Wal,BLOOM_93,North Sea,"Wal et al., 1995",doi: 10.3354/meps126247,1993-07-10,19,60.7,0.4,40,2.5,3.69,Ca45,24,16.67,,100,,,,,,,,,,,,,,
